id,title,date,time,startsAt,price,isFree,location,neighborhood,city,state,sourceUrl
"lacumbuca-bloco-zona-mental-2026-05-28-09-30-lona-hermeto-pascoal-praca-primeiro-de-maio-s","Bloco Zona Mental","2026-05-28","09:30","2026-05-28T09:30:00-03:00","grátis","true","Lona Hermeto Pascoal - Praça Primeiro de Maio, s/n - Bangu","Bangu","Rio de Janeiro","RJ","http://www.lacumbuca.com/"
"lacumbuca-maira-freitas-julia-vargas-mc-marechal-dudu-nobre-awure-nissin-sinfonica-ambulan","Maíra Freitas / Júlia Vargas / MC Marechal / Dudu Nobre / Awurê / Nissin / Sinfônica Ambulante / Multibloco","2026-05-28","16:00","2026-05-28T16:00:00-03:00","grátis","true","Circo Voador - Lapa","Lapa","Rio de Janeiro","RJ","http://www.lacumbuca.com/"
"lacumbuca-cabra-town-jazz-2026-05-28-18-00-al-farabi-rua-do-mercado-34-boulevard-olimpico-","Cabra Town Jazz","2026-05-28","18:00","2026-05-28T18:00:00-03:00","grátis","true","Al Farabi - Rua do Mercado, 34 - Boulevard Olímpico - Praça XV","Praça XV","Rio de Janeiro","RJ","http://www.lacumbuca.com/"
"lacumbuca-claudio-infante-jazz-na-laje-2026-05-28-18-00-centro-cultural-paschoal-carlos-ma","Cláudio Infante (Jazz na Laje)","2026-05-28","18:00","2026-05-28T18:00:00-03:00","grátis","true","Centro Cultural Paschoal Carlos Magno - Rua Lopes Trovão, s/n - Campo de São Bento – Icaraí - Niterói","Niterói","Rio de Janeiro","RJ","http://www.lacumbuca.com/"
"lacumbuca-ebony-larinhx-esquenta-wow-mare-2026-05-28-18-10-centro-de-artes-rua-bitencourt-","Ebony & Larinhx (Esquenta WOW Maré)","2026-05-28","18:10","2026-05-28T18:10:00-03:00","grátis","true","Centro de Artes - Rua Bitencourt Sampaio, 181 - Maré","Maré","Rio de Janeiro","RJ","http://www.lacumbuca.com/"
"lacumbuca-tati-maia-lele-azevedo-2026-05-28-19-00-audio-rebel-rua-visconde-silva-55-botafo","Tati Maia / Lelê Azevedo","2026-05-28","19:00","2026-05-28T19:00:00-03:00","35 antecipado, 45 na hora","false","Audio Rebel - Rua Visconde Silva, 55 - Botafogo","Botafogo","Rio de Janeiro","RJ","http://www.lacumbuca.com/"
"lacumbuca-matu-miranda-participacao-sergio-groove-2026-05-28-19-00-dolores-club-rua-do-lav","Matu Miranda - Participação: Sérgio Groove","2026-05-28","19:00","2026-05-28T19:00:00-03:00","30 meia antecipado, 40 meia na hora","false","Dolores Club - Rua do Lavradio, 10 - Centro","Centro","Rio de Janeiro","RJ","http://www.lacumbuca.com/"
"lacumbuca-luis-carlinhos-2026-05-28-19-00-sesc-ramos-rua-teixeira-franco-38-ramos","Luis Carlinhos","2026-05-28","19:00","2026-05-28T19:00:00-03:00","7,50 meia","false","SESC Ramos - Rua Teixeira Franco, 38 - Ramos","Ramos","Rio de Janeiro","RJ","http://www.lacumbuca.com/"
"lacumbuca-kim-pereira-nicole-cyrne-2026-05-28-19-00-eleninha-rua-pacheco-leao-780-horto","Kim Pereira & Nicole Cyrne","2026-05-28","19:00","2026-05-28T19:00:00-03:00","","false","Eleninha - Rua Pacheco Leão, 780 - Horto","Horto","Rio de Janeiro","RJ","http://www.lacumbuca.com/"
"lacumbuca-casual-art-ensemble-2026-05-28-19-00-escritorio-rua-da-constituicao-64-centro","Casual Art Ensemble","2026-05-28","19:00","2026-05-28T19:00:00-03:00","20","false","Escritório - Rua da Constituição, 64 - Centro","Centro","Rio de Janeiro","RJ","http://www.lacumbuca.com/"
"lacumbuca-elena-ciavaglia-2026-05-28-19-00-indecente-cafe-rua-felicio-dos-santos-3-santa-t","Elena Ciavaglia","2026-05-28","19:00","2026-05-28T19:00:00-03:00","contribuição voluntária","false","Indecente Café - Rua Felício dos Santos, 3 - Santa Teresa","Santa Teresa","Rio de Janeiro","RJ","http://www.lacumbuca.com/"
"lacumbuca-joanna-2026-05-28-19-00-casa-de-cultura-laura-alvim-avenida-vieira-souto-176-ipa","Joanna","2026-05-28","19:00","2026-05-28T19:00:00-03:00","2,50 meia","false","Casa de Cultura Laura Alvim - Avenida Vieira Souto, 176 - Ipanema","Ipanema","Rio de Janeiro","RJ","http://www.lacumbuca.com/"
"lacumbuca-samba-do-orelhao-2026-05-28-19-00-alalao-kiosk-av-vieira-souto-00-ipanema","Samba do Orelhão","2026-05-28","19:00","2026-05-28T19:00:00-03:00","grátis","true","Alalaô Kiosk - Av. Vieira Souto, 00 - Ipanema","Ipanema","Rio de Janeiro","RJ","http://www.lacumbuca.com/"
"lacumbuca-gilson-peranzzetta-participacao-jane-duboc-marcel-powell-mauro-senise-2026-05-28","Gilson Peranzzetta - Participação: Jane Duboc & Marcel Powell & Mauro Senise","2026-05-28","19:30","2026-05-28T19:30:00-03:00","a partir de 50 meia","false","Teatro Rival - Rua Álvaro Alvim, 33 - Cinelândia","Cinelândia","Rio de Janeiro","RJ","http://www.lacumbuca.com/"
"lacumbuca-fernando-moura-2026-05-28-20-00-teatro-ipanema-rua-prudente-de-morais-824-ipanem","Fernando Moura","2026-05-28","20:00","2026-05-28T20:00:00-03:00","60 meia","false","Teatro Ipanema - Rua Prudente de Morais, 824 - Ipanema","Ipanema","Rio de Janeiro","RJ","http://www.lacumbuca.com/"
"lacumbuca-joao-rabello-2026-05-28-20-00-blue-note-rio-avenida-atlantica-1910-copacabana","João Rabello","2026-05-28","20:00","2026-05-28T20:00:00-03:00","a partir de 60 meia","false","Blue Note Rio - Avenida Atlântica, 1910 - Copacabana","Copacabana","Rio de Janeiro","RJ","http://www.lacumbuca.com/"
"lacumbuca-emanazul-jesus-hidalgo-2026-05-28-20-00-manouche-jockey-club-rua-jardim-botanico","Emanazul / Jesús Hidalgo","2026-05-28","20:00","2026-05-28T20:00:00-03:00","120","false","Manouche - Jockey Club - Rua Jardim Botânico, 983 - Jardim Botânico","Jardim Botânico","Rio de Janeiro","RJ","http://www.lacumbuca.com/"
"lacumbuca-arimalance-2026-05-28-20-00-vizinha-123-rua-henrique-de-novaes-123-botafogo","Arimalance","2026-05-28","20:00","2026-05-28T20:00:00-03:00","contribuição voluntária sugerida entre 30 e 80","false","Vizinha 123 - Rua Henrique de Novaes, 123 - Botafogo","Botafogo","Rio de Janeiro","RJ","http://www.lacumbuca.com/"
"lacumbuca-savio-participacao-mariana-volker-lua-yvys-2026-05-28-20-00-casa-julieta-de-serp","Sávio - Participação: Mariana Volker & Luã Yvys","2026-05-28","20:00","2026-05-28T20:00:00-03:00","60 meia","false","Casa Julieta de Serpa - JClub - Praia do Flamengo, 340 - Flamengo","Flamengo","Rio de Janeiro","RJ","http://www.lacumbuca.com/"
"lacumbuca-lis-mc-daflor-made-in-lisa-festa-soul-pixta-insuldesfile-2026-05-28-20-00-pista-","Lis MC / Daflor / Made in Lisa / Festa Soul Pixta (InsulDesfile)","2026-05-28","20:00","2026-05-28T20:00:00-03:00","grátis","true","Pista de Skate - Cocotá - Ilha do Governador","Ilha do Governador","Rio de Janeiro","RJ","http://www.lacumbuca.com/"
"lacumbuca-dj-negralha-antconstantino-festa-quintas-de-vinyl-2026-05-28-20-00-lado-b-rua-pr","DJ Negralha / Antconstantino (Festa Quintas de Vinyl)","2026-05-28","20:00","2026-05-28T20:00:00-03:00","grátis antecipado, 10 normal, 30 na hora","true","Lado B - Rua Primeiro de Março, 14 - Travessa do Comércio - Centro","Centro","Rio de Janeiro","RJ","http://www.lacumbuca.com/"
"lacumbuca-nath-audizio-2026-05-28-21-00-elena-horto-rua-pacheco-leao-758-jardim-botanico","Nath Audízio","2026-05-28","21:00","2026-05-28T21:00:00-03:00","","false","Elena Horto - Rua Pacheco Leão, 758 - Jardim Botânico","Jardim Botânico","Rio de Janeiro","RJ","http://www.lacumbuca.com/"
"lacumbuca-negro-leo-lcuas-2026-05-28-22-00-trauma-rua-do-carmo-58-centro","Negro Leo & Lcuas","2026-05-28","22:00","2026-05-28T22:00:00-03:00","","false","Trauma - Rua do Carmo, 58 - Centro","Centro","Rio de Janeiro","RJ","http://www.lacumbuca.com/"
"lacumbuca-cidade-dormitorio-2026-05-28-22-00-audio-rebel-rua-visconde-silva-55-botafogo","Cidade Dormitório","2026-05-28","22:00","2026-05-28T22:00:00-03:00","35 antecipado","false","Audio Rebel - Rua Visconde Silva, 55 - Botafogo","Botafogo","Rio de Janeiro","RJ","http://www.lacumbuca.com/"
"lacumbuca-avua-bruna-black-jota-pe-festival-masculinidades-2026-05-29-18-00-museu-de-arte-","ÀVUÀ (Bruna Black & Jota.pê) (Festival Masculinidades)","2026-05-29","18:00","2026-05-29T18:00:00-03:00","grátis","true","Museu de Arte do Rio - Praça Mauá, 5 - Centro","Centro","Rio de Janeiro","RJ","http://www.lacumbuca.com/"
"lacumbuca-flavio-venturini-mpbjazz-orquestra-2026-05-29-19-00-theatro-municipal-cinelandia","Flávio Venturini & MPBJazz Orquestra","2026-05-29","19:00","2026-05-29T19:00:00-03:00","a partir de 80 meia","false","Theatro Municipal - Cinelândia - Centro","Centro","Rio de Janeiro","RJ","http://www.lacumbuca.com/"
"lacumbuca-duo-rafael-beck-felipe-montanaro-2026-05-29-19-00-bndes-av-republica-do-chile-10","Duo Rafael Beck & Felipe Montanaro","2026-05-29","19:00","2026-05-29T19:00:00-03:00","grátis","true","BNDES - Av. República do Chile, 100 - Centro","Centro","Rio de Janeiro","RJ","http://www.lacumbuca.com/"
"lacumbuca-abacaxepa-2026-05-29-19-00-dolores-club-rua-do-lavradio-10-centro","Abacaxepa","2026-05-29","19:00","2026-05-29T19:00:00-03:00","25 meia antecipado, 30 meia na hora","false","Dolores Club - Rua do Lavradio, 10 - Centro","Centro","Rio de Janeiro","RJ","http://www.lacumbuca.com/"
"lacumbuca-anna-paes-carlos-chaves-2026-05-29-19-00-centro-cultural-da-justica-federal-av-r","Anna Paes & Carlos Chaves","2026-05-29","19:00","2026-05-29T19:00:00-03:00","25 meia","false","Centro Cultural da Justiça Federal - Av. Rio Branco, 241 - Cinelândia","Cinelândia","Rio de Janeiro","RJ","http://www.lacumbuca.com/"
"lacumbuca-banda-bicho-manco-capac-2026-05-29-19-00-audio-rebel-rua-visconde-silva-55-botaf","Banda Bicho / Manco Capac","2026-05-29","19:00","2026-05-29T19:00:00-03:00","25 antecipado, 35 na hora","false","Audio Rebel - Rua Visconde Silva, 55 - Botafogo","Botafogo","Rio de Janeiro","RJ","http://www.lacumbuca.com/"
"lacumbuca-duo-riso-participacao-jessica-nepomuceno-2026-05-29-19-00-teatro-ruth-de-souza-p","Duo Riso - Participação: Jéssica Nepomuceno","2026-05-29","19:00","2026-05-29T19:00:00-03:00","20 meia","false","Teatro Ruth de Souza - Parque das Ruínas - Rua Murtinho Nobre, 169 - Santa Teresa","Santa Teresa","Rio de Janeiro","RJ","http://www.lacumbuca.com/"
"lacumbuca-jenni-rocha-2026-05-29-19-00-beise-arte-bar-praia-de-botafogo-454-botafogo","Jenni Rocha","2026-05-29","19:00","2026-05-29T19:00:00-03:00","30 antecipado","false","Beise Arte Bar - Praia de Botafogo, 454 - Botafogo","Botafogo","Rio de Janeiro","RJ","http://www.lacumbuca.com/"
"lacumbuca-micanga-afrikano-rataria-nuclear-seasac-mfkim-conexao-z-o-2026-05-29-19-00-lona-","Miçanga / Afrikano / Rataria Nuclear / Seasac & MFKim (Conexão Z.O.)","2026-05-29","19:00","2026-05-29T19:00:00-03:00","grátis","true","Lona Hermeto Pascoal - Praça Primeiro de Maio, s/n - Bangu","Bangu","Rio de Janeiro","RJ","http://www.lacumbuca.com/"
"lacumbuca-coletivo-jahzz-2026-05-29-19-00-indecente-cafe-rua-felicio-dos-santos-3-santa-te","Coletivo Jahzz","2026-05-29","19:00","2026-05-29T19:00:00-03:00","contribuição voluntária","false","Indecente Café - Rua Felício dos Santos, 3 - Santa Teresa","Santa Teresa","Rio de Janeiro","RJ","http://www.lacumbuca.com/"
"lacumbuca-boogarins-2026-05-29-20-00-sesi-jacarepagua-avenida-geremario-dantas-940-fregues","Boogarins","2026-05-29","20:00","2026-05-29T20:00:00-03:00","20 meia","false","SESI Jacarepaguá - Avenida Geremário Dantas, 940 - Freguesia - Jacarepaguá","Jacarepaguá","Rio de Janeiro","RJ","http://www.lacumbuca.com/"
"lacumbuca-ed-motta-manual-pratico-30-anos-amigos-da-cacilda-2026-05-29-20-00-circo-voador-","Ed Motta: ""Manual Prático - 30 Anos"" / Amigos da Cacilda","2026-05-29","20:00","2026-05-29T20:00:00-03:00","90 meia 1º lote","false","Circo Voador - Lapa","Lapa","Rio de Janeiro","RJ","http://www.lacumbuca.com/"
"lacumbuca-mc-nego-bam-djs-2026-05-29-20-00-rock-n-beer-pub-rua-francisco-portela-2438-para","MC Nego Bam / DJs","2026-05-29","20:00","2026-05-29T20:00:00-03:00","20 1º lote","false","Rock´N Beer Pub - Rua Francisco Portela, 2438 - Parada 40 - São Gonçalo","São Gonçalo","Rio de Janeiro","RJ","http://www.lacumbuca.com/"
"lacumbuca-sofia-malta-participacao-natascha-falcao-2026-05-29-20-00-teatro-ipanema-rua-pru","Sofia Malta - Participação: Natascha Falcão","2026-05-29","20:00","2026-05-29T20:00:00-03:00","35 meia","false","Teatro Ipanema - Rua Prudente de Morais, 824 - Ipanema","Ipanema","Rio de Janeiro","RJ","http://www.lacumbuca.com/"
"lacumbuca-catzin-theka-minttt-sexcorp-bruxaria-2026-05-29-20-00-neu-rua-carlos-halfeld-230","Catzin / Theka / MINTTT / SexCorp Bruxaria","2026-05-29","20:00","2026-05-29T20:00:00-03:00","contribuição voluntária","false","Neu - Rua Carlos Halfeld, 230 - Icaraí - Niterói","Niterói","Rio de Janeiro","RJ","http://www.lacumbuca.com/"
"lacumbuca-sergio-krakowski-bernardo-ramos-participacao-erika-ribeiro-2026-05-29-20-00-reci","Sergio Krakowski & Bernardo Ramos - Participação: Erika Ribeiro","2026-05-29","20:00","2026-05-29T20:00:00-03:00","35","false","Recipiente Porongo - Rua Pinheiro Guimarães, 34 - Botafogo","Botafogo","Rio de Janeiro","RJ","http://www.lacumbuca.com/"
"lacumbuca-hora-feliz-2026-05-29-20-00-escritorio-rua-da-constituicao-64-centro","Hora Feliz","2026-05-29","20:00","2026-05-29T20:00:00-03:00","grátis","true","Escritório - Rua da Constituição, 64 - Centro","Centro","Rio de Janeiro","RJ","http://www.lacumbuca.com/"
"lacumbuca-fernando-clark-nico-rezende-2026-05-29-20-30-manouche-jockey-club-rua-jardim-bot","Fernando Clark & Nico Rezende","2026-05-29","20:30","2026-05-29T20:30:00-03:00","80 meia","false","Manouche - Jockey Club - Rua Jardim Botânico, 983 - Jardim Botânico","Jardim Botânico","Rio de Janeiro","RJ","http://www.lacumbuca.com/"
"lacumbuca-matue-brandao-2026-05-29-21-00-fundicao-progresso-lapa","Matuê / Brandão","2026-05-29","21:00","2026-05-29T21:00:00-03:00","180 meia vip 2º lote, 170 meia simples 2º lote","false","Fundição Progresso - Lapa","Lapa","Rio de Janeiro","RJ","http://www.lacumbuca.com/"
"lacumbuca-geraldo-azevedo-2026-05-29-21-00-vivo-rio-av-infante-dom-henrique-85-parque-do-f","Geraldo Azevedo","2026-05-29","21:00","2026-05-29T21:00:00-03:00","a partir de 60 meia","false","Vivo Rio - Av. Infante Dom Henrique, 85 - Parque do Flamengo","Parque do Flamengo","Rio de Janeiro","RJ","http://www.lacumbuca.com/"
"lacumbuca-joazz-djs-festa-fechamento-2026-05-29-21-00-v1d4dur4-beco-de-braganca-26-centro","Joazz / DJs (Festa Fechamento)","2026-05-29","21:00","2026-05-29T21:00:00-03:00","20 antecipado","false","v1d4dur4 - Beco de Bragança, 26 - Centro","Centro","Rio de Janeiro","RJ","http://www.lacumbuca.com/"
"lacumbuca-romeros-2026-05-29-21-00-emporio-encantado-praca-sargento-eudoxio-passos-30-enca","Romeros","2026-05-29","21:00","2026-05-29T21:00:00-03:00","grátis","true","Empório Encantado - Praça Sargento Eudóxio Passos, 30 - Encantado","Encantado","Rio de Janeiro","RJ","http://www.lacumbuca.com/"
"lacumbuca-jamaica-express-adnon-roxedo-2026-05-29-22-00-motocerva-rua-do-rezende-16-lapa","Jamaica Express: Adnon / Roxedo","2026-05-29","22:00","2026-05-29T22:00:00-03:00","15 antecipado, 20 na hora","false","MotoCerva - Rua do Rezende, 16 - Lapa","Lapa","Rio de Janeiro","RJ","http://www.lacumbuca.com/"
"lacumbuca-camerata-uere-festival-imagina-2026-05-30-11-00-parque-de-madureira-rua-soares-c","Camerata Uerê (Festival Imagina!)","2026-05-30","11:00","2026-05-30T11:00:00-03:00","grátis","true","Parque de Madureira - Rua Soares Caldeira, 115 - Madureira","Madureira","Rio de Janeiro","RJ","http://www.lacumbuca.com/"
"lacumbuca-cortejo-do-cordao-do-prata-preta-cortejo-em-frente-ao-armazem-1-feira-preta-fest","Cortejo do Cordão do Prata Preta (cortejo em frente ao Armazém 1) (Feira Preta Festival)","2026-05-30","12:00","2026-05-30T12:00:00-03:00","grátis","true","Palco Zungu - Armazém 1 - Pier Mauá","Pier Mauá","Rio de Janeiro","RJ","http://www.lacumbuca.com/"
"lacumbuca-mauk-garcia-peyote-dj-pedro-serra-2026-05-30-13-00-patas-cafe-rua-almirante-coch","Mauk Garcia / Peyote / DJ Pedro Serra","2026-05-30","13:00","2026-05-30T13:00:00-03:00","grátis","true","Patas Café - Rua Almirante Cochrane, 39 - Tijuca","Tijuca","Rio de Janeiro","RJ","http://www.lacumbuca.com/"
"lacumbuca-the-neon-desert-lotus-negra-zoeste-tribe-2026-05-30-14-00-motoclube-correntes-de","The Neon Desert / Lótus Negra / ZOeste / Tribe","2026-05-30","14:00","2026-05-30T14:00:00-03:00","","false","Motoclube Correntes de Sangue - Avenida Santa Cruz, 2795 - Padre Miguel","Padre Miguel","Rio de Janeiro","RJ","http://www.lacumbuca.com/"
"lacumbuca-terreiro-de-crioulo-2026-05-30-14-00-al-farabi-rua-do-mercado-34-boulevard-olimp","Terreiro de Crioulo","2026-05-30","14:00","2026-05-30T14:00:00-03:00","grátis","true","Al Farabi - Rua do Mercado, 34 - Boulevard Olímpico - Praça XV","Praça XV","Rio de Janeiro","RJ","http://www.lacumbuca.com/"
"lacumbuca-baile-black-bom-sandra-sa-dom-filo-feira-preta-festival-2026-05-30-14-00-palco-p","Baile Black Bom: Sandra Sá & Dom Filó (Feira Preta Festival)","2026-05-30","14:00","2026-05-30T14:00:00-03:00","grátis","true","Palco Pedra do Sal - Armazém Kobra - Pier Mauá","Pier Mauá","Rio de Janeiro","RJ","http://www.lacumbuca.com/"
"lacumbuca-samba-de-ponta-caxambu-do-salgueiro-faz-na-praca-2026-05-30-14-00-praca-saenz-pe","Samba de Ponta / Caxambu do Salgueiro (Faz na Praça)","2026-05-30","14:00","2026-05-30T14:00:00-03:00","grátis","true","Praça Saenz Peña - Tijuca","Tijuca","Rio de Janeiro","RJ","http://www.lacumbuca.com/"
"lacumbuca-conterraneos-2026-05-30-15-00-sesc-nova-iguacu-rua-dom-adriano-hipolito-10-moque","Conterrâneos","2026-05-30","15:00","2026-05-30T15:00:00-03:00","7,50 meia","false","SESC Nova Iguaçu - Rua Dom Adriano Hipólito, 10 - Moquetá - Nova Iguaçu","Nova Iguaçu","Rio de Janeiro","RJ","http://www.lacumbuca.com/"
"lacumbuca-imundos-cara-de-porco-sangria-hellming-2026-05-30-15-00-santissimo-s-rock-beer-a","Imundos / Cara de Porco / Sangria / Hellming","2026-05-30","15:00","2026-05-30T15:00:00-03:00","grátis","true","Santíssimo's Rock & Beer - Avenida Cesário de Melo, 1069 - Campo Grande","Campo Grande","Rio de Janeiro","RJ","http://www.lacumbuca.com/"
"lacumbuca-samba-canela-de-velho-feira-preta-festival-2026-05-30-15-00-palco-zungu-armazem-","Samba Canela de Velho (Feira Preta Festival)","2026-05-30","15:00","2026-05-30T15:00:00-03:00","grátis","true","Palco Zungu - Armazém 1 - Pier Mauá","Pier Mauá","Rio de Janeiro","RJ","http://www.lacumbuca.com/"
"lacumbuca-lia-marcelo-mimoso-lucia-menezes-nosso-bloco-arraial-beneficente-2026-05-30-16-0","Lia / Marcelo Mimoso / Lúcia Menezes / Nosso Bloco (Arraial Beneficente)","2026-05-30","16:00","2026-05-30T16:00:00-03:00","35 meia 2º lote","false","Clube Monte Líbano - Avenida Borges de Medeiros, 701 - Lagoa","Lagoa","Rio de Janeiro","RJ","http://www.lacumbuca.com/"
"lacumbuca-meu-funeral-melton-sello-swave-sudano-venuz-festival-pop-desastre-2026-05-30-16-","Meu Funeral / Melton Sello / Swave / Sudano / Venuz (Festival Pop Desastre)","2026-05-30","16:00","2026-05-30T16:00:00-03:00","40","false","Calabouço - Rua Felipe Camarão, 130 - Tijuca","Tijuca","Rio de Janeiro","RJ","http://www.lacumbuca.com/"
"lacumbuca-apa7fac-jamall-dubeco-diou-vince-bxd-felix-mc-bellator-hellbxd-magrom-leia-fer-p","Apa7fac / Jamall Dubeco / Diou / Vince BXD / Félix / MC Bellator / HellBXD / Magrom / Leia Fer / Pampert (Sarau Marginal PROBXD)","2026-05-30","16:00","2026-05-30T16:00:00-03:00","grátis","true","Espaço BXD In Cena - Rua Prata, 35 - Coelho da Rocha - São João de Meriti","São João de Meriti","Rio de Janeiro","RJ","http://www.lacumbuca.com/"
"lacumbuca-a-barca-do-sol-sessao-de-autografos-do-disco-as-gralhas-2026-05-30-16-00-tropica","A Barca do Sol: Sessão de Autógrafos do Disco ""As Gralhas""","2026-05-30","16:00","2026-05-30T16:00:00-03:00","grátis","true","Tropicália Discos - Rua Sorocaba, 122 - Botafogo","Botafogo","Rio de Janeiro","RJ","http://www.lacumbuca.com/"
"lacumbuca-bia-ferreira-2026-05-30-17-00-casa-museu-eva-klabin-avenida-epitacio-pessoa-2480","Bia Ferreira","2026-05-30","17:00","2026-05-30T17:00:00-03:00","30 meia","false","Casa Museu Eva Klabin - Avenida Epitácio Pessoa, 2480 - Lagoa","Lagoa","Rio de Janeiro","RJ","http://www.lacumbuca.com/"
"lacumbuca-leao-etiope-do-meier-estudeofunk-jefferson-placido-participacao-mv-bill-2026-05-","Leão Etíope do Méier: #EstudeOFunk / Jefferson Plácido - Participação: MV Bill","2026-05-30","17:00","2026-05-30T17:00:00-03:00","grátis","true","Praça Agripino Grieco - Méier","Méier","Rio de Janeiro","RJ","http://www.lacumbuca.com/"
"lacumbuca-biab-2026-05-30-17-00-casa-museu-eva-klabin-avenida-epitacio-pessoa-2480-lagoa","Biab","2026-05-30","17:00","2026-05-30T17:00:00-03:00","40 meia","false","Casa Museu Eva Klabin - Avenida Epitácio Pessoa, 2480 - Lagoa","Lagoa","Rio de Janeiro","RJ","http://www.lacumbuca.com/"
"lacumbuca-josiel-konrad-jazz-proibidiao-participacao-juliane-gamboa-banda-preta-ozcrias-dj","Josiel Konrad & Jazz Proibidião - Participação: Juliane Gamboa / Banda Preta / OZCRIAS / DJs (Feira Preta Festival)","2026-05-30","17:00","2026-05-30T17:00:00-03:00","grátis","true","Palco Zungu - Armazém 1 - Pier Mauá","Pier Mauá","Rio de Janeiro","RJ","http://www.lacumbuca.com/"
"lacumbuca-yma-2026-05-30-18-00-galpao-ladeira-das-artes-rua-conselheiro-lampreia-225-cosme","YMA","2026-05-30","18:00","2026-05-30T18:00:00-03:00","30 meia 1º lote","false","Galpão Ladeira das Artes - Rua Conselheiro Lampreia 225 - Cosme Velho","Cosme Velho","Rio de Janeiro","RJ","http://www.lacumbuca.com/"
"lacumbuca-ze-farias-participacao-tunico-luiz-magalhaes-miguel-herzog-2026-05-30-18-00-inde","Zé Farias - Participação: Tunico & Luiz Magalhães & Miguel Herzog","2026-05-30","18:00","2026-05-30T18:00:00-03:00","contribuição voluntária","false","Indecente Café - Rua Felício dos Santos, 3 - Santa Teresa","Santa Teresa","Rio de Janeiro","RJ","http://www.lacumbuca.com/"
"lacumbuca-callegari-off-dead-obl1ve-santo-insano-black-out-diavolos-festival-coletivo-subs","Callegari / Off Dead / Obl1ve / Santo Insano / Black Out / Diavolos (Festival Coletivo Subsolo)","2026-05-30","18:00","2026-05-30T18:00:00-03:00","contribuição voluntária","false","Empório Encantado - Praça Sargento Eudóxio Passos, 30 - Encantado","Encantado","Rio de Janeiro","RJ","http://www.lacumbuca.com/"
"lacumbuca-mano-teko-festival-imagina-2026-05-30-18-00-parque-de-madureira-rua-soares-calde","Mano Teko (Festival Imagina!)","2026-05-30","18:00","2026-05-30T18:00:00-03:00","grátis","true","Parque de Madureira - Rua Soares Caldeira, 115 - Madureira","Madureira","Rio de Janeiro","RJ","http://www.lacumbuca.com/"
"lacumbuca-nanda-tsunami-barona-tati-quebra-barraco-titica-feira-preta-festival-2026-05-30-","Nanda Tsunami & Barona / Tati Quebra Barraco & Titica (Feira Preta Festival)","2026-05-30","18:30","2026-05-30T18:30:00-03:00","grátis","true","Palco Pedra do Sal - Armazém Kobra - Pier Mauá","Pier Mauá","Rio de Janeiro","RJ","http://www.lacumbuca.com/"
"lacumbuca-anna-paes-carlos-chaves-2026-05-30-19-00-centro-cultural-da-justica-federal-av-r","Anna Paes & Carlos Chaves","2026-05-30","19:00","2026-05-30T19:00:00-03:00","25 meia","false","Centro Cultural da Justiça Federal - Av. Rio Branco, 241 - Cinelândia","Cinelândia","Rio de Janeiro","RJ","http://www.lacumbuca.com/"
"lacumbuca-angelique-black-tears-of-the-fallen-devotee-pagan-throne-black-gate-metal-night-","Angelique / Black Tears of The Fallen / Devotee / Pagan Throne (Black Gate Metal Night)","2026-05-30","19:00","2026-05-30T19:00:00-03:00","15 antecipado","false","Studio B - Av. Henrique Duque Est Mayer, 350 - Posse - Nova Iguaçu","Nova Iguaçu","Rio de Janeiro","RJ","http://www.lacumbuca.com/"
"lacumbuca-boogarins-2026-05-30-19-00-sesi-duque-de-caxias-rua-artur-neiva-100-25-de-agosto","Boogarins","2026-05-30","19:00","2026-05-30T19:00:00-03:00","20 meia","false","SESI Duque de Caxias - Rua Artur Neiva, 100 - 25 de Agosto - Duque de Caxias","Duque de Caxias","Rio de Janeiro","RJ","http://www.lacumbuca.com/"
"lacumbuca-helena-peres-vespera-eliminadorzinho-2026-05-30-19-00-neu-rua-carlos-halfeld-230","Helena Peres / Véspera / Eliminadorzinho","2026-05-30","19:00","2026-05-30T19:00:00-03:00","20 antecipado, 40 na hora","false","Neu - Rua Carlos Halfeld, 230 - Icaraí - Niterói","Niterói","Rio de Janeiro","RJ","http://www.lacumbuca.com/"
"lacumbuca-coice-de-galo-2026-05-30-19-00-jungle-discos-rua-dr-souza-dias-118-niteroi","Coice de Galo","2026-05-30","19:00","2026-05-30T19:00:00-03:00","15 antecipado, 25 1º lote, 30 2º lote","false","Jungle Discos - Rua Dr. Souza Dias, 118 - Niterói","Niterói","Rio de Janeiro","RJ","http://www.lacumbuca.com/"
"lacumbuca-manuca-2026-05-30-19-00-casa-264-rua-general-andrade-neves-264-sao-domingos-nite","Manuca","2026-05-30","19:00","2026-05-30T19:00:00-03:00","10 1º lote, 20 2º lote","false","Casa 264 - Rua General Andrade Neves, 264 - São Domingos - Niterói","Niterói","Rio de Janeiro","RJ","http://www.lacumbuca.com/"
"lacumbuca-janvi-vitorvulgo-servo-claudin-yung-vegan-djs-2026-05-30-19-00-lado-b-rua-primei","Janvi & vitorvulgo / Servo & Claudin / Yung Vegan / DJs","2026-05-30","19:00","2026-05-30T19:00:00-03:00","10 1º lote, 20 2º lote, 30 3º lote, 40 na hora","false","Lado B - Rua Primeiro de Março, 14 - Travessa do Comércio - Centro","Centro","Rio de Janeiro","RJ","http://www.lacumbuca.com/"
"lacumbuca-ze-farias-convida-tunico-2026-05-30-19-00-indecente-cafe-rua-felicio-dos-santos-","Zé Farias Convida Tunico","2026-05-30","19:00","2026-05-30T19:00:00-03:00","contribuição voluntária","false","Indecente Café - Rua Felício dos Santos, 3 - Santa Teresa","Santa Teresa","Rio de Janeiro","RJ","http://www.lacumbuca.com/"
"lacumbuca-la-santa-clave-2026-05-30-19-00-quadra-do-cardosao-rua-cardoso-junior-420-laranj","La Santa Clave","2026-05-30","19:00","2026-05-30T19:00:00-03:00","contribuição voluntária","false","Quadra do Cardosão - Rua Cardoso Júnior, 420 - Laranjeiras","Laranjeiras","Rio de Janeiro","RJ","http://www.lacumbuca.com/"
"lacumbuca-augusto-licks-2026-05-30-19-30-espaco-cenaculo-rua-almirante-tamandare-66-flamen","Augusto Licks","2026-05-30","19:30","2026-05-30T19:30:00-03:00","50 meia","false","Espaço Cenáculo - Rua Almirante Tamandaré, 66 - Flamengo","Flamengo","Rio de Janeiro","RJ","http://www.lacumbuca.com/"
"lacumbuca-clara-santhana-2026-05-30-19-30-teatro-rival-rua-alvaro-alvim-33-cinelandia","Clara Santhana","2026-05-30","19:30","2026-05-30T19:30:00-03:00","a partir de 50 meia","false","Teatro Rival - Rua Álvaro Alvim, 33 - Cinelândia","Cinelândia","Rio de Janeiro","RJ","http://www.lacumbuca.com/"
"lacumbuca-superchunk-2026-05-30-20-00-agyto-avenida-mem-de-sa-66-lapa","Superchunk","2026-05-30","20:00","2026-05-30T20:00:00-03:00","150 meia 1º lote","false","Agyto - Avenida Mem de Sá, 66 - Lapa","Lapa","Rio de Janeiro","RJ","http://www.lacumbuca.com/"
"lacumbuca-aline-paes-bondesom-2026-05-30-20-00-audio-rebel-rua-visconde-silva-55-botafogo","Aline Paes & Bondesom","2026-05-30","20:00","2026-05-30T20:00:00-03:00","40 antecipado, 50 na hora","false","Audio Rebel - Rua Visconde Silva, 55 - Botafogo","Botafogo","Rio de Janeiro","RJ","http://www.lacumbuca.com/"
"lacumbuca-os-garotin-2026-05-30-20-00-circo-voador-lapa","Os Garotin","2026-05-30","20:00","2026-05-30T20:00:00-03:00","100 meia","false","Circo Voador - Lapa","Lapa","Rio de Janeiro","RJ","http://www.lacumbuca.com/"
"lacumbuca-martinho-da-vila-mart-nalia-2026-05-30-21-00-vivo-rio-av-infante-dom-henrique-85","Martinho da Vila & Mart´nália","2026-05-30","21:00","2026-05-30T21:00:00-03:00","a partir de 120 meia","false","Vivo Rio - Av. Infante Dom Henrique, 85 - Parque do Flamengo","Parque do Flamengo","Rio de Janeiro","RJ","http://www.lacumbuca.com/"
"lacumbuca-duquesa-participacao-tasha-tracie-raissa-real-tati-quebra-barraco-md-chefe-mc-lu","Duquesa - Participação: Tasha & Tracie & Raíssa Real & Tati Quebra Barraco & MD Chefe / MC Luanna","2026-05-30","21:00","2026-05-30T21:00:00-03:00","90 meia 2º lote","false","Fundição Progresso - Lapa","Lapa","Rio de Janeiro","RJ","http://www.lacumbuca.com/"
"lacumbuca-veronica-sabino-conexao-rio-2026-05-30-21-00-manouche-jockey-club-rua-jardim-bot","Verônica Sabino & Conexão Rio","2026-05-30","21:00","2026-05-30T21:00:00-03:00","130 meia","false","Manouche - Jockey Club - Rua Jardim Botânico, 983 - Jardim Botânico","Jardim Botânico","Rio de Janeiro","RJ","http://www.lacumbuca.com/"
"lacumbuca-dus-coy-rosetta-2026-05-30-21-00-o-pecado-mora-ao-lado-rua-hilario-ribeiro-196-p","Düs Coy / Rosetta","2026-05-30","21:00","2026-05-30T21:00:00-03:00","18","false","O Pecado Mora Ao Lado - Rua Hilário Ribeiro, 196 - Praça da Bandeira","Praça da Bandeira","Rio de Janeiro","RJ","http://www.lacumbuca.com/"
"lacumbuca-pershephonyx-djs-sala-das-sombras-1-ano-2026-05-30-22-00-diversa-rua-do-rezende-","Pershephonyx / DJs (Sala das Sombras - 1 Ano)","2026-05-30","22:00","2026-05-30T22:00:00-03:00","","false","Diversa - Rua do Rezende, 14 - Lapa","Lapa","Rio de Janeiro","RJ","http://www.lacumbuca.com/"
"lacumbuca-navio-pirata-2026-05-30-22-00-garage-grindhouse-rua-ceara-154-praca-da-bandeira","Navio Pirata","2026-05-30","22:00","2026-05-30T22:00:00-03:00","a partir de 20","false","Garage Grindhouse - Rua Ceará, 154 - Praça da Bandeira","Praça da Bandeira","Rio de Janeiro","RJ","http://www.lacumbuca.com/"
"lacumbuca-cortejo-do-bloco-coracao-das-meninas-cortejo-em-frente-ao-armazem-1-feira-preta-","Cortejo do Bloco Coração das Meninas (cortejo em frente ao Armazém 1) (Feira Preta Festival)","2026-05-31","12:00","2026-05-31T12:00:00-03:00","grátis","true","Palco Zungu - Armazém 1 - Pier Mauá","Pier Mauá","Rio de Janeiro","RJ","http://www.lacumbuca.com/"
"lacumbuca-808-punks-disstantes-micanga-partido-da-classe-perigosa-cariocaos-na-praca-xv-20","808 Punks / Disstantes / Miçanga / Partido da Classe Perigosa (CarioCaos na Praça XV)","2026-05-31","13:00","2026-05-31T13:00:00-03:00","grátis","true","Praça XV - Centro","Centro","Rio de Janeiro","RJ","http://www.lacumbuca.com/"
"lacumbuca-banda-preta-samba-da-cabaca-moca-prosa-orquestra-luna-djs-feira-preta-festival-2","Banda Preta / Samba da Cabaça / Moça Prosa / Orquestra Luna / DJs (Feira Preta Festival)","2026-05-31","13:30","2026-05-31T13:30:00-03:00","grátis","true","Palco Zungu - Armazém 1 - Pier Mauá","Pier Mauá","Rio de Janeiro","RJ","http://www.lacumbuca.com/"
"lacumbuca-rj-encarnado-2-anos-festa-do-boi-garantido-2026-05-31-14-00-casa-carnaval-rua-do","RJ Encarnado - 2 Anos (Festa do Boi Garantido)","2026-05-31","14:00","2026-05-31T14:00:00-03:00","grátis","true","Casa Carnaval - Rua do Mercado, 37 - Arco do Teles - Praça XV","Praça XV","Rio de Janeiro","RJ","http://www.lacumbuca.com/"
"lacumbuca-mc-martina-batalha-de-rap-do-tanque-feira-preta-festival-2026-05-31-14-20-espaco","MC Martina / Batalha de Rap do Tanque (Feira Preta Festival)","2026-05-31","14:20","2026-05-31T14:20:00-03:00","grátis","true","Espaço Ginga - Armazém 1 - Pier Mauá","Pier Mauá","Rio de Janeiro","RJ","http://www.lacumbuca.com/"
"lacumbuca-arraial-da-orquestra-sanfonica-bloco-caramuela-djs-2026-05-31-15-00-quadra-da-al","Arraial da Orquestra Sanfônica: Bloco Caramuela / DJs","2026-05-31","15:00","2026-05-31T15:00:00-03:00","grátis antecipado, 20 1º lote, 30 2º lote, 35 3º lote, 40 na hora","true","Quadra da Alegria de Copacabana - Rua Frei Caneca, 239 - Catumbi","Catumbi","Rio de Janeiro","RJ","http://www.lacumbuca.com/"
"lacumbuca-molho-negro-dani-vallejo-darvin-a-culpa-e-do-carlos-analise-central-festival-pop","Molho Negro / Dani Vallejo / Darvin / A Culpa é do Carlos / Análise Central (Festival Pop Desastre)","2026-05-31","16:00","2026-05-31T16:00:00-03:00","40","false","Calabouço - Rua Felipe Camarão, 130 - Tijuca","Tijuca","Rio de Janeiro","RJ","http://www.lacumbuca.com/"
"lacumbuca-teresa-cristina-participacao-aurea-martins-rita-benneditto-leci-brandao-particip","Teresa Cristina - Participação: Áurea Martins & Rita Benneditto / Leci Brandão - Participação: Marina Íris & Geovana / Awurê & Ayô Tupinambá / DJs (Feira Preta Festival)","2026-05-31","16:00","2026-05-31T16:00:00-03:00","grátis","true","Palco Pedra do Sal - Armazém Kobra - Pier Mauá","Pier Mauá","Rio de Janeiro","RJ","http://www.lacumbuca.com/"
"lacumbuca-t-remotto-gadelha-superdrive-luannova-retrovirus-noctivago-limo-thereza-costa-ju","T-Remotto / Gadelha Superdrive / Luannova / Retrovírus / Noctívago / Limo / Thereza Costa / Jubatata / Flávia Requiem / Amanda Mendonça","2026-05-31","16:00","2026-05-31T16:00:00-03:00","35 2º lote","false","Rock Experience Club - Rua do Riachuelo, 20 - Lapa","Lapa","Rio de Janeiro","RJ","http://www.lacumbuca.com/"
"lacumbuca-capitao-fausto-terno-rei-jovem-dionisio-2026-05-31-17-00-vivo-rio-av-infante-dom","Capitão Fausto / Terno Rei / Jovem Dionísio","2026-05-31","17:00","2026-05-31T17:00:00-03:00","70 meia","false","Vivo Rio - Av. Infante Dom Henrique, 85 - Parque do Flamengo","Parque do Flamengo","Rio de Janeiro","RJ","http://www.lacumbuca.com/"
"lacumbuca-sutil-modelo-novo-vespera-eliminadorzinho-saudade-futebol-clube-2026-05-31-17-00","Sutil Modelo Novo / Véspera / Eliminadorzinho / Saudade Futebol Clube","2026-05-31","17:00","2026-05-31T17:00:00-03:00","25 antecipado, 45 na hora","false","Audio Rebel - Rua Visconde Silva, 55 - Botafogo","Botafogo","Rio de Janeiro","RJ","http://www.lacumbuca.com/"
"lacumbuca-ermos-rakydia-dois-infinitos-batalha-das-bandas-2026-05-31-17-00-planet-music-av","Ermos / Rakydia / Dois Infinitos (Batalha das Bandas)","2026-05-31","17:00","2026-05-31T17:00:00-03:00","10","false","Planet Music - Avenida Ernani Cardoso, 66 - Cascadura","Cascadura","Rio de Janeiro","RJ","http://www.lacumbuca.com/"
"lacumbuca-roda-coco-do-trovador-2026-05-31-17-00-livraria-belle-epoque-rua-soares-50-meier","Roda Coco do Trovador","2026-05-31","17:00","2026-05-31T17:00:00-03:00","grátis","true","Livraria Belle Époque - Rua Soares, 50 - Méier","Méier","Rio de Janeiro","RJ","http://www.lacumbuca.com/"
"lacumbuca-theuxma-sorriso-black-queen-2026-05-31-17-00-firma-ltda-rua-da-candelaria-92-cen","Theuxma / Sorriso / Black Queen","2026-05-31","17:00","2026-05-31T17:00:00-03:00","grátis","true","Firma LTDA. - Rua da Candelária, 92 - Centro","Centro","Rio de Janeiro","RJ","http://www.lacumbuca.com/"
"lacumbuca-andrezao-do-cacique-2026-05-31-18-00-teatro-rival-rua-alvaro-alvim-33-cinelandia","Andrezão do Cacique","2026-05-31","18:00","2026-05-31T18:00:00-03:00","a partir de 60 meia","false","Teatro Rival - Rua Álvaro Alvim, 33 - Cinelândia","Cinelândia","Rio de Janeiro","RJ","http://www.lacumbuca.com/"
"lacumbuca-antonio-neves-2026-04-01-18-00-indecente-cafe-rua-felicio-dos-santos-3-santa-ter","Antonio Neves","2026-04-01","18:00","2026-04-01T18:00:00-03:00","contribuição voluntária","false","Indecente Café - Rua Felício dos Santos, 3 - Santa Teresa","Santa Teresa","Rio de Janeiro","RJ","http://www.lacumbuca.com/"
"lacumbuca-lucas-grill-soul-de-brasileiro-refugio-dos-amores-improvaveis-tranquilo-rj-2026-","Lucas Grill / Soul de Brasileiro / Refúgio dos Amores Improváveis (Tranquilo RJ)","2026-04-01","19:00","2026-04-01T19:00:00-03:00","70 4º lote","false","Casa de Cultura Volta ao Mundo - Rua do Rosário, 24 - Centro","Centro","Rio de Janeiro","RJ","http://www.lacumbuca.com/"
"lacumbuca-trio-rapacuia-participacao-natascha-falcao-diane-terra-2026-04-01-19-00-glorioso","Trio Rapacuia - Participação: Natascha Falcão & Diane Terra","2026-04-01","19:00","2026-04-01T19:00:00-03:00","grátis até 20h30, 20 antecipado, 30 na hora","true","Glorioso Cultural - Rua do Catete, 95 - Catete","Catete","Rio de Janeiro","RJ","http://www.lacumbuca.com/"
"lacumbuca-dimitri-br-2026-04-01-20-00-audio-rebel-rua-visconde-silva-55-botafogo","Dimitri BR","2026-04-01","20:00","2026-04-01T20:00:00-03:00","30 antecipado, 40 na hora","false","Audio Rebel - Rua Visconde Silva, 55 - Botafogo","Botafogo","Rio de Janeiro","RJ","http://www.lacumbuca.com/"
"lacumbuca-avery-sunshine-2026-04-01-20-00-blue-note-rio-avenida-atlantica-1910-copacabana","Avery Sunshine","2026-04-01","20:00","2026-04-01T20:00:00-03:00","a partir de 65 meia","false","Blue Note Rio - Avenida Atlântica, 1910 - Copacabana","Copacabana","Rio de Janeiro","RJ","http://www.lacumbuca.com/"
"lacumbuca-pedro-luis-participacao-davi-moraes-2026-04-01-20-30-manouche-jockey-club-rua-ja","Pedro Luís - Participação: Davi Moraes","2026-04-01","20:30","2026-04-01T20:30:00-03:00","80 meia","false","Manouche - Jockey Club - Rua Jardim Botânico, 983 - Jardim Botânico","Jardim Botânico","Rio de Janeiro","RJ","http://www.lacumbuca.com/"
"lacumbuca-x-alfonso-2026-04-01-22-30-blue-note-rio-avenida-atlantica-1910-copacabana","X Alfonso","2026-04-01","22:30","2026-04-01T22:30:00-03:00","a partir de 60 meia","false","Blue Note Rio - Avenida Atlântica, 1910 - Copacabana","Copacabana","Rio de Janeiro","RJ","http://www.lacumbuca.com/"
"lacumbuca-ellis-silva-trio-2026-04-02-18-00-indecente-cafe-rua-felicio-dos-santos-3-santa-","Ellis Silva Trio","2026-04-02","18:00","2026-04-02T18:00:00-03:00","contribuição voluntária","false","Indecente Café - Rua Felício dos Santos, 3 - Santa Teresa","Santa Teresa","Rio de Janeiro","RJ","http://www.lacumbuca.com/"
"lacumbuca-yumi-park-jean-charnaux-2026-04-02-19-00-dolores-club-rua-do-lavradio-10-centro","Yumi Park & Jean Charnaux","2026-04-02","19:00","2026-04-02T19:00:00-03:00","20 meia antecipado, 30 meia na hora","false","Dolores Club - Rua do Lavradio, 10 - Centro","Centro","Rio de Janeiro","RJ","http://www.lacumbuca.com/"
"lacumbuca-fanfarrada-2026-04-02-19-00-casa-do-choro-rua-da-carioca-38-centro","Fanfarrada","2026-04-02","19:00","2026-04-02T19:00:00-03:00","40 meia","false","Casa do Choro - Rua da Carioca, 38 - Centro","Centro","Rio de Janeiro","RJ","http://www.lacumbuca.com/"
"lacumbuca-gente-estranha-no-jardim-participacao-caxtrinho-2026-04-02-19-00-teatro-raul-cor","Gente Estranha no Jardim - Participação: Caxtrinho","2026-04-02","19:00","2026-04-02T19:00:00-03:00","10 meia","false","Teatro Raul Cortez - Praça da Emancipação - Vila Meriti - Duque de Caxias","Duque de Caxias","Rio de Janeiro","RJ","http://www.lacumbuca.com/"
"lacumbuca-diogo-acosta-participacao-dora-sanches-2026-04-02-19-00-beco-da-cultura-rua-do-m","Diogo Acosta - Participação: Dora Sanches","2026-04-02","19:00","2026-04-02T19:00:00-03:00","contribuição voluntária sugerida a partir de 10","false","Beco da Cultura - Rua do Mercado, 39 - Praça XV","Praça XV","Rio de Janeiro","RJ","http://www.lacumbuca.com/"
"lacumbuca-samba-do-orelhao-2026-04-02-19-00-alalao-kiosk-av-vieira-souto-00-ipanema","Samba do Orelhão","2026-04-02","19:00","2026-04-02T19:00:00-03:00","grátis","true","Alalaô Kiosk - Av. Vieira Souto, 00 - Ipanema","Ipanema","Rio de Janeiro","RJ","http://www.lacumbuca.com/"
"lacumbuca-fred-demarca-participacao-ilessi-diogo-mirandela-2026-04-02-19-30-teatro-rival-r","Fred Demarca - Participação: Ilessi & Diogo Mirandela","2026-04-02","19:30","2026-04-02T19:30:00-03:00","70 meia setor A, 60 meia setor B","false","Teatro Rival - Rua Álvaro Alvim, 33 - Cinelândia","Cinelândia","Rio de Janeiro","RJ","http://www.lacumbuca.com/"
"lacumbuca-2zdinizz-sotam-zero-pacceli-2026-04-02-20-00-circo-voador-lapa","2ZDinizz / Sotam / Zero Pacceli","2026-04-02","20:00","2026-04-02T20:00:00-03:00","INGRESSOS ESGOTADOS","false","Circo Voador - Lapa","Lapa","Rio de Janeiro","RJ","http://www.lacumbuca.com/"
"lacumbuca-caue-nardi-2026-04-02-20-00-audio-rebel-rua-visconde-silva-55-botafogo","Cauê Nardi","2026-04-02","20:00","2026-04-02T20:00:00-03:00","35 antecipado, 45 na hora","false","Audio Rebel - Rua Visconde Silva, 55 - Botafogo","Botafogo","Rio de Janeiro","RJ","http://www.lacumbuca.com/"
"lacumbuca-sam-greenfield-2026-04-02-20-00-blue-note-rio-avenida-atlantica-1910-copacabana","Sam Greenfield","2026-04-02","20:00","2026-04-02T20:00:00-03:00","a partir de 60 meia","false","Blue Note Rio - Avenida Atlântica, 1910 - Copacabana","Copacabana","Rio de Janeiro","RJ","http://www.lacumbuca.com/"
"lacumbuca-pedro-miranda-forro-da-gavea-2026-04-02-22-00-manouche-jockey-club-rua-jardim-bo","Pedro Miranda & Forró da Gávea","2026-04-02","22:00","2026-04-02T22:00:00-03:00","50 meia","false","Manouche - Jockey Club - Rua Jardim Botânico, 983 - Jardim Botânico","Jardim Botânico","Rio de Janeiro","RJ","http://www.lacumbuca.com/"
"lacumbuca-catto-open-air-brasil-2026-04-02-22-20-jockey-club-rua-jardim-botanico-1003-jard","Catto (Open Air Brasil)","2026-04-02","22:20","2026-04-02T22:20:00-03:00","50 meia 2º lote","false","Jockey Club - Rua Jardim Botânico, 1003 - Jardim Botânico","Jardim Botânico","Rio de Janeiro","RJ","http://www.lacumbuca.com/"
"lacumbuca-marcelle-britto-2026-04-03-15-00-al-farabi-rua-do-mercado-34-boulevard-olimpico-","Marcelle Britto","2026-04-03","15:00","2026-04-03T15:00:00-03:00","grátis","true","Al Farabi - Rua do Mercado, 34 - Boulevard Olímpico - Praça XV","Praça XV","Rio de Janeiro","RJ","http://www.lacumbuca.com/"
"lacumbuca-as-beattas-aletheia-yuri-costa-2026-04-03-17-30-audio-rebel-rua-visconde-silva-5","As Beattas / Aletheia / Yuri Costa","2026-04-03","17:30","2026-04-03T17:30:00-03:00","20 1° lote, 25 2° lote, 30 3° lote","false","Audio Rebel - Rua Visconde Silva, 55 - Botafogo","Botafogo","Rio de Janeiro","RJ","http://www.lacumbuca.com/"
"lacumbuca-frederico-heliodoro-2026-04-03-18-00-indecente-cafe-rua-felicio-dos-santos-3-san","Frederico Heliodoro","2026-04-03","18:00","2026-04-03T18:00:00-03:00","contribuição voluntária","false","Indecente Café - Rua Felício dos Santos, 3 - Santa Teresa","Santa Teresa","Rio de Janeiro","RJ","http://www.lacumbuca.com/"
"lacumbuca-rolima-sutil-modelo-novo-2026-04-03-19-00-vizinha-123-rua-henrique-de-novaes-123","Rolimã / Sutil Modelo Novo","2026-04-03","19:00","2026-04-03T19:00:00-03:00","25 antecipado","false","Vizinha 123 - Rua Henrique de Novaes, 123 - Botafogo","Botafogo","Rio de Janeiro","RJ","http://www.lacumbuca.com/"
"lacumbuca-lizza-dias-2026-04-03-19-00-centro-de-referencia-da-musica-carioca-rua-conde-de-","Lizza Dias","2026-04-03","19:00","2026-04-03T19:00:00-03:00","20 meia","false","Centro de Referência da Música Carioca - Rua Conde de Bonfim, 824 - Tijuca","Tijuca","Rio de Janeiro","RJ","http://www.lacumbuca.com/"
"lacumbuca-luedji-luna-luciane-dom-2026-04-03-20-00-circo-voador-lapa","Luedji Luna / Luciane Dom","2026-04-03","20:00","2026-04-03T20:00:00-03:00","INGRESSOS ESGOTADOS","false","Circo Voador - Lapa","Lapa","Rio de Janeiro","RJ","http://www.lacumbuca.com/"
"lacumbuca-mac-demarco-2026-04-03-20-00-espaco-sacadura-154-rua-sacadura-cabral-154-saude","Mac DeMarco","2026-04-03","20:00","2026-04-03T20:00:00-03:00","INGRESSOS ESGOTADOS","false","Espaço Sacadura 154 - Rua Sacadura Cabral, 154 - Saúde","Saúde","Rio de Janeiro","RJ","http://www.lacumbuca.com/"
"lacumbuca-casual-art-ensemble-2026-04-03-20-00-escritorio-rua-da-constituicao-64-centro","Casual Art Ensemble","2026-04-03","20:00","2026-04-03T20:00:00-03:00","15","false","Escritório - Rua da Constituição, 64 - Centro","Centro","Rio de Janeiro","RJ","http://www.lacumbuca.com/"
"lacumbuca-dornika-ali-pek0-votu-2026-04-03-22-00-trauma-rua-do-carmo-58-centro","Dornika / Ali / Pek0 / Votú","2026-04-03","22:00","2026-04-03T22:00:00-03:00","20 antecipado","false","Trauma - Rua do Carmo, 58 - Centro","Centro","Rio de Janeiro","RJ","http://www.lacumbuca.com/"
"lacumbuca-agua-de-moringa-2026-04-04-11-00-bar-do-serginho-rua-dias-de-barros-1-santa-tere","Água de Moringa","2026-04-04","11:00","2026-04-04T11:00:00-03:00","grátis","true","Bar do Serginho - Rua Dias de Barros, 1 - Santa Teresa","Santa Teresa","Rio de Janeiro","RJ","http://www.lacumbuca.com/"
"lacumbuca-leao-etiope-orquestra-sanfonica-bangarang-sound-system-2026-04-04-16-00-praca-ag","Leão Etíope: Orquestra Sanfônica / Bangarang Sound System","2026-04-04","16:00","2026-04-04T16:00:00-03:00","grátis","true","Praça Agripino Grieco - Méier","Méier","Rio de Janeiro","RJ","http://www.lacumbuca.com/"
"lacumbuca-canella-seca-festa-territorio-paralelo-festival-znakeside-2026-04-04-16-00-pista","Canella Seca / Festa Território Paralelo (Festival Znakeside)","2026-04-04","16:00","2026-04-04T16:00:00-03:00","grátis","true","Pista de Skate Snake Maracanã - Avenida Bartolomeu de Gusmão, 453 - São Cristóvão","São Cristóvão","Rio de Janeiro","RJ","http://www.lacumbuca.com/"
"lacumbuca-homobono-alex-frechette-guidi-vieira-2026-04-04-16-00-espaco-cultural-correios-a","Homobono / Alex Frechette & Guidi Vieira","2026-04-04","16:00","2026-04-04T16:00:00-03:00","grátis","true","Espaço Cultural Correios - Avenida Visconde do Rio Branco, 481 - Centro - Niterói","Niterói","Rio de Janeiro","RJ","http://www.lacumbuca.com/"
"lacumbuca-hell-confesso-g-g-g-excrementor-baga-tear-teoria-do-caos-luftslott-turbulencia-c","Hell Confesso / G.G.G. Excrementor / Bagá / Tear / Teoria do Caos / Luftslott (Turbulência Cerebral Fest)","2026-04-04","16:20","2026-04-04T16:20:00-03:00","20 antecipado","false","Garage Grindhouse - Rua Ceará, 154 - Praça da Bandeira","Praça da Bandeira","Rio de Janeiro","RJ","http://www.lacumbuca.com/"
"lacumbuca-slipmami-quavo-veigh-bk-brandao-derek-omni-festival-2026-04-04-17-00-rio-arena-a","Slipmami / Quavo / Veigh / BK´ / Brandão / Derek (Omni Festival)","2026-04-04","17:00","2026-04-04T17:00:00-03:00","310 meia vip, 110 meia simples","false","Rio Arena - Av. Embaixador Abelardo Bueno, 3401 - Barra da Tijuca","Barra da Tijuca","Rio de Janeiro","RJ","http://www.lacumbuca.com/"
"lacumbuca-zeca-veloso-participacao-dora-morelenbaum-xama-gabriele-leite-queremos-festival-","Zeca Veloso - Participação: Dora Morelenbaum & Xamã / Gabriele Leite (Queremos! Festival)","2026-04-04","18:00","2026-04-04T18:00:00-03:00","80 meia","false","Teatro Carlos Gomes - Praça Tiradentes","Praça Tiradentes","Rio de Janeiro","RJ","http://www.lacumbuca.com/"
"lacumbuca-capelloni-2026-04-04-19-00-arena-jovelina-perola-negra-praca-enio-pavuna","Capelloni","2026-04-04","19:00","2026-04-04T19:00:00-03:00","10 meia","false","Arena Jovelina Pérola Negra - Praça Ênio - Pavuna","Pavuna","Rio de Janeiro","RJ","http://www.lacumbuca.com/"
"lacumbuca-savio-2026-04-04-19-00-casa-264-rua-general-andrade-neves-264-sao-domingos-niter","Sávio","2026-04-04","19:00","2026-04-04T19:00:00-03:00","contribuição voluntária a partir de 10","false","Casa 264 - Rua General Andrade Neves, 264 - São Domingos - Niterói","Niterói","Rio de Janeiro","RJ","http://www.lacumbuca.com/"
"lacumbuca-rebento-do-boizinho-2026-04-04-19-00-largo-das-neves-santa-teresa","Rebento do Boizinho","2026-04-04","19:00","2026-04-04T19:00:00-03:00","grátis","true","Largo das Neves - Santa Teresa","Santa Teresa","Rio de Janeiro","RJ","http://www.lacumbuca.com/"
"lacumbuca-daniel-cruz-2026-04-04-19-30-teatro-rival-rua-alvaro-alvim-33-cinelandia","Daniel Cruz","2026-04-04","19:30","2026-04-04T19:30:00-03:00","70 meia setor A, 60 meia setor B","false","Teatro Rival - Rua Álvaro Alvim, 33 - Cinelândia","Cinelândia","Rio de Janeiro","RJ","http://www.lacumbuca.com/"
"lacumbuca-asfixia-social-trama-2026-04-04-19-30-audio-rebel-rua-visconde-silva-55-botafogo","Asfixia Social / Trama","2026-04-04","19:30","2026-04-04T19:30:00-03:00","25 antecipado, 35 na hora","false","Audio Rebel - Rua Visconde Silva, 55 - Botafogo","Botafogo","Rio de Janeiro","RJ","http://www.lacumbuca.com/"
"lacumbuca-luedji-luna-jonathan-ferr-2026-04-04-20-00-circo-voador-lapa","Luedji Luna / Jonathan Ferr","2026-04-04","20:00","2026-04-04T20:00:00-03:00","INGRESSOS ESGOTADOS","false","Circo Voador - Lapa","Lapa","Rio de Janeiro","RJ","http://www.lacumbuca.com/"
"lacumbuca-flagelador-selvageria-whipstriker-apokalyptik-raids-creatures-cidade-nua-festiva","Flagelador / Selvageria / Whipstriker / Apokalyptik Raids / Creatures / Cidade Nua (Festival Arena Headbanger)","2026-04-04","20:00","2026-04-04T20:00:00-03:00","40 meia antecipado, 50 meia na hora","false","Lona Hermeto Pascoal - Praça Primeiro de Maio, s/n - Bangu","Bangu","Rio de Janeiro","RJ","http://www.lacumbuca.com/"
"lacumbuca-a-concha-samambaia-ornamental-jardim-saturno-2026-04-04-20-00-neu-rua-carlos-hal","A Concha / Samambaia Ornamental / Jardim Saturno","2026-04-04","20:00","2026-04-04T20:00:00-03:00","25 antecipado","false","Neu - Rua Carlos Halfeld, 230 - Icaraí - Niterói","Niterói","Rio de Janeiro","RJ","http://www.lacumbuca.com/"
"lacumbuca-dois-infinitos-estranho-eu-hydra-2026-04-04-20-00-diversa-rua-da-carioca-54-cent","Dois Infinitos / Estranho Eu / Hydra","2026-04-04","20:00","2026-04-04T20:00:00-03:00","15 antecipado, 20 na hora","false","Diversa - Rua da Carioca, 54 - Centro","Centro","Rio de Janeiro","RJ","http://www.lacumbuca.com/"
"lacumbuca-pianorquestra-2026-04-04-20-00-blue-note-rio-avenida-atlantica-1910-copacabana","Pianorquestra","2026-04-04","20:00","2026-04-04T20:00:00-03:00","a partir de 60 meia","false","Blue Note Rio - Avenida Atlântica, 1910 - Copacabana","Copacabana","Rio de Janeiro","RJ","http://www.lacumbuca.com/"
"lacumbuca-kilario-afro-baile-2026-04-04-20-00-quadra-da-samol-rua-costa-barros-34-gamboa","Kilariô Afro Baile","2026-04-04","20:00","2026-04-04T20:00:00-03:00","a partir de 15","false","Quadra da Samol - Rua Costa Barros, 34 - Gamboa","Gamboa","Rio de Janeiro","RJ","http://www.lacumbuca.com/"
"lacumbuca-visao-turva-2026-04-04-20-30-o-pecado-mora-ao-lado-rua-hilario-ribeiro-196-praca","Visão Turva","2026-04-04","20:30","2026-04-04T20:30:00-03:00","contribuição voluntária","false","O Pecado Mora Ao Lado - Rua Hilário Ribeiro, 196 - Praça da Bandeira","Praça da Bandeira","Rio de Janeiro","RJ","http://www.lacumbuca.com/"
"lacumbuca-luau-do-boto-marinho-edmilson-dos-teclados-dorina-ze-luiz-do-imperio-2026-04-04-","Luau do Boto Marinho: Edmilson dos Teclados / Dorina / Zé Luiz do Império","2026-04-04","23:00","2026-04-04T23:00:00-03:00","grátis antecipado, 20 normal","true","Paquetá Iate Club - Rua das Gaivotas - Paquetá","Paquetá","Rio de Janeiro","RJ","http://www.lacumbuca.com/"
"lacumbuca-samba-do-andre-diniz-participacao-velha-guarda-da-portela-2026-04-05-14-00-al-fa","Samba do André Diniz - Participação: Velha Guarda da Portela","2026-04-05","14:00","2026-04-05T14:00:00-03:00","grátis","true","Al Farabi - Rua do Mercado, 34 - Boulevard Olímpico - Praça XV","Praça XV","Rio de Janeiro","RJ","http://www.lacumbuca.com/"
"lacumbuca-fitti-pedro-mizutani-queremos-festival-2026-04-05-18-00-teatro-carlos-gomes-prac","Fitti / Pedro Mizutani (Queremos! Festival)","2026-04-05","18:00","2026-04-05T18:00:00-03:00","80 meia","false","Teatro Carlos Gomes - Praça Tiradentes","Praça Tiradentes","Rio de Janeiro","RJ","http://www.lacumbuca.com/"
"lacumbuca-vivendo-do-ocio-drenna-lilhouse-2026-04-05-18-00-rock-experience-club-rua-do-ria","Vivendo do Ócio / Drenna / Lilhouse","2026-04-05","18:00","2026-04-05T18:00:00-03:00","50 meia 1º lote","false","Rock Experience Club - Rua do Riachuelo, 20 - Lapa","Lapa","Rio de Janeiro","RJ","http://www.lacumbuca.com/"
"lacumbuca-project-skyline-ogna-alternaria-2026-04-05-18-00-heavy-beer-bar-rua-ceara-104-pr","Project Skyline / Ogna / Alternaria","2026-04-05","18:00","2026-04-05T18:00:00-03:00","15 antecipado, 20 na hora","false","Heavy Beer Bar - Rua Ceará, 104 - Praça da Bandeira","Praça da Bandeira","Rio de Janeiro","RJ","http://www.lacumbuca.com/"
"lacumbuca-extra-band-cidade-nua-2026-04-05-18-00-garage-grindhouse-rua-ceara-154-praca-da-","Extra Band / Cidade Nüa","2026-04-05","18:00","2026-04-05T18:00:00-03:00","20","false","Garage Grindhouse - Rua Ceará, 154 - Praça da Bandeira","Praça da Bandeira","Rio de Janeiro","RJ","http://www.lacumbuca.com/"
"lacumbuca-quartetinho-toca-djavan-2026-04-05-19-00-blue-note-rio-avenida-atlantica-1910-co","Quartetinho Toca Djavan","2026-04-05","19:00","2026-04-05T19:00:00-03:00","a partir de 60 meia","false","Blue Note Rio - Avenida Atlântica, 1910 - Copacabana","Copacabana","Rio de Janeiro","RJ","http://www.lacumbuca.com/"
"lacumbuca-sturle-dagsland-hidrovoda-2026-04-05-20-00-audio-rebel-rua-visconde-silva-55-bot","Sturle Dagsland / HidroVoda","2026-04-05","20:00","2026-04-05T20:00:00-03:00","40 antecipado, 50 na hora","false","Audio Rebel - Rua Visconde Silva, 55 - Botafogo","Botafogo","Rio de Janeiro","RJ","http://www.lacumbuca.com/"
"lacumbuca-lynyrd-skynyrd-jayler-dirty-honey-2026-04-05-21-30-qualistage-via-parque-shoppin","Lynyrd Skynyrd / Jayler / Dirty Honey","2026-04-05","21:30","2026-04-05T21:30:00-03:00","a partir de 220 meia","false","Qualistage - Via Parque Shopping - Avenida Ayrton Senna, 3000 - Barra da Tijuca","Barra da Tijuca","Rio de Janeiro","RJ","http://www.lacumbuca.com/"
"lacumbuca-jessica-gaspar-open-air-brasil-2026-04-05-22-30-jockey-club-rua-jardim-botanico-","Jéssica Gaspar (Open Air Brasil)","2026-04-05","22:30","2026-04-05T22:30:00-03:00","50 meia 2º lote","false","Jockey Club - Rua Jardim Botânico, 1003 - Jardim Botânico","Jardim Botânico","Rio de Janeiro","RJ","http://www.lacumbuca.com/"
"lacumbuca-nego-alvaro-participacao-moacyr-luz-diogo-nogueira-pretinho-da-serrinha-marina-i","Nego Álvaro - Participação: Moacyr Luz & Diogo Nogueira & Pretinho da Serrinha & Marina Íris & Althayr Veloso & Marcelle Motta","2026-04-06","18:00","2026-04-06T18:00:00-03:00","a partir de 15 meia","false","Theatro Municipal - Cinelândia - Centro","Centro","Rio de Janeiro","RJ","http://www.lacumbuca.com/"
"lacumbuca-troa-participacao-kalebe-2026-04-06-19-30-audio-rebel-rua-visconde-silva-55-bota","Troá - Participação: Kalebe","2026-04-06","19:30","2026-04-06T19:30:00-03:00","35 antecipado, 45 na hora","false","Audio Rebel - Rua Visconde Silva, 55 - Botafogo","Botafogo","Rio de Janeiro","RJ","http://www.lacumbuca.com/"
"lacumbuca-wagner-tiso-2026-04-06-20-00-vinicius-bar-rua-vinicius-de-moraes-39-ipanema","Wagner Tiso","2026-04-06","20:00","2026-04-06T20:00:00-03:00","70 meia","false","Vinícius Bar - Rua Vinícius de Moraes, 39 - Ipanema","Ipanema","Rio de Janeiro","RJ","http://www.lacumbuca.com/"
"lacumbuca-gabriela-leite-sessao-de-autografos-do-disco-gununcho-e-bate-papo-com-clarisse-g","Gabriela Leite: Sessão de Autógrafos do Disco ""Gunûncho"" e Bate-Papo com Clarisse Grova","2026-04-07","18:00","2026-04-07T18:00:00-03:00","grátis","true","Tropicália Discos - Rua Sorocaba, 122 - Botafogo","Botafogo","Rio de Janeiro","RJ","http://www.lacumbuca.com/"
"lacumbuca-mauricio-einhorn-2026-04-07-19-00-sesc-tijuca-r-barao-de-mesquita-539-tijuca","Maurício Einhorn","2026-04-07","19:00","2026-04-07T19:00:00-03:00","7,50 meia","false","SESC Tijuca - R. Barão de Mesquita, 539 - Tijuca","Tijuca","Rio de Janeiro","RJ","http://www.lacumbuca.com/"
"lacumbuca-mawaca-2026-04-07-19-00-espaco-sesc-rua-domingos-ferreira-160-copacabana","Mawaca","2026-04-07","19:00","2026-04-07T19:00:00-03:00","7,50 meia","false","Espaço SESC - Rua Domingos Ferreira, 160 - Copacabana","Copacabana","Rio de Janeiro","RJ","http://www.lacumbuca.com/"
"lacumbuca-choro-batucada-2026-04-07-19-00-glorioso-cultural-rua-do-catete-95-catete","Choro Batucada","2026-04-07","19:00","2026-04-07T19:00:00-03:00","25 promocional, 30 antecipado, 40 na hora","false","Glorioso Cultural - Rua do Catete, 95 - Catete","Catete","Rio de Janeiro","RJ","http://www.lacumbuca.com/"
"lacumbuca-spiritual-jazz-joana-saraiva-bruno-di-lullo-fabio-lima-joao-di-sabatto-2026-04-0","Spiritual Jazz (Joana Saraiva, Bruno di Lullo, Fábio Lima, João di Sabatto)","2026-04-07","19:00","2026-04-07T19:00:00-03:00","","false","Eleninha - Rua Pacheco Leão, 780 - Horto","Horto","Rio de Janeiro","RJ","http://www.lacumbuca.com/"
"lacumbuca-ana-clara-horta-2026-04-07-20-00-audio-rebel-rua-visconde-silva-55-botafogo","Ana Clara Horta","2026-04-07","20:00","2026-04-07T20:00:00-03:00","35 antecipado / 45 na hora","false","Audio Rebel - Rua Visconde Silva, 55 - Botafogo","Botafogo","Rio de Janeiro","RJ","http://www.lacumbuca.com/"
"lacumbuca-dori-caymmi-2026-04-07-20-00-teatro-ipanema-rua-prudente-de-morais-824-ipanema","Dori Caymmi","2026-04-07","20:00","2026-04-07T20:00:00-03:00","INGRESSOS ESGOTADOS","false","Teatro Ipanema - Rua Prudente de Morais, 824 - Ipanema","Ipanema","Rio de Janeiro","RJ","http://www.lacumbuca.com/"
"lacumbuca-ivysson-2026-04-07-20-00-teatro-glaucio-gill-praca-cardeal-arcoverde-s-n-copacab","Ivysson","2026-04-07","20:00","2026-04-07T20:00:00-03:00","INGRESSOS ESGOTADOS","false","Teatro Glaucio Gill - Praça Cardeal Arcoverde, s/n - Copacabana","Copacabana","Rio de Janeiro","RJ","http://www.lacumbuca.com/"
"lacumbuca-loh-intervalo-cultural-2026-04-08-12-30-anfiteatro-junito-brandao-puc-rua-marque","Loh (Intervalo Cultural)","2026-04-08","12:30","2026-04-08T12:30:00-03:00","grátis","true","Anfiteatro Junito Brandão - PUC - Rua Marquês de São Vicente, 225 - Gávea","Gávea","Rio de Janeiro","RJ","http://www.lacumbuca.com/"
"lacumbuca-pedro-zoli-2026-04-08-18-00-esquina-das-ruas-ator-paulo-gustavo-com-pereira-da-s","Pedro Zoli","2026-04-08","18:00","2026-04-08T18:00:00-03:00","grátis","true","Esquina das Ruas Ator Paulo Gustavo com Pereira da Silva - Icaraí - Niterói","Niterói","Rio de Janeiro","RJ","http://www.lacumbuca.com/"
"lacumbuca-antonio-guerra-2026-04-08-18-30-sala-cecilia-meireles-rua-da-lapa-47-lapa","Antônio Guerra","2026-04-08","18:30","2026-04-08T18:30:00-03:00","10 meia","false","Sala Cecília Meireles - Rua da Lapa, 47 - Lapa","Lapa","Rio de Janeiro","RJ","http://www.lacumbuca.com/"
"lacumbuca-kesia-mv-bill-thais-macedo-luciane-dom-marcelle-motta-eliza-rosa-coruja-jenni-ro","Késia / MV Bill / Thais Macedo / Luciane Dom / Marcelle Motta / Eliza Rosa / Coruja / Jenni Rocha (Relíquia Session)","2026-04-08","19:00","2026-04-08T19:00:00-03:00","20 1º lote","false","Casa Savana - Rua Camerino, 162 - Centro","Centro","Rio de Janeiro","RJ","http://www.lacumbuca.com/"
"lacumbuca-evinha-2026-04-08-19-00-teatro-do-sesi-av-graca-aranha-1-centro","Evinha","2026-04-08","19:00","2026-04-08T19:00:00-03:00","INGRESSOS ESGOTADOS","false","Teatro do SESI - Av. Graça Aranha, 1 - Centro","Centro","Rio de Janeiro","RJ","http://www.lacumbuca.com/"
"lacumbuca-antonio-neves-2026-04-08-19-00-indecente-cafe-rua-felicio-dos-santos-3-santa-ter","Antonio Neves","2026-04-08","19:00","2026-04-08T19:00:00-03:00","contribuição voluntária","false","Indecente Café - Rua Felício dos Santos, 3 - Santa Teresa","Santa Teresa","Rio de Janeiro","RJ","http://www.lacumbuca.com/"
"lacumbuca-danni-marinho-2026-04-08-20-00-audio-rebel-rua-visconde-silva-55-botafogo","Danni Marinho","2026-04-08","20:00","2026-04-08T20:00:00-03:00","35 antecipado, 45 na hora","false","Audio Rebel - Rua Visconde Silva, 55 - Botafogo","Botafogo","Rio de Janeiro","RJ","http://www.lacumbuca.com/"
"lacumbuca-cicero-cancoes-de-apartamento-15-anos-2026-04-08-20-30-teatro-casa-grande-av-afr","Cícero: ""Canções de Apartamento"" - 15 Anos","2026-04-08","20:30","2026-04-08T20:30:00-03:00","a partir de 70 meia","false","Teatro Casa Grande - Av. Afrânio de Melo Franco, 290 - Leblon","Leblon","Rio de Janeiro","RJ","http://www.lacumbuca.com/"
"lacumbuca-almerio-quintas-no-bndes-2026-04-09-19-00-bndes-av-republica-do-chile-100-centro","Almério (Quintas no BNDES)","2026-04-09","19:00","2026-04-09T19:00:00-03:00","grátis","true","BNDES - Av. República do Chile, 100 - Centro","Centro","Rio de Janeiro","RJ","http://www.lacumbuca.com/"
"lacumbuca-marcos-hasselmann-neo-trio-tropical-soul-2026-04-09-19-00-dolores-club-rua-do-la","Marcos Hasselmann & Neo Trio Tropical Soul","2026-04-09","19:00","2026-04-09T19:00:00-03:00","30 meia antecipado, 40 meia na hora","false","Dolores Club - Rua do Lavradio, 10 - Centro","Centro","Rio de Janeiro","RJ","http://www.lacumbuca.com/"
"lacumbuca-cantando-para-marley-2026-04-09-19-00-centro-de-referencia-da-musica-carioca-rua","Cantando Para Marley","2026-04-09","19:00","2026-04-09T19:00:00-03:00","5 meia","false","Centro de Referência da Música Carioca - Rua Conde de Bonfim, 824 - Tijuca","Tijuca","Rio de Janeiro","RJ","http://www.lacumbuca.com/"
"lacumbuca-silverio-pontes-2026-04-09-19-00-sesc-ramos-rua-teixeira-franco-38-ramos","Silvério Pontes","2026-04-09","19:00","2026-04-09T19:00:00-03:00","7,50 meia","false","SESC Ramos - Rua Teixeira Franco, 38 - Ramos","Ramos","Rio de Janeiro","RJ","http://www.lacumbuca.com/"
"lacumbuca-acaua-2026-04-09-19-30-espaco-sergio-porto-rua-humaita-163-humaita","Acauã","2026-04-09","19:30","2026-04-09T19:30:00-03:00","30 meia","false","Espaço Sérgio Porto - Rua Humaitá, 163 - Humaitá","Humaitá","Rio de Janeiro","RJ","http://www.lacumbuca.com/"
"lacumbuca-bea-2026-04-09-19-30-teatro-rival-rua-alvaro-alvim-33-cinelandia","Bea","2026-04-09","19:30","2026-04-09T19:30:00-03:00","70 meia setor A, 60 meia setor B","false","Teatro Rival - Rua Álvaro Alvim, 33 - Cinelândia","Cinelândia","Rio de Janeiro","RJ","http://www.lacumbuca.com/"
"lacumbuca-lina-cosmic-lomiranda-os-barra-mansa-rockarioca-convida-2026-04-09-19-30-la-esqu","Lina Cosmic & Lomiranda / Os Barra Mansa (Rockarioca Convida)","2026-04-09","19:30","2026-04-09T19:30:00-03:00","20 1º lote, 30 2º lote","false","La Esquina Bar - Avenida Mem de Sá, 61 - Lapa","Lapa","Rio de Janeiro","RJ","http://www.lacumbuca.com/"
"lacumbuca-amanda-mendonca-2026-04-09-20-00-audio-rebel-rua-visconde-silva-55-botafogo","Amanda Mendonça","2026-04-09","20:00","2026-04-09T20:00:00-03:00","15 meia","false","Audio Rebel - Rua Visconde Silva, 55 - Botafogo","Botafogo","Rio de Janeiro","RJ","http://www.lacumbuca.com/"
"lacumbuca-orquestra-sinfonica-villa-lobos-participacao-wanda-sa-roberto-menescal-alaide-co","Orquestra Sinfônica Villa-Lobos - Participação: Wanda Sá & Roberto Menescal & Alaíde Costa","2026-04-09","20:00","2026-04-09T20:00:00-03:00","a partir de 50 meia","false","Teatro Riachuelo - Rua do Passeio, 40 - Cinelândia","Cinelândia","Rio de Janeiro","RJ","http://www.lacumbuca.com/"
"lacumbuca-linda-ramalho-2026-04-09-20-00-teatro-brigitte-blair-rua-miguel-lemos-51-copacab","Linda Ramalho","2026-04-09","20:00","2026-04-09T20:00:00-03:00","60 meia","false","Teatro Brigitte Blair - Rua Miguel Lemos, 51 - Copacabana","Copacabana","Rio de Janeiro","RJ","http://www.lacumbuca.com/"
"lacumbuca-moreno-veloso-igor-carvalho-2026-04-09-20-00-blue-note-rio-avenida-atlantica-191","Moreno Veloso & Igor Carvalho","2026-04-09","20:00","2026-04-09T20:00:00-03:00","a partir de 60 meia","false","Blue Note Rio - Avenida Atlântica, 1910 - Copacabana","Copacabana","Rio de Janeiro","RJ","http://www.lacumbuca.com/"
"lacumbuca-roda-cultural-da-cdd-lis-mc-dababi-batalha-de-mcs-djs-2026-04-09-20-00-quadra-do","Roda Cultural da CDD: Lis Mc / Dababi / Batalha de MCs / DJs","2026-04-09","20:00","2026-04-09T20:00:00-03:00","grátis","true","Quadra do Lazer - Cidade de Deus","Cidade de Deus","Rio de Janeiro","RJ","http://www.lacumbuca.com/"
"lacumbuca-ava-rocha-2026-04-09-21-00-manouche-jockey-club-rua-jardim-botanico-983-jardim-b","Ava Rocha","2026-04-09","21:00","2026-04-09T21:00:00-03:00","60 meia","false","Manouche - Jockey Club - Rua Jardim Botânico, 983 - Jardim Botânico","Jardim Botânico","Rio de Janeiro","RJ","http://www.lacumbuca.com/"
"lacumbuca-julia-joia-2026-04-09-21-00-elena-horto-rua-pacheco-leao-758-jardim-botanico","Julia Joia","2026-04-09","21:00","2026-04-09T21:00:00-03:00","","false","Elena Horto - Rua Pacheco Leão, 758 - Jardim Botânico","Jardim Botânico","Rio de Janeiro","RJ","http://www.lacumbuca.com/"
"lacumbuca-avellar-love-os-bonobos-2026-04-09-22-30-blue-note-rio-avenida-atlantica-1910-co","Avellar Love & Os Bonobos","2026-04-09","22:30","2026-04-09T22:30:00-03:00","a partir de 60 meia","false","Blue Note Rio - Avenida Atlântica, 1910 - Copacabana","Copacabana","Rio de Janeiro","RJ","http://www.lacumbuca.com/"
"lacumbuca-orquestra-chiquinha-gonzaga-2026-04-10-10-00-teatro-adolpho-bloch-rua-do-russel-","Orquestra Chiquinha Gonzaga","2026-04-10","10:00","2026-04-10T10:00:00-03:00","grátis","true","Teatro Adolpho Bloch - Rua do Russel, 804 - Glória","Glória","Rio de Janeiro","RJ","http://www.lacumbuca.com/"
"lacumbuca-garoto-juca-2026-04-10-14-00-emporio-encantado-praca-sargento-eudoxio-passos-30-","Garoto Juca","2026-04-10","14:00","2026-04-10T14:00:00-03:00","contribuição voluntária","false","Empório Encantado - Praça Sargento Eudóxio Passos, 30 - Encantado","Encantado","Rio de Janeiro","RJ","http://www.lacumbuca.com/"
"lacumbuca-pedro-guinu-2026-04-10-15-00-sesc-madureira-rua-ewbank-da-camara-90-madureira","Pedro Guinu","2026-04-10","15:00","2026-04-10T15:00:00-03:00","7,50 meia","false","SESC Madureira - Rua Ewbank da Câmara, 90 - Madureira","Madureira","Rio de Janeiro","RJ","http://www.lacumbuca.com/"
"lacumbuca-gloria-resto-2026-04-10-19-00-rock-experience-club-rua-do-riachuelo-20-lapa","Glória / Resto","2026-04-10","19:00","2026-04-10T19:00:00-03:00","60 1º lote","false","Rock Experience Club - Rua do Riachuelo, 20 - Lapa","Lapa","Rio de Janeiro","RJ","http://www.lacumbuca.com/"
"lacumbuca-quarteto-atlas-sextas-instrumentais-2026-04-10-19-00-bndes-av-republica-do-chile","Quarteto Atlas (Sextas Instrumentais)","2026-04-10","19:00","2026-04-10T19:00:00-03:00","grátis","true","BNDES - Av. República do Chile, 100 - Centro","Centro","Rio de Janeiro","RJ","http://www.lacumbuca.com/"
"lacumbuca-katia-jorgensen-participacao-nilo-romero-paulo-schwinn-rodrigo-lamore-2026-04-10","Katia Jorgensen - Participação: Nilo Romero / Paulo Schwinn & Rodrigo Lamore","2026-04-10","19:00","2026-04-10T19:00:00-03:00","grátis","true","Baratos da Ribeiro - Rua Dezenove de Fevereiro, 90 - Botafogo","Botafogo","Rio de Janeiro","RJ","http://www.lacumbuca.com/"
"lacumbuca-orquestra-voadora-2026-04-10-19-00-sesc-sao-goncalo-av-pres-kennedy-755-estrela-","Orquestra Voadora","2026-04-10","19:00","2026-04-10T19:00:00-03:00","grátis","true","SESC São Gonçalo - Av. Pres. Kennedy, 755 - Estrela do Norte - São Gonçalo","São Gonçalo","Rio de Janeiro","RJ","http://www.lacumbuca.com/"
"lacumbuca-rafael-portella-quarteto-2026-04-10-19-00-indecente-cafe-rua-felicio-dos-santos-","Rafael Portella Quarteto","2026-04-10","19:00","2026-04-10T19:00:00-03:00","contribuição voluntária","false","Indecente Café - Rua Felício dos Santos, 3 - Santa Teresa","Santa Teresa","Rio de Janeiro","RJ","http://www.lacumbuca.com/"
"lacumbuca-kim-pereira-trio-nath-audizio-2026-04-10-19-00-eleninha-rua-pacheco-leao-780-hor","Kim Pereira Trio & Nath Audizio","2026-04-10","19:00","2026-04-10T19:00:00-03:00","","false","Eleninha - Rua Pacheco Leão, 780 - Horto","Horto","Rio de Janeiro","RJ","http://www.lacumbuca.com/"
"lacumbuca-cida-moreira-2026-04-10-19-30-teatro-rival-rua-alvaro-alvim-33-cinelandia","Cida Moreira","2026-04-10","19:30","2026-04-10T19:30:00-03:00","70 meia setor A, 60 meia setor B","false","Teatro Rival - Rua Álvaro Alvim, 33 - Cinelândia","Cinelândia","Rio de Janeiro","RJ","http://www.lacumbuca.com/"
"lacumbuca-japanese-grind-ozymandias-economic-freedom-fighters-sinkin-2026-04-10-19-30-estu","Japanese Grind / Ozymandias / Economic Freedom Fighters / SinKin","2026-04-10","19:30","2026-04-10T19:30:00-03:00","17 antecipado","false","Estúdio Hanoi - Rua Paulo Barreto, 16 - Botafogo","Botafogo","Rio de Janeiro","RJ","http://www.lacumbuca.com/"
"lacumbuca-tem-mas-acabou-brita-2026-04-10-20-00-audio-rebel-rua-visconde-silva-55-botafogo","Tem Mas Acabou / Brita","2026-04-10","20:00","2026-04-10T20:00:00-03:00","25 antecipado / 30 na hora","false","Audio Rebel - Rua Visconde Silva, 55 - Botafogo","Botafogo","Rio de Janeiro","RJ","http://www.lacumbuca.com/"
"lacumbuca-greentea-peng-so-pedrada-musical-queremos-festival-2026-04-10-20-00-circo-voador","Greentea Peng / Só Pedrada Musical (Queremos! Festival)","2026-04-10","20:00","2026-04-10T20:00:00-03:00","150 meia 1º lote","false","Circo Voador - Lapa","Lapa","Rio de Janeiro","RJ","http://www.lacumbuca.com/"
"lacumbuca-dread-lion-2026-04-10-20-00-quiosque-5-proximo-ao-heliponto-avenida-borges-de-me","Dread Lion","2026-04-10","20:00","2026-04-10T20:00:00-03:00","a partir de 60","false","Quiosque 5 - Próximo ao Heliponto - Avenida Borges de Medeiros - Lagoa","Lagoa","Rio de Janeiro","RJ","http://www.lacumbuca.com/"
"lacumbuca-fernando-leitzke-candombaile-2026-04-10-20-00-glorioso-cultural-rua-do-catete-95","Fernando Leitzke & Candombaile","2026-04-10","20:00","2026-04-10T20:00:00-03:00","25 1º lote","false","Glorioso Cultural - Rua do Catete, 95 - Catete","Catete","Rio de Janeiro","RJ","http://www.lacumbuca.com/"
"lacumbuca-barbudos-malaios-linha-chilena-ourico-2026-04-10-20-00-neu-rua-carlos-halfeld-23","Barbudos Malaios / Linha Chilena / ouriço","2026-04-10","20:00","2026-04-10T20:00:00-03:00","20 1º lote, 25 2º lote","false","Neu - Rua Carlos Halfeld, 230 - Icaraí - Niterói","Niterói","Rio de Janeiro","RJ","http://www.lacumbuca.com/"
"lacumbuca-natalia-voss-edu-krieger-2026-04-10-20-00-sala-nelson-pereira-dos-santos-av-visc","Natalia Voss & Edu Krieger","2026-04-10","20:00","2026-04-10T20:00:00-03:00","45 meia","false","Sala Nelson Pereira dos Santos - Av. Visconde do Rio Branco, 880 - São Domingos - Niterói","Niterói","Rio de Janeiro","RJ","http://www.lacumbuca.com/"
"lacumbuca-bilhete-blues-30-anos-2026-04-10-20-00-roxx-music-bar-rua-coronel-serrado-926-ze","Bilhete Blues: 30 Anos","2026-04-10","20:00","2026-04-10T20:00:00-03:00","20","false","Roxx Music Bar - Rua Coronel Serrado, 926 - Zé Garoto - São Gonçalo","São Gonçalo","Rio de Janeiro","RJ","http://www.lacumbuca.com/"
"lacumbuca-malditos-errantes-2026-04-10-20-00-emporio-encantado-praca-sargento-eudoxio-pass","Malditos Errantes","2026-04-10","20:00","2026-04-10T20:00:00-03:00","contribuição voluntária","false","Empório Encantado - Praça Sargento Eudóxio Passos, 30 - Encantado","Encantado","Rio de Janeiro","RJ","http://www.lacumbuca.com/"
"lacumbuca-saimon-participacao-mayana-lohanna-alves-jez-2026-04-10-20-00-espaco-bxd-in-cena","Saimon - Participação: Mayana & Lohanna Alves & Jez","2026-04-10","20:00","2026-04-10T20:00:00-03:00","","false","Espaço BXD In Cena - Rua Prata, 35 - Coelho da Rocha - São João de Meriti","São João de Meriti","Rio de Janeiro","RJ","http://www.lacumbuca.com/"
"lacumbuca-jesse-harris-2026-04-10-21-00-manouche-jockey-club-rua-jardim-botanico-983-jardi","Jesse Harris","2026-04-10","21:00","2026-04-10T21:00:00-03:00","80 meia","false","Manouche - Jockey Club - Rua Jardim Botânico, 983 - Jardim Botânico","Jardim Botânico","Rio de Janeiro","RJ","http://www.lacumbuca.com/"
"lacumbuca-drama-negrayscow-2026-04-10-21-00-o-pecado-mora-ao-lado-rua-hilario-ribeiro-196-","Drama / Negrayscow","2026-04-10","21:00","2026-04-10T21:00:00-03:00","15 antecipado, 20 na hora","false","O Pecado Mora Ao Lado - Rua Hilário Ribeiro, 196 - Praça da Bandeira","Praça da Bandeira","Rio de Janeiro","RJ","http://www.lacumbuca.com/"
"lacumbuca-roda-de-jamba-digital-popular-2026-04-10-22-00-casa-groov-rua-salinopolis-285-ta","Roda de Jamba / Digital Popular","2026-04-10","22:00","2026-04-10T22:00:00-03:00","contribuição voluntária","false","Casa Groov - Rua Salinópolis, 285 - Taquara - Jacarepaguá","Jacarepaguá","Rio de Janeiro","RJ","http://www.lacumbuca.com/"
"lacumbuca-orquestra-jovem-da-guanabara-2026-04-11-10-00-teatro-adolpho-bloch-rua-do-russel","Orquestra Jovem da Guanabara","2026-04-11","10:00","2026-04-11T10:00:00-03:00","grátis","true","Teatro Adolpho Bloch - Rua do Russel, 804 - Glória","Glória","Rio de Janeiro","RJ","http://www.lacumbuca.com/"
"lacumbuca-roda-de-choro-taruira-2026-04-11-15-00-sesc-nova-iguacu-rua-dom-adriano-hipolito","Roda de Choro Taruíra","2026-04-11","15:00","2026-04-11T15:00:00-03:00","5 meia","false","SESC Nova Iguaçu - Rua Dom Adriano Hipólito, 10 - Moquetá - Nova Iguaçu","Nova Iguaçu","Rio de Janeiro","RJ","http://www.lacumbuca.com/"
"lacumbuca-barbatuques-2026-04-11-16-00-sesc-niteroi-rua-padre-anchieta-56-sao-domingos-nit","Barbatuques","2026-04-11","16:00","2026-04-11T16:00:00-03:00","7,50 meia","false","SESC Niterói - Rua Padre Anchieta, 56 - São Domingos - Niterói","Niterói","Rio de Janeiro","RJ","http://www.lacumbuca.com/"
"lacumbuca-meta-golova-caxtrinho-mbe-lcuas-nao-venha-sem-rosto-da-bomb-djs-festival-micro-t","Meta Golova / Caxtrinho & Mbé & Lcuas / Não Venha Sem Rosto / Da Bomb / DJs (Festival Micro Trauma)","2026-04-11","16:00","2026-04-11T16:00:00-03:00","grátis até 21h, 25 após","true","Trauma - Rua do Carmo, 58 - Centro","Centro","Rio de Janeiro","RJ","http://www.lacumbuca.com/"
"lacumbuca-soul-ii-soul-ceu-fernanda-abreu-jayda-g-melly-jonathan-ferr-gaby-amarantos-viadu","Soul II Soul / Céu / Fernanda Abreu / Jayda G / Melly / Jonathan Ferr / Gaby Amarantos / Viaduto de Madureira DJ Set (Queremos! Festival)","2026-04-11","17:00","2026-04-11T17:00:00-03:00","180 meia 1º lote","false","Vivo Rio - Av. Infante Dom Henrique, 85 - Parque do Flamengo","Parque do Flamengo","Rio de Janeiro","RJ","http://www.lacumbuca.com/"
"lacumbuca-ifatoki-maira-freitas-2026-04-11-17-00-casa-museu-eva-klabin-avenida-epitacio-pe","Ifatoki (Maíra Freitas)","2026-04-11","17:00","2026-04-11T17:00:00-03:00","30 meia","false","Casa Museu Eva Klabin - Avenida Epitácio Pessoa, 2480 - Lagoa","Lagoa","Rio de Janeiro","RJ","http://www.lacumbuca.com/"
"lacumbuca-abertura-da-exposicao-do-rafael-plaisant-djs-2026-04-11-17-00-rato-branko-rua-jo","Abertura da Exposição do Rafael Plaisant: DJs","2026-04-11","17:00","2026-04-11T17:00:00-03:00","grátis","true","Rato BranKo - Rua Joaquim Silva, 71 - Lapa","Lapa","Rio de Janeiro","RJ","http://www.lacumbuca.com/"
"lacumbuca-jefferson-placido-participacao-otto-2026-04-11-17-00-ccbb-espaco-conceito-rua-pr","Jefferson Plácido - Participação: Otto","2026-04-11","17:00","2026-04-11T17:00:00-03:00","grátis","true","CCBB - Espaço Conceito - Rua Primeiro de Março, 66 / Térreo - Centro","Centro","Rio de Janeiro","RJ","http://www.lacumbuca.com/"
"lacumbuca-chucky-ramirez-os-traidores-do-movimento-manunkind-laggus-invernia-ceiffador-car","Chucky Ramirez & Os Traidores do Movimento / Manunkind / Laggus / Invernia / Ceiffador / Cara de Porco (Supremo Rock Fest)","2026-04-11","18:00","2026-04-11T18:00:00-03:00","20 meia 1º lote","false","Arena Gilberto Gil - Av. Marechal Fontenelle, 5000 - Realengo","Realengo","Rio de Janeiro","RJ","http://www.lacumbuca.com/"
"lacumbuca-ratazanas-insanas-quedalivre-a-concha-cidade-curupira-barbudos-malaios-2026-04-1","Ratazanas Insanas / quedalivre / A Concha / Cidade Curupira / Barbudos Malaios","2026-04-11","18:00","2026-04-11T18:00:00-03:00","20","false","Bar da Gentalha - Rua General Osório, 11 - São Domingos - Niterói","Niterói","Rio de Janeiro","RJ","http://www.lacumbuca.com/"
"lacumbuca-worst-okinawa-bullets-pavio-cervical-ataque-periferico-cliva-forca-honra-bk-81-s","Worst / Okinawa Bullets / Pavio / Cervical / Ataque Periférico / Cliva / Força & Honra / BK-81 / Stay Safe / Horda","2026-04-11","18:00","2026-04-11T18:00:00-03:00","40 1º lote","false","Garage Grindhouse - Rua Ceará, 154 - Praça da Bandeira","Praça da Bandeira","Rio de Janeiro","RJ","http://www.lacumbuca.com/"
"lacumbuca-vitor-brauer-o-olmo-da-bruxa-2026-04-11-19-00-redoma-rua-do-rosario-82-centro","Vitor Brauer & O Olmo da Bruxa","2026-04-11","19:00","2026-04-11T19:00:00-03:00","50 3º lote","false","Redoma - Rua do Rosário, 82 - Centro","Centro","Rio de Janeiro","RJ","http://www.lacumbuca.com/"
"lacumbuca-rodrigo-sha-alfredo-del-penho-bossacucanova-festival-o-que-move-voce-2026-04-11-","Rodrigo Sha & Alfredo Del-Penho / Bossacucanova (Festival O Que Move Você?)","2026-04-11","19:00","2026-04-11T19:00:00-03:00","grátis","true","Cidade das Artes - Grande Sala - Avenida das Américas, 5300 - Barra da Tijuca","Barra da Tijuca","Rio de Janeiro","RJ","http://www.lacumbuca.com/"
"lacumbuca-nabisi-2026-04-11-19-00-jungle-discos-rua-dr-souza-dias-118-niteroi","Nabisi","2026-04-11","19:00","2026-04-11T19:00:00-03:00","20 1º lote, 25 2º lote","false","Jungle Discos - Rua Dr. Souza Dias, 118 - Niterói","Niterói","Rio de Janeiro","RJ","http://www.lacumbuca.com/"
"lacumbuca-ze-farias-participacao-tunico-miguel-herzog-luis-magalhaes-2026-04-11-19-00-inde","Zé Farias - Participação: Tunico & Miguel Herzog & Luís Magalhães","2026-04-11","19:00","2026-04-11T19:00:00-03:00","contribuição voluntária","false","Indecente Café - Rua Felício dos Santos, 3 - Santa Teresa","Santa Teresa","Rio de Janeiro","RJ","http://www.lacumbuca.com/"
"lacumbuca-punkeando-raul-os-cowboys-fora-da-lei-2026-04-11-19-00-stigmata-studio-travessa-","Punkeando Raul / Os Cowboys Fora da Lei","2026-04-11","19:00","2026-04-11T19:00:00-03:00","grátis","true","Stigmata Studio - Travessa do Comércio, 16 - Arco do Teles - Praça XV","Praça XV","Rio de Janeiro","RJ","http://www.lacumbuca.com/"
"lacumbuca-cida-moreira-2026-04-11-19-30-teatro-rival-rua-alvaro-alvim-33-cinelandia","Cida Moreira","2026-04-11","19:30","2026-04-11T19:30:00-03:00","70 meia setor A, 60 meia setor B","false","Teatro Rival - Rua Álvaro Alvim, 33 - Cinelândia","Cinelândia","Rio de Janeiro","RJ","http://www.lacumbuca.com/"
"lacumbuca-braza-helio-bentes-selecta-dj-tamenpi-2026-04-11-20-00-circo-voador-lapa","Braza / Hélio Bentes / Selecta & DJ Tamenpi","2026-04-11","20:00","2026-04-11T20:00:00-03:00","70 meia 1º lote","false","Circo Voador - Lapa","Lapa","Rio de Janeiro","RJ","http://www.lacumbuca.com/"
"lacumbuca-fraca-ultimos-diaz-fardo-austera-2026-04-11-20-00-o-pecado-mora-ao-lado-rua-hila","Fraca / Últimos Diaz / Fardo / Austera","2026-04-11","20:00","2026-04-11T20:00:00-03:00","25 1º lote, 35 2º lote, 45 3º lote","false","O Pecado Mora Ao Lado - Rua Hilário Ribeiro, 196 - Praça da Bandeira","Praça da Bandeira","Rio de Janeiro","RJ","http://www.lacumbuca.com/"
"lacumbuca-domenico-botelho-2026-04-11-20-00-audio-rebel-rua-visconde-silva-55-botafogo","Domenico Botelho","2026-04-11","20:00","2026-04-11T20:00:00-03:00","40 meia","false","Audio Rebel - Rua Visconde Silva, 55 - Botafogo","Botafogo","Rio de Janeiro","RJ","http://www.lacumbuca.com/"
"lacumbuca-zimbra-sound-bullet-carolina-andrade-2026-04-11-20-00-cordao-da-bola-preta-rua-d","Zimbra / Sound Bullet / Carolina Andrade","2026-04-11","20:00","2026-04-11T20:00:00-03:00","60 meia 1º lote","false","Cordão da Bola Preta - Rua da Relação, 3 - Lapa","Lapa","Rio de Janeiro","RJ","http://www.lacumbuca.com/"
"lacumbuca-facing-fear-2026-04-11-20-00-heavy-beer-bar-rua-ceara-104-praca-da-bandeira","Facing Fear","2026-04-11","20:00","2026-04-11T20:00:00-03:00","15 antecipado","false","Heavy Beer Bar - Rua Ceará, 104 - Praça da Bandeira","Praça da Bandeira","Rio de Janeiro","RJ","http://www.lacumbuca.com/"
"lacumbuca-drogma-david-beat-leticia-camaleao-2026-04-11-20-00-escritorio-rua-da-constituic","Drogma / David Beat / Letícia Camaleão","2026-04-11","20:00","2026-04-11T20:00:00-03:00","15 antecipado, 25 na hora","false","Escritório - Rua da Constituição, 64 - Centro","Centro","Rio de Janeiro","RJ","http://www.lacumbuca.com/"
"lacumbuca-betin-2026-04-11-20-00-espaco-bxd-in-cena-rua-prata-35-coelho-da-rocha-sao-joao-","Betin","2026-04-11","20:00","2026-04-11T20:00:00-03:00","grátis","true","Espaço BXD In Cena - Rua Prata, 35 - Coelho da Rocha - São João de Meriti","São João de Meriti","Rio de Janeiro","RJ","http://www.lacumbuca.com/"
"lacumbuca-cidade-negra-2026-04-11-21-00-fundicao-progresso-lapa","Cidade Negra","2026-04-11","21:00","2026-04-11T21:00:00-03:00","160 meia pista vip 2º lote, 120 meia pista simples 2º lote","false","Fundição Progresso - Lapa","Lapa","Rio de Janeiro","RJ","http://www.lacumbuca.com/"
"lacumbuca-laylah-arruda-meu-rei-sound-system-tagu-selecta-vibration-move-ya-sound-rio-dub-","Laylah Arruda / Meu Rei Sound System / Tagu Selecta Vibration / Move Ya! Sound (Rio Dub Session)","2026-04-11","21:00","2026-04-11T21:00:00-03:00","20 antecipado","false","Havana 59 - Rua do Lavradio, 168 - Lapa","Lapa","Rio de Janeiro","RJ","http://www.lacumbuca.com/"
"lacumbuca-ivan-lins-2026-04-11-21-30-qualistage-via-parque-shopping-avenida-ayrton-senna-3","Ivan Lins","2026-04-11","21:30","2026-04-11T21:30:00-03:00","a partir de 110 meia","false","Qualistage - Via Parque Shopping - Avenida Ayrton Senna, 3000 - Barra da Tijuca","Barra da Tijuca","Rio de Janeiro","RJ","http://www.lacumbuca.com/"
"lacumbuca-compay-oliveira-o-mutirao-recreativo-balanco-oculto-digital-mandinga-2026-04-11-","Compay Oliveira & O Mutirão Recreativo Balanço Oculto / Digital Mandinga","2026-04-11","22:00","2026-04-11T22:00:00-03:00","contribuição voluntária","false","Casa Groov - Rua Salinópolis, 285 - Taquara - Jacarepaguá","Jacarepaguá","Rio de Janeiro","RJ","http://www.lacumbuca.com/"
"lacumbuca-isma-djs-2026-04-11-23-00-boate-save-avenida-gomes-freire-599-lapa","Isma / DJs","2026-04-11","23:00","2026-04-11T23:00:00-03:00","80 antecipado","false","Boate Save - Avenida Gomes Freire, 599 - Lapa","Lapa","Rio de Janeiro","RJ","http://www.lacumbuca.com/"
"lacumbuca-orquestra-mare-do-amanha-2026-04-12-10-00-teatro-adolpho-bloch-rua-do-russel-804","Orquestra Maré do Amanhã","2026-04-12","10:00","2026-04-12T10:00:00-03:00","grátis","true","Teatro Adolpho Bloch - Rua do Russel, 804 - Glória","Glória","Rio de Janeiro","RJ","http://www.lacumbuca.com/"
"lacumbuca-sinfonica-ambulante-bloco-exagerado-2026-04-12-10-00-campo-de-sao-bento-icarai-n","Sinfônica Ambulante / Bloco Exagerado","2026-04-12","10:00","2026-04-12T10:00:00-03:00","grátis","true","Campo de São Bento - Icaraí - Niterói","Niterói","Rio de Janeiro","RJ","http://www.lacumbuca.com/"
"lacumbuca-slam-do-estudante-rj-2026-04-12-11-00-museu-do-amanha-praca-maua-1-centro","Slam do Estudante RJ","2026-04-12","11:00","2026-04-12T11:00:00-03:00","grátis","true","Museu do Amanhã - Praça Mauá, 1 - Centro","Centro","Rio de Janeiro","RJ","http://www.lacumbuca.com/"
"lacumbuca-marquinhos-de-oswaldo-cruz-hamilton-de-holanda-juninho-thybau-feira-das-yabas-20","Marquinhos de Oswaldo Cruz / Hamilton de Holanda / Juninho Thybau (Feira das Yabás)","2026-04-12","13:00","2026-04-12T13:00:00-03:00","grátis","true","Praça Paulo da Portela - Oswaldo Cruz","Oswaldo Cruz","Rio de Janeiro","RJ","http://www.lacumbuca.com/"
"lacumbuca-festival-rock-100-autoral-limo-o-bando-estado-de-excecao-radio-ativos-jupiter-st","Festival Rock 100% Autoral: Limo / O Bando / Estado de Exceção / Rádio Ativos / Jupiter Strike / V! / Helltrentch / Far Beyonde Empire / Dedo de Bruxa / Imundos / Neon Desert / Magadacabra / Bloom in Ruins","2026-04-12","14:00","2026-04-12T14:00:00-03:00","grátis","true","Heavy Beer Bar - Rua Ceará, 104 - Praça da Bandeira","Praça da Bandeira","Rio de Janeiro","RJ","http://www.lacumbuca.com/"
"lacumbuca-samba-que-elas-querem-2026-04-12-14-00-sesc-madureira-rua-ewbank-da-camara-90-ma","Samba Que Elas Querem","2026-04-12","14:00","2026-04-12T14:00:00-03:00","5 meia","false","SESC Madureira - Rua Ewbank da Câmara, 90 - Madureira","Madureira","Rio de Janeiro","RJ","http://www.lacumbuca.com/"
"lacumbuca-aniversario-da-taliria-petrone-2026-04-12-14-00-casa-savana-rua-camerino-162-cen","Aniversário da Talíria Petrone:","2026-04-12","14:00","2026-04-12T14:00:00-03:00","grátis","true","Casa Savana - Rua Camerino, 162 - Centro","Centro","Rio de Janeiro","RJ","http://www.lacumbuca.com/"
"lacumbuca-keres-khaos-stay-safe-libera-hydrah-pink-punk-party-2026-04-12-14-00-taverna-do-","Keres Khaos / Stay Safe / Líbera / Hydrah (Pink Punk Party)","2026-04-12","14:00","2026-04-12T14:00:00-03:00","10 antecipado","false","Taverna do Troll - Rua Renan Souza Silva, 32 - Bom Pastor - Belford Roxo","Belford Roxo","Rio de Janeiro","RJ","http://www.lacumbuca.com/"
"lacumbuca-roda-de-choro-taruira-2026-04-12-15-00-sesc-tijuca-r-barao-de-mesquita-539-tijuc","Roda de Choro Taruíra","2026-04-12","15:00","2026-04-12T15:00:00-03:00","5 meia","false","SESC Tijuca - R. Barão de Mesquita, 539 - Tijuca","Tijuca","Rio de Janeiro","RJ","http://www.lacumbuca.com/"
"lacumbuca-dj-nyack-djavaneando-2026-04-12-15-00-parque-das-ruinas-rua-murtinho-nobre-169-s","DJ Nyack: Djavaneando","2026-04-12","15:00","2026-04-12T15:00:00-03:00","grátis","true","Parque das Ruínas - Rua Murtinho Nobre, 169 - Santa Teresa","Santa Teresa","Rio de Janeiro","RJ","http://www.lacumbuca.com/"
"lacumbuca-roda-de-ska-participacao-bnegao-2026-04-12-15-30-alalao-kiosk-av-vieira-souto-00","Roda de Ska - Participação: BNegão","2026-04-12","15:30","2026-04-12T15:30:00-03:00","grátis","true","Alalaô Kiosk - Av. Vieira Souto, 00 - Ipanema","Ipanema","Rio de Janeiro","RJ","http://www.lacumbuca.com/"
"lacumbuca-quadrilha-neolatina-litore-exilados-chapahall-d-w-o-glote-canto-cego-supremo-roc","Quadrilha Neolatina / Litore / Exilados / Chapahall / D.W.O. / Glote / Canto Cego (Supremo Rock Fest)","2026-04-12","16:00","2026-04-12T16:00:00-03:00","20 meia 1º lote","false","Arena Gilberto Gil - Av. Marechal Fontenelle, 5000 - Realengo","Realengo","Rio de Janeiro","RJ","http://www.lacumbuca.com/"
"lacumbuca-o-mosquito-benkens-inorbito-ypsolon-piratas-do-rock-trailer-fuss-festival-de-ban","O Mosquito / Benkens / Inórbito / Ypsolon / Piratas do Rock / Trailer Fuss (Festival de Bandas Independentes)","2026-04-12","16:00","2026-04-12T16:00:00-03:00","25 antecipado","false","Calabouço - Rua Felipe Camarão, 130 - Tijuca","Tijuca","Rio de Janeiro","RJ","http://www.lacumbuca.com/"
"lacumbuca-marina-iris-moyseis-marques-2026-04-12-16-00-renascenca-clube-rua-barao-de-sao-f","Marina Íris / Moyseis Marques","2026-04-12","16:00","2026-04-12T16:00:00-03:00","grátis antecipado com 1 kg alimento até 18h, 20 normal","true","Renascença Clube - Rua Barão de São Francisco, 54 - Andaraí","Andaraí","Rio de Janeiro","RJ","http://www.lacumbuca.com/"
"lacumbuca-gil-vilela-2026-04-12-16-00-casa-museu-eva-klabin-avenida-epitacio-pessoa-2480-l","Gil Vilela","2026-04-12","16:00","2026-04-12T16:00:00-03:00","20 meia","false","Casa Museu Eva Klabin - Avenida Epitácio Pessoa, 2480 - Lagoa","Lagoa","Rio de Janeiro","RJ","http://www.lacumbuca.com/"
"lacumbuca-robert-lowe-midgard-loss-pombajira-2026-04-12-17-00-rock-experience-club-rua-do-","Robert Lowe / Midgard / Loss / Pombajira","2026-04-12","17:00","2026-04-12T17:00:00-03:00","90 2° lote","false","Rock Experience Club - Rua do Riachuelo, 20 - Lapa","Lapa","Rio de Janeiro","RJ","http://www.lacumbuca.com/"
"lacumbuca-cinzas-de-inverno-rakydia-transborde-batalha-de-bandas-2026-04-12-17-00-planet-m","Cinzas de Inverno / Rakydia / Transborde (Batalha de Bandas)","2026-04-12","17:00","2026-04-12T17:00:00-03:00","10","false","Planet Music - Avenida Ernani Cardoso, 66 - Cascadura","Cascadura","Rio de Janeiro","RJ","http://www.lacumbuca.com/"
"lacumbuca-meio-fio-2026-04-12-17-00-solar-do-mirante-rua-aprazivel-86-santa-teresa","Meio Fio","2026-04-12","17:00","2026-04-12T17:00:00-03:00","10 antecipado até 19h, 15 1º lote, 20 2º lote","false","Solar do Mirante - Rua Aprazível, 86 - Santa Teresa","Santa Teresa","Rio de Janeiro","RJ","http://www.lacumbuca.com/"
"lacumbuca-trio-capitu-jonathan-ferr-rodrigo-sha-alfredo-del-penho-marco-suzano-festival-o-","Trio Capitu / Jonathan Ferr / Rodrigo Sha & Alfredo Del-Penho / Marco Suzano (Festival O Que Move Você?)","2026-04-12","17:10","2026-04-12T17:10:00-03:00","grátis","true","Cidade das Artes - Grande Sala - Avenida das Américas, 5300 - Barra da Tijuca","Barra da Tijuca","Rio de Janeiro","RJ","http://www.lacumbuca.com/"
"lacumbuca-luna-di-sound-bullet-2026-04-12-18-00-audio-rebel-rua-visconde-silva-55-botafogo","Luna Di / Sound Bullet","2026-04-12","18:00","2026-04-12T18:00:00-03:00","40","false","Audio Rebel - Rua Visconde Silva, 55 - Botafogo","Botafogo","Rio de Janeiro","RJ","http://www.lacumbuca.com/"
"lacumbuca-podridao-denti-podri-repressao-social-os-vigaristas-2026-04-12-18-00-garage-grin","Podridão / Denti Podri / Repressão Social / Os Vigaristas","2026-04-12","18:00","2026-04-12T18:00:00-03:00","10 1° lote, 15 2° lote, 20 3° lote ou na hora","false","Garage Grindhouse - Rua Ceará, 154 - Praça da Bandeira","Praça da Bandeira","Rio de Janeiro","RJ","http://www.lacumbuca.com/"
"lacumbuca-roxette-2026-04-12-21-00-vivo-rio-av-infante-dom-henrique-85-parque-do-flamengo","Roxette","2026-04-12","21:00","2026-04-12T21:00:00-03:00","a partir de 260 meia","false","Vivo Rio - Av. Infante Dom Henrique, 85 - Parque do Flamengo","Parque do Flamengo","Rio de Janeiro","RJ","http://www.lacumbuca.com/"
"lacumbuca-afrochoro-participacao-marcelle-motta-2026-04-13-18-00-calcada-do-teatro-municip","Afrochoro - Participação: Marcelle Motta","2026-04-13","18:00","2026-04-13T18:00:00-03:00","grátis","true","Calçada do Teatro Municipal de Niterói - Rua XV de Novembro, 35 - Centro - Niterói","Niterói","Rio de Janeiro","RJ","http://www.lacumbuca.com/"
"lacumbuca-inimigos-do-rei-2026-04-13-19-00-fm-hall-bossa-nova-mall-aeroporto-santos-dumont","Inimigos do Rei","2026-04-13","19:00","2026-04-13T19:00:00-03:00","grátis","true","FM Hall - Bossa Nova Mall - Aeroporto Santos Dumont - Av. Almirante Silvio de Noronha, 365 - Centro","Centro","Rio de Janeiro","RJ","http://www.lacumbuca.com/"
"lacumbuca-mauricio-einhorn-2026-04-13-19-30-arte-sesc-rua-marques-de-abrantes-99-flamengo","Maurício Einhorn","2026-04-13","19:30","2026-04-13T19:30:00-03:00","grátis","true","Arte SESC - Rua Marquês de Abrantes, 99 - Flamengo","Flamengo","Rio de Janeiro","RJ","http://www.lacumbuca.com/"
"lacumbuca-troa-participacao-vovo-bebe-ilessi-2026-04-13-19-30-audio-rebel-rua-visconde-sil","Troá - Participação: Vovô Bebê & Ilessi","2026-04-13","19:30","2026-04-13T19:30:00-03:00","35 antecipado, 45 na hora","false","Audio Rebel - Rua Visconde Silva, 55 - Botafogo","Botafogo","Rio de Janeiro","RJ","http://www.lacumbuca.com/"
"lacumbuca-erika-ribeiro-sessao-de-autografos-do-disco-villa-lobos-e-bate-papo-com-tim-resc","Erika Ribeiro: Sessão de Autógrafos do Disco ""Villa-Lobos"" e Bate-Papo com Tim Rescala","2026-04-14","18:00","2026-04-14T18:00:00-03:00","grátis","true","Tropicália Discos - Rua Sorocaba, 122 - Botafogo","Botafogo","Rio de Janeiro","RJ","http://www.lacumbuca.com/"
"lacumbuca-elymar-santos-2026-04-14-18-30-teatro-joao-caetano-praca-tiradentes-s-n-centro","Elymar Santos","2026-04-14","18:30","2026-04-14T18:30:00-03:00","2,50 meia","false","Teatro João Caetano - Praça Tiradentes, s/n - Centro","Centro","Rio de Janeiro","RJ","http://www.lacumbuca.com/"
"lacumbuca-homenagem-a-nelson-sargento-lazir-sinval-mingo-silva-ronaldo-mattos-luis-filipe-","Homenagem a Nelson Sargento: Lazir Sinval & Mingo Silva & Ronaldo Mattos & Luis Filipe de Lima","2026-04-14","19:00","2026-04-14T19:00:00-03:00","10 meia","false","Teatro Raul Cortez - Praça da Emancipação - Vila Meriti - Duque de Caxias","Duque de Caxias","Rio de Janeiro","RJ","http://www.lacumbuca.com/"
"lacumbuca-choro-batucada-participacao-larissa-umayta-marcos-esguleba-2026-04-14-19-00-glor","Choro Batucada - Participação: Larissa Umaytá & Marcos Esguleba","2026-04-14","19:00","2026-04-14T19:00:00-03:00","25 promocional, 30 antecipado, 40 na hora","false","Glorioso Cultural - Rua do Catete, 95 - Catete","Catete","Rio de Janeiro","RJ","http://www.lacumbuca.com/"
"lacumbuca-spiritual-jazz-joana-saraiva-bruno-di-lullo-fabio-lima-joao-di-sabatto-2026-04-1","Spiritual Jazz (Joana Saraiva, Bruno di Lullo, Fábio Lima, João di Sabatto)","2026-04-14","19:00","2026-04-14T19:00:00-03:00","","false","Eleninha - Rua Pacheco Leão, 780 - Horto","Horto","Rio de Janeiro","RJ","http://www.lacumbuca.com/"
"lacumbuca-ito-melodia-2026-04-14-19-30-teatro-rival-rua-alvaro-alvim-33-cinelandia","Ito Melodia","2026-04-14","19:30","2026-04-14T19:30:00-03:00","50 meia setor A, 40 meia setor B","false","Teatro Rival - Rua Álvaro Alvim, 33 - Cinelândia","Cinelândia","Rio de Janeiro","RJ","http://www.lacumbuca.com/"
"lacumbuca-inimigos-do-rei-participacao-fausto-fawcett-2026-04-14-20-00-teatro-do-jockey-jo","Inimigos do Rei - Participação: Fausto Fawcett","2026-04-14","20:00","2026-04-14T20:00:00-03:00","50 meia","false","Teatro do Jockey - Jockey Club Brasileiro - Avenida Bartolomeu Mitre, 1110 – Leblon","Avenida Bartolomeu Mitre, 1110 – Leblon","Rio de Janeiro","RJ","http://www.lacumbuca.com/"
"lacumbuca-violentango-2026-04-14-20-00-audio-rebel-rua-visconde-silva-55-botafogo","Violentango","2026-04-14","20:00","2026-04-14T20:00:00-03:00","35 antecipado / 40 na hora","false","Audio Rebel - Rua Visconde Silva, 55 - Botafogo","Botafogo","Rio de Janeiro","RJ","http://www.lacumbuca.com/"
"lacumbuca-dori-caymmi-2026-04-14-20-00-teatro-ipanema-rua-prudente-de-morais-824-ipanema","Dori Caymmi","2026-04-14","20:00","2026-04-14T20:00:00-03:00","INGRESSOS ESGOTADOS","false","Teatro Ipanema - Rua Prudente de Morais, 824 - Ipanema","Ipanema","Rio de Janeiro","RJ","http://www.lacumbuca.com/"
"lacumbuca-rodrigo-maranhao-2026-04-14-20-00-teatro-glaucio-gill-praca-cardeal-arcoverde-s-","Rodrigo Maranhão","2026-04-14","20:00","2026-04-14T20:00:00-03:00","5 meia","false","Teatro Glaucio Gill - Praça Cardeal Arcoverde, s/n - Copacabana","Copacabana","Rio de Janeiro","RJ","http://www.lacumbuca.com/"
"lacumbuca-cael-2026-04-15-18-00-esquina-das-ruas-ator-paulo-gustavo-com-pereira-da-silva-i","Cael","2026-04-15","18:00","2026-04-15T18:00:00-03:00","grátis","true","Esquina das Ruas Ator Paulo Gustavo com Pereira da Silva - Icaraí - Niterói","Niterói","Rio de Janeiro","RJ","http://www.lacumbuca.com/"
"lacumbuca-insania-2026-04-15-18-00-garage-grindhouse-rua-ceara-154-praca-da-bandeira","Insania","2026-04-15","18:00","2026-04-15T18:00:00-03:00","grátis","true","Garage Grindhouse - Rua Ceará, 154 - Praça da Bandeira","Praça da Bandeira","Rio de Janeiro","RJ","http://www.lacumbuca.com/"
"lacumbuca-agua-de-moringa-2026-04-15-19-00-casa-do-choro-rua-da-carioca-38-centro","Água de Moringa","2026-04-15","19:00","2026-04-15T19:00:00-03:00","40 meia","false","Casa do Choro - Rua da Carioca, 38 - Centro","Centro","Rio de Janeiro","RJ","http://www.lacumbuca.com/"
"lacumbuca-chico-chico-sessao-de-autografos-do-livro-pequenos-sigilos-2026-04-15-19-00-livr","Chico Chico: Sessão de Autógrafos do Livro ""Pequenos Sigilos'","2026-04-15","19:00","2026-04-15T19:00:00-03:00","grátis","true","Livraria da Travessa - Rua Visconde de Pirajá, 572 - Ipanema","Ipanema","Rio de Janeiro","RJ","http://www.lacumbuca.com/"
"lacumbuca-antonio-neves-participacao-joana-queiroz-2026-04-15-19-00-indecente-cafe-rua-fel","Antonio Neves - Participação: Joana Queiroz","2026-04-15","19:00","2026-04-15T19:00:00-03:00","contribuição voluntária","false","Indecente Café - Rua Felício dos Santos, 3 - Santa Teresa","Santa Teresa","Rio de Janeiro","RJ","http://www.lacumbuca.com/"
"lacumbuca-alma-thomas-danilo-andrade-2026-04-15-19-00-elena-horto-rua-pacheco-leao-758-jar","Alma Thomas & Danilo Andrade","2026-04-15","19:00","2026-04-15T19:00:00-03:00","","false","Elena Horto - Rua Pacheco Leão, 758 - Jardim Botânico","Jardim Botânico","Rio de Janeiro","RJ","http://www.lacumbuca.com/"
"lacumbuca-roda-cultural-do-meier-tia-crazy-batalha-de-mcs-djs-2026-04-15-19-00-mini-ramp-r","Roda Cultural do Méier: Tia Crazy / Batalha de MCs / DJs","2026-04-15","19:00","2026-04-15T19:00:00-03:00","grátis","true","Mini Ramp - Rua Silva Rabelo - Esquina com Rua Medina - Méier","Méier","Rio de Janeiro","RJ","http://www.lacumbuca.com/"
"lacumbuca-carol-maia-jeremy-gustin-2026-04-15-20-00-audio-rebel-rua-visconde-silva-55-bota","Carol Maia & Jeremy Gustin","2026-04-15","20:00","2026-04-15T20:00:00-03:00","","false","Audio Rebel - Rua Visconde Silva, 55 - Botafogo","Botafogo","Rio de Janeiro","RJ","http://www.lacumbuca.com/"
"lacumbuca-pedro-luis-participacao-jade-baraldo-2026-04-15-20-30-manouche-jockey-club-rua-j","Pedro Luís - Participação: Jade Baraldo","2026-04-15","20:30","2026-04-15T20:30:00-03:00","80 meia","false","Manouche - Jockey Club - Rua Jardim Botânico, 983 - Jardim Botânico","Jardim Botânico","Rio de Janeiro","RJ","http://www.lacumbuca.com/"
"lacumbuca-violentango-2026-04-15-22-30-blue-note-rio-avenida-atlantica-1910-copacabana","Violentango","2026-04-15","22:30","2026-04-15T22:30:00-03:00","a partir de 60 meia","false","Blue Note Rio - Avenida Atlântica, 1910 - Copacabana","Copacabana","Rio de Janeiro","RJ","http://www.lacumbuca.com/"
"lacumbuca-hajed-2026-04-16-17-00-ao-lado-do-terminal-rodoviario-joao-goulart-avenida-visco","Hajed","2026-04-16","17:00","2026-04-16T17:00:00-03:00","grátis","true","Ao Lado do Terminal Rodoviário João Goulart - Avenida Visconde do Rio Branco - Centro - Niterói","Niterói","Rio de Janeiro","RJ","http://www.lacumbuca.com/"
"lacumbuca-ifatoki-maira-freitas-duo-gisbranco-festival-internacional-de-choro-de-niteroi-2","Ifatoki (Maíra Freitas) / Duo Gisbranco (Festival Internacional de Choro de Niterói)","2026-04-16","17:00","2026-04-16T17:00:00-03:00","grátis","true","Praça Arariboia - Centro - Niterói","Niterói","Rio de Janeiro","RJ","http://www.lacumbuca.com/"
"lacumbuca-arturo-cussen-2026-04-16-17-00-circo-crescer-e-viver-rua-carmo-neto-143-cidade-n","Arturo Cussen","2026-04-16","17:00","2026-04-16T17:00:00-03:00","grátis","true","Circo Crescer e Viver - Rua Carmo Neto, 143 - Cidade Nova","Cidade Nova","Rio de Janeiro","RJ","http://www.lacumbuca.com/"
"lacumbuca-samba-do-orelhao-2026-04-16-17-00-alalao-kiosk-av-vieira-souto-00-ipanema","Samba do Orelhão","2026-04-16","17:00","2026-04-16T17:00:00-03:00","grátis","true","Alalaô Kiosk - Av. Vieira Souto, 00 - Ipanema","Ipanema","Rio de Janeiro","RJ","http://www.lacumbuca.com/"
"lacumbuca-deya-mota-maria-luisa-tonacio-2026-04-16-17-30-centro-cultural-da-justica-federa","Deya Mota & Maria Luísa Tonácio","2026-04-16","17:30","2026-04-16T17:30:00-03:00","grátis","true","Centro Cultural da Justiça Federal - Av. Rio Branco, 241 - Cinelândia","Cinelândia","Rio de Janeiro","RJ","http://www.lacumbuca.com/"
"lacumbuca-forro-de-pife-2026-04-16-18-00-sesc-tijuca-r-barao-de-mesquita-539-tijuca","Forró de Pife","2026-04-16","18:00","2026-04-16T18:00:00-03:00","5 meia","false","SESC Tijuca - R. Barão de Mesquita, 539 - Tijuca","Tijuca","Rio de Janeiro","RJ","http://www.lacumbuca.com/"
"lacumbuca-mr-severin-2026-04-16-18-00-indecente-cafe-rua-felicio-dos-santos-3-santa-teresa","Mr. Severin","2026-04-16","18:00","2026-04-16T18:00:00-03:00","contribuição voluntária","false","Indecente Café - Rua Felício dos Santos, 3 - Santa Teresa","Santa Teresa","Rio de Janeiro","RJ","http://www.lacumbuca.com/"
"lacumbuca-festa-limiar-djs-da-big-baby-producoes-2026-04-16-18-00-ao-lado-da-uerj-praca-ma","Festa Limiar: DJs da Big Baby Produções","2026-04-16","18:00","2026-04-16T18:00:00-03:00","grátis","true","Ao Lado da UERJ - Praça Maracanã","Praça Maracanã","Rio de Janeiro","RJ","http://www.lacumbuca.com/"
"lacumbuca-vinicius-barros-quintas-no-bndes-2026-04-16-19-00-bndes-av-republica-do-chile-10","Vinícius Barros (Quintas no BNDES)","2026-04-16","19:00","2026-04-16T19:00:00-03:00","grátis","true","BNDES - Av. República do Chile, 100 - Centro","Centro","Rio de Janeiro","RJ","http://www.lacumbuca.com/"
"lacumbuca-b2-regional-rock-de-roca-2026-04-16-19-00-dolores-club-rua-do-lavradio-10-centro","B2 Regional - Rock de Roça","2026-04-16","19:00","2026-04-16T19:00:00-03:00","30 meia antecipado, 40 meia na hora","false","Dolores Club - Rua do Lavradio, 10 - Centro","Centro","Rio de Janeiro","RJ","http://www.lacumbuca.com/"
"lacumbuca-mauricio-einhorn-2026-04-16-19-00-sesc-ramos-rua-teixeira-franco-38-ramos","Maurício Einhorn","2026-04-16","19:00","2026-04-16T19:00:00-03:00","7,50 meia","false","SESC Ramos - Rua Teixeira Franco, 38 - Ramos","Ramos","Rio de Janeiro","RJ","http://www.lacumbuca.com/"
"lacumbuca-guga-pellicciotti-jazz-de-garagem-2026-04-16-19-00-garage-grindhouse-rua-ceara-1","Guga Pellicciotti (Jazz de Garagem)","2026-04-16","19:00","2026-04-16T19:00:00-03:00","contribuição voluntária","false","Garage Grindhouse - Rua Ceará, 154 - Praça da Bandeira","Praça da Bandeira","Rio de Janeiro","RJ","http://www.lacumbuca.com/"
"lacumbuca-alma-thomas-kim-pereira-trio-2026-04-16-19-00-eleninha-rua-pacheco-leao-780-hort","Alma Thomas & Kim Pereira Trio","2026-04-16","19:00","2026-04-16T19:00:00-03:00","","false","Eleninha - Rua Pacheco Leão, 780 - Horto","Horto","Rio de Janeiro","RJ","http://www.lacumbuca.com/"
"lacumbuca-dandara-bxd-eli-z-vid22-conde-matheus-coringa-taldibruna-djs-2026-04-16-19-00-cc","Dandara BXD / Eli-Z & ViD22 / Conde / Matheus Coringa / TaldiBruna / DJs","2026-04-16","19:00","2026-04-16T19:00:00-03:00","","false","CCS Movimento - Avenida Mem de Sá, 215 A - Lapa","Lapa","Rio de Janeiro","RJ","http://www.lacumbuca.com/"
"lacumbuca-alambic-2026-04-16-19-00-teatro-da-alianca-francesa-rua-muniz-barreto-730-botafo","Alambic","2026-04-16","19:00","2026-04-16T19:00:00-03:00","grátis","true","Teatro da Aliança Francesa - Rua Muniz Barreto, 730 - Botafogo","Botafogo","Rio de Janeiro","RJ","http://www.lacumbuca.com/"
"lacumbuca-farofa-carioca-2026-04-16-19-30-teatro-rival-rua-alvaro-alvim-33-cinelandia","Farofa Carioca","2026-04-16","19:30","2026-04-16T19:30:00-03:00","a partir de 50 meia","false","Teatro Rival - Rua Álvaro Alvim, 33 - Cinelândia","Cinelândia","Rio de Janeiro","RJ","http://www.lacumbuca.com/"
"lacumbuca-breno-goes-2026-04-16-19-30-espaco-sergio-porto-rua-humaita-163-humaita","Breno Goes","2026-04-16","19:30","2026-04-16T19:30:00-03:00","25 meia","false","Espaço Sérgio Porto - Rua Humaitá, 163 - Humaitá","Humaitá","Rio de Janeiro","RJ","http://www.lacumbuca.com/"
"lacumbuca-rutigliano-2026-04-16-20-00-audio-rebel-rua-visconde-silva-55-botafogo","Rutigliano","2026-04-16","20:00","2026-04-16T20:00:00-03:00","25 antecipado / 35 na hora","false","Audio Rebel - Rua Visconde Silva, 55 - Botafogo","Botafogo","Rio de Janeiro","RJ","http://www.lacumbuca.com/"
"lacumbuca-lobao-2026-04-16-20-00-teatro-casa-grande-av-afranio-de-melo-franco-290-leblon","Lobão","2026-04-16","20:00","2026-04-16T20:00:00-03:00","a partir de 90 meia","false","Teatro Casa Grande - Av. Afrânio de Melo Franco, 290 - Leblon","Leblon","Rio de Janeiro","RJ","http://www.lacumbuca.com/"
"lacumbuca-nova-orquestra-toca-skank-2026-04-16-20-00-teatro-domingos-oliveira-planetario-a","Nova Orquestra Toca Skank","2026-04-16","20:00","2026-04-16T20:00:00-03:00","grátis","true","Teatro Domingos Oliveira - Planetário - Avenida Padre Leonel Franca, 240 - Gávea","Gávea","Rio de Janeiro","RJ","http://www.lacumbuca.com/"
"lacumbuca-a-culpa-e-do-carlos-2026-04-16-20-00-vizinha-123-rua-henrique-de-novaes-123-bota","A Culpa é do Carlos","2026-04-16","20:00","2026-04-16T20:00:00-03:00","30 antecipado, 40 na hora","false","Vizinha 123 - Rua Henrique de Novaes, 123 - Botafogo","Botafogo","Rio de Janeiro","RJ","http://www.lacumbuca.com/"
"lacumbuca-tyhell-2026-04-16-20-00-planet-music-avenida-ernani-cardoso-66-cascadura","Tyhell","2026-04-16","20:00","2026-04-16T20:00:00-03:00","grátis","true","Planet Music - Avenida Ernani Cardoso, 66 - Cascadura","Cascadura","Rio de Janeiro","RJ","http://www.lacumbuca.com/"
"lacumbuca-lari-agnelo-2026-04-16-20-00-espaco-bxd-in-cena-rua-prata-35-coelho-da-rocha-sao","Lari Agnelo","2026-04-16","20:00","2026-04-16T20:00:00-03:00","grátis","true","Espaço BXD In Cena - Rua Prata, 35 - Coelho da Rocha - São João de Meriti","São João de Meriti","Rio de Janeiro","RJ","http://www.lacumbuca.com/"
"lacumbuca-fred-izak-participacao-nico-rezende-george-israel-arnaldo-brandao-2026-04-16-20-","Fred Izak - Participação: Nico Rezende & George Israel & Arnaldo Brandão","2026-04-16","20:00","2026-04-16T20:00:00-03:00","30 meia","false","Teatro Brigitte Blair - Rua Miguel Lemos, 51 - Copacabana","Copacabana","Rio de Janeiro","RJ","http://www.lacumbuca.com/"
"lacumbuca-bianca-chami-2026-04-16-21-45-elena-horto-rua-pacheco-leao-758-jardim-botanico","Bianca Chami","2026-04-16","21:45","2026-04-16T21:45:00-03:00","","false","Elena Horto - Rua Pacheco Leão, 758 - Jardim Botânico","Jardim Botânico","Rio de Janeiro","RJ","http://www.lacumbuca.com/"
"lacumbuca-toni-costa-joao-fernando-participacao-emanuelle-araujo-casuarina-2026-04-16-22-3","Toni Costa & João Fernando - Participação: Emanuelle Araújo & Casuarina","2026-04-16","22:30","2026-04-16T22:30:00-03:00","a partir de 60 meia","false","Blue Note Rio - Avenida Atlântica, 1910 - Copacabana","Copacabana","Rio de Janeiro","RJ","http://www.lacumbuca.com/"
"lacumbuca-sarau-ratos-di-versos-2026-04-16-rua-da-lapa-128-lapa","Sarau Ratos Di Versos","2026-04-16","","","grátis","true","Rua da Lapa, 128 - Lapa","Lapa","Rio de Janeiro","RJ","http://www.lacumbuca.com/"
"lacumbuca-mauricio-einhorn-2026-04-17-15-00-sesc-madureira-rua-ewbank-da-camara-90-madurei","Maurício Einhorn","2026-04-17","15:00","2026-04-17T15:00:00-03:00","7,50 meia","false","SESC Madureira - Rua Ewbank da Câmara, 90 - Madureira","Madureira","Rio de Janeiro","RJ","http://www.lacumbuca.com/"
"lacumbuca-maria-teresa-madeira-delia-fischer-festival-internacional-de-choro-de-niteroi-20","Maria Teresa Madeira / Délia Fischer (Festival Internacional de Choro de Niterói)","2026-04-17","17:00","2026-04-17T17:00:00-03:00","grátis","true","Praça Arariboia - Centro - Niterói","Niterói","Rio de Janeiro","RJ","http://www.lacumbuca.com/"
"lacumbuca-sambreja-2026-04-17-18-00-al-farabi-rua-do-mercado-34-boulevard-olimpico-praca-x","Sambreja","2026-04-17","18:00","2026-04-17T18:00:00-03:00","grátis","true","Al Farabi - Rua do Mercado, 34 - Boulevard Olímpico - Praça XV","Praça XV","Rio de Janeiro","RJ","http://www.lacumbuca.com/"
"lacumbuca-ze-farias-participacao-tunico-miguel-herzog-luis-magalhaes-2026-04-17-18-00-inde","Zé Farias - Participação: Tunico & Miguel Herzog & Luís Magalhães","2026-04-17","18:00","2026-04-17T18:00:00-03:00","contribuição voluntária","false","Indecente Café - Rua Felício dos Santos, 3 - Santa Teresa","Santa Teresa","Rio de Janeiro","RJ","http://www.lacumbuca.com/"
"lacumbuca-estevao-gomes-sextas-instrumentais-2026-04-17-19-00-bndes-av-republica-do-chile-","Estevão Gomes (Sextas Instrumentais)","2026-04-17","19:00","2026-04-17T19:00:00-03:00","grátis","true","BNDES - Av. República do Chile, 100 - Centro","Centro","Rio de Janeiro","RJ","http://www.lacumbuca.com/"
"lacumbuca-carol-panesi-2026-04-17-19-00-sesc-tijuca-r-barao-de-mesquita-539-tijuca","Carol Panesi","2026-04-17","19:00","2026-04-17T19:00:00-03:00","7,50 meia","false","SESC Tijuca - R. Barão de Mesquita, 539 - Tijuca","Tijuca","Rio de Janeiro","RJ","http://www.lacumbuca.com/"
"lacumbuca-henrique-cazes-2026-04-17-19-00-sala-cecilia-meireles-rua-da-lapa-47-lapa","Henrique Cazes","2026-04-17","19:00","2026-04-17T19:00:00-03:00","","false","Sala Cecília Meireles - Rua da Lapa, 47 - Lapa","Lapa","Rio de Janeiro","RJ","http://www.lacumbuca.com/"
"lacumbuca-fera-show-2026-04-17-19-00-casa-amo-cordel-rua-buenos-aires-27-centro","Fera Show","2026-04-17","19:00","2026-04-17T19:00:00-03:00","grátis","true","Casa Amo Cordel - Rua Buenos Aires, 27 - Centro","Centro","Rio de Janeiro","RJ","http://www.lacumbuca.com/"
"lacumbuca-gebe-djs-2026-04-17-19-00-ccs-movimento-avenida-mem-de-sa-215-a-lapa","Gebe / DJs","2026-04-17","19:00","2026-04-17T19:00:00-03:00","","false","CCS Movimento - Avenida Mem de Sá, 215 A - Lapa","Lapa","Rio de Janeiro","RJ","http://www.lacumbuca.com/"
"lacumbuca-bike-2026-04-17-20-00-audio-rebel-rua-visconde-silva-55-botafogo","Bike","2026-04-17","20:00","2026-04-17T20:00:00-03:00","25 antecipado / 35 na hora","false","Audio Rebel - Rua Visconde Silva, 55 - Botafogo","Botafogo","Rio de Janeiro","RJ","http://www.lacumbuca.com/"
"lacumbuca-beto-guedes-julia-guedes-2026-04-17-20-00-circo-voador-lapa","Beto Guedes / Júlia Guedes","2026-04-17","20:00","2026-04-17T20:00:00-03:00","80 meia 1º lote","false","Circo Voador - Lapa","Lapa","Rio de Janeiro","RJ","http://www.lacumbuca.com/"
"lacumbuca-amanda-magalhaes-2026-04-17-20-00-sesi-jacarepagua-avenida-geremario-dantas-940-","Amanda Magalhães","2026-04-17","20:00","2026-04-17T20:00:00-03:00","20 meia","false","SESI Jacarepaguá - Avenida Geremário Dantas, 940 - Freguesia - Jacarepaguá","Jacarepaguá","Rio de Janeiro","RJ","http://www.lacumbuca.com/"
"lacumbuca-indiana-nomma-2026-04-17-20-00-blue-note-rio-avenida-atlantica-1910-copacabana","Indiana Nomma","2026-04-17","20:00","2026-04-17T20:00:00-03:00","a partir de 60 meia","false","Blue Note Rio - Avenida Atlântica, 1910 - Copacabana","Copacabana","Rio de Janeiro","RJ","http://www.lacumbuca.com/"
"lacumbuca-pedro-pedrosa-2026-04-17-20-00-teatro-cafe-pequeno-avenida-ataulfo-de-paiva-269-","Pedro Pedrosa","2026-04-17","20:00","2026-04-17T20:00:00-03:00","25 meia","false","Teatro Café Pequeno - Avenida Ataulfo de Paiva, 269 - Leblon","Leblon","Rio de Janeiro","RJ","http://www.lacumbuca.com/"
"lacumbuca-flores-de-plastico-tacy-2026-04-17-20-00-praca-leoni-ramos-cantareira-niteroi","Flores de Plástico / Tacy","2026-04-17","20:00","2026-04-17T20:00:00-03:00","grátis","true","Praça Leoni Ramos - Cantareira - Niterói","Niterói","Rio de Janeiro","RJ","http://www.lacumbuca.com/"
"lacumbuca-jonathan-ferr-2026-04-17-20-30-manouche-jockey-club-rua-jardim-botanico-983-jard","Jonathan Ferr","2026-04-17","20:30","2026-04-17T20:30:00-03:00","80 meia","false","Manouche - Jockey Club - Rua Jardim Botânico, 983 - Jardim Botânico","Jardim Botânico","Rio de Janeiro","RJ","http://www.lacumbuca.com/"
"lacumbuca-ana-canas-canta-rita-lee-festa-uma-noite-no-museu-mestras-do-macabro-2026-04-17-","Ana Cañas Canta Rita Lee (Festa Uma Noite no Museu - Mestras do Macabro)","2026-04-17","21:00","2026-04-17T21:00:00-03:00","grátis","true","CCBB - Rua Primeiro de Março, 66 - Centro","Centro","Rio de Janeiro","RJ","http://www.lacumbuca.com/"
"lacumbuca-fausto-fawcett-chelpa-ferro-kupalua-antconstantino-rosa-noviello-2026-04-17-21-0","Fausto Fawcett & Chelpa Ferro / Kupalua / ANTCONSTANTINO / Rosa Noviello","2026-04-17","21:00","2026-04-17T21:00:00-03:00","a partir de 30","false","Trauma - Rua do Carmo, 58 - Centro","Centro","Rio de Janeiro","RJ","http://www.lacumbuca.com/"
"lacumbuca-os-silverados-2026-04-17-21-00-mississippi-delta-blues-bar-rua-pedro-ernesto-89-","Os Silverados","2026-04-17","21:00","2026-04-17T21:00:00-03:00","20","false","Mississippi Delta Blues Bar - Rua Pedro Ernesto, 89 - Gamboa","Gamboa","Rio de Janeiro","RJ","http://www.lacumbuca.com/"
"lacumbuca-diniboy-bala-rosa-akascagrossa-taldibruna-natalhao-djs-areninha-hip-hop-2026-04-","Diniboy / Bala Rosa / AKascaGrossa / Taldibruna / Natalhão / DJs (Areninha Hip Hop)","2026-04-17","21:00","2026-04-17T21:00:00-03:00","grátis","true","Lona Herbert Vianna - Rua Evanildo Alves, s/nº - Maré","Maré","Rio de Janeiro","RJ","http://www.lacumbuca.com/"
"lacumbuca-estudeofunk-mc-lizzie-leyblack-djs-2026-04-17-22-00-fundicao-progresso-lapa","#EstudeOFunk: MC Lizzie / Leyblack / DJs","2026-04-17","22:00","2026-04-17T22:00:00-03:00","20 meia 1º lote","false","Fundição Progresso - Lapa","Lapa","Rio de Janeiro","RJ","http://www.lacumbuca.com/"
"lacumbuca-duda-brack-2026-04-17-22-00-elena-horto-rua-pacheco-leao-758-jardim-botanico","Duda Brack","2026-04-17","22:00","2026-04-17T22:00:00-03:00","","false","Elena Horto - Rua Pacheco Leão, 758 - Jardim Botânico","Jardim Botânico","Rio de Janeiro","RJ","http://www.lacumbuca.com/"
"lacumbuca-minas-do-rap-leopoldina-hip-hop-2026-04-18-10-00-galpao-do-estadio-nilton-santos","Minas do Rap (Leopoldina Hip Hop)","2026-04-18","10:00","2026-04-18T10:00:00-03:00","grátis","true","Galpão do Estádio Nilton Santos (Engenhão) - Rua José dos Reis, 425 - Engenho de Dentro","Engenho de Dentro","Rio de Janeiro","RJ","http://www.lacumbuca.com/"
"lacumbuca-straits-time-participacao-harmada-2026-04-18-13-00-parque-das-ruinas-rua-murtinh","Straits Time - Participação: Harmada","2026-04-18","13:00","2026-04-18T13:00:00-03:00","grátis","true","Parque das Ruínas - Rua Murtinho Nobre, 169 - Santa Teresa","Santa Teresa","Rio de Janeiro","RJ","http://www.lacumbuca.com/"
"lacumbuca-roda-de-choro-taruira-2026-04-18-14-00-sesc-niteroi-rua-padre-anchieta-56-sao-do","Roda de Choro Taruíra","2026-04-18","14:00","2026-04-18T14:00:00-03:00","5 meia","false","SESC Niterói - Rua Padre Anchieta, 56 - São Domingos - Niterói","Niterói","Rio de Janeiro","RJ","http://www.lacumbuca.com/"
"lacumbuca-suburbanistas-participacao-gabrielzinho-do-iraja-2026-04-18-15-00-sesc-ramos-rua","Suburbanistas - Participação: Gabrielzinho do Irajá","2026-04-18","15:00","2026-04-18T15:00:00-03:00","","false","SESC Ramos - Rua Teixeira Franco, 38 - Ramos","Ramos","Rio de Janeiro","RJ","http://www.lacumbuca.com/"
"lacumbuca-carol-panesi-2026-04-18-15-00-sesc-duque-de-caxias-rua-general-argolo-47-25-de-a","Carol Panesi","2026-04-18","15:00","2026-04-18T15:00:00-03:00","grátis","true","SESC Duque de Caxias - Rua General Argolo, 47 - 25 de Agosto - Duque de Caxias","Duque de Caxias","Rio de Janeiro","RJ","http://www.lacumbuca.com/"
"lacumbuca-juia-barbudos-malaios-randevu-2026-04-18-17-00-estudio-hanoi-rua-paulo-barreto-1","Juia / Barbudos Malaios / Randevu","2026-04-18","17:00","2026-04-18T17:00:00-03:00","35 1º lote","false","Estúdio Hanoi - Rua Paulo Barreto, 16 - Botafogo","Botafogo","Rio de Janeiro","RJ","http://www.lacumbuca.com/"
"lacumbuca-jefferson-goncalves-bitencourt-duo-2026-04-18-17-00-centro-de-referencia-da-musi","Jefferson Gonçalves & Bitencourt Duo","2026-04-18","17:00","2026-04-18T17:00:00-03:00","30 meia","false","Centro de Referência da Música Carioca - Rua Conde de Bonfim, 824 - Tijuca","Tijuca","Rio de Janeiro","RJ","http://www.lacumbuca.com/"
"lacumbuca-polar-borealis-os-duartes-sessao-de-autografos-do-livro-eu-nem-queria-dar-entrev","Polar / Borealis / Os Duartes (Sessão de Autógrafos do Livro ""Eu nem queria dar entrevista: o melhor do Scream & Yell, vol. 1"")","2026-04-18","17:00","2026-04-18T17:00:00-03:00","grátis","true","Baratos da Ribeiro - Rua Dezenove de Fevereiro, 90 - Botafogo","Botafogo","Rio de Janeiro","RJ","http://www.lacumbuca.com/"
"lacumbuca-morrice-araribrass-2026-04-18-17-00-ao-lado-do-museu-arqueologico-praia-de-itaip","Morrice / Araribrass","2026-04-18","17:00","2026-04-18T17:00:00-03:00","grátis","true","Ao Lado do Museu Arqueológico - Praia de Itaipu - Niterói","Niterói","Rio de Janeiro","RJ","http://www.lacumbuca.com/"
"lacumbuca-angelica-de-paula-banda-mixtura-jazz-2026-04-18-17-00-tiquinho-de-mata-rua-do-or","Angélica de Paula & Banda Mixtura Jazz","2026-04-18","17:00","2026-04-18T17:00:00-03:00","grátis","true","Tiquinho de Mata - Rua do Oriente, 429 - Santa Teresa","Santa Teresa","Rio de Janeiro","RJ","http://www.lacumbuca.com/"
"lacumbuca-vitao-voz-violao-2026-04-18-18-00-galpao-ladeira-das-artes-rua-conselheiro-lampr","Vitão: Voz & Violão","2026-04-18","18:00","2026-04-18T18:00:00-03:00","a partir de 60 meia","false","Galpão Ladeira das Artes - Rua Conselheiro Lampreia 225 - Cosme Velho","Cosme Velho","Rio de Janeiro","RJ","http://www.lacumbuca.com/"
"lacumbuca-pardal-trio-2026-04-18-18-00-indecente-cafe-rua-felicio-dos-santos-3-santa-teres","Pardal Trio","2026-04-18","18:00","2026-04-18T18:00:00-03:00","contribuição voluntária","false","Indecente Café - Rua Felício dos Santos, 3 - Santa Teresa","Santa Teresa","Rio de Janeiro","RJ","http://www.lacumbuca.com/"
"lacumbuca-tamy-2026-04-18-19-00-dolores-club-rua-do-lavradio-10-centro","Tamy","2026-04-18","19:00","2026-04-18T19:00:00-03:00","30 meia antecipado, 40 meia na hora","false","Dolores Club - Rua do Lavradio, 10 - Centro","Centro","Rio de Janeiro","RJ","http://www.lacumbuca.com/"
"lacumbuca-baile-da-clave-de-soul-2026-04-18-19-00-imperator-rua-dias-da-cruz-170-meier","Baile da Clave de Soul","2026-04-18","19:00","2026-04-18T19:00:00-03:00","20 meia","false","Imperator - Rua Dias da Cruz, 170 - Méier","Méier","Rio de Janeiro","RJ","http://www.lacumbuca.com/"
"lacumbuca-dudu-machado-2026-04-18-19-00-casa-264-rua-general-andrade-neves-264-sao-domingo","Dudu Machado","2026-04-18","19:00","2026-04-18T19:00:00-03:00","10","false","Casa 264 - Rua General Andrade Neves, 264 - São Domingos - Niterói","Niterói","Rio de Janeiro","RJ","http://www.lacumbuca.com/"
"lacumbuca-forro-de-pife-samba-de-ponta-2026-04-18-20-00-sdv-rua-da-constituicao-54-centro","Forró de Pife / Samba de Ponta","2026-04-18","20:00","2026-04-18T20:00:00-03:00","a partir de 35","false","SDV - Rua da Constituição, 54 - Centro","Centro","Rio de Janeiro","RJ","http://www.lacumbuca.com/"
"lacumbuca-filtre-piratas-do-mangue-umami-2026-04-18-20-00-audio-rebel-rua-visconde-silva-5","Filtre / Piratas do Mangue / Umami","2026-04-18","20:00","2026-04-18T20:00:00-03:00","35 antecipado / 45 na hora","false","Audio Rebel - Rua Visconde Silva, 55 - Botafogo","Botafogo","Rio de Janeiro","RJ","http://www.lacumbuca.com/"
"lacumbuca-rodrigo-barba-bloco-do-eu-sozinho-25-anos-participacao-duda-brack-amanda-cadore-","Rodrigo Barba: ""Bloco do Eu Sozinho"" - 25 Anos - Participação: Duda Brack & Amanda Cadore & Cícero / Festa Sundae Tracks","2026-04-18","20:00","2026-04-18T20:00:00-03:00","70 meia 1º lote","false","Circo Voador - Lapa","Lapa","Rio de Janeiro","RJ","http://www.lacumbuca.com/"
"lacumbuca-mare-morta-pensar-demais-zern-2026-04-18-20-00-neu-rua-carlos-halfeld-230-icarai","Maré Morta / Pensar Demais / Zern","2026-04-18","20:00","2026-04-18T20:00:00-03:00","15 1° lote, 20 2° lote, 25 3° lote","false","Neu - Rua Carlos Halfeld, 230 - Icaraí - Niterói","Niterói","Rio de Janeiro","RJ","http://www.lacumbuca.com/"
"lacumbuca-pedro-pedrosa-2026-04-18-20-00-teatro-cafe-pequeno-avenida-ataulfo-de-paiva-269-","Pedro Pedrosa","2026-04-18","20:00","2026-04-18T20:00:00-03:00","25 meia","false","Teatro Café Pequeno - Avenida Ataulfo de Paiva, 269 - Leblon","Leblon","Rio de Janeiro","RJ","http://www.lacumbuca.com/"
"lacumbuca-juliane-gamboa-eduardo-santana-becca-perret-dj-negralha-gloria-jazz-2026-04-18-2","Juliane Gamboa / Eduardo Santana / Becca Perret / DJ Negralha (Glória Jazz)","2026-04-18","20:00","2026-04-18T20:00:00-03:00","grátis antecipado até 22h, contribuição voluntária sugerida de 10 após","true","Passeio Público - Rua do Passeio - Cinelândia","Cinelândia","Rio de Janeiro","RJ","http://www.lacumbuca.com/"
"lacumbuca-trama-limo-individuo-k-dois-infinitos-festival-representa-2026-04-18-20-00-garag","Trama / Limo / Indivíduo K / Dois Infinitos (Festival Representa)","2026-04-18","20:00","2026-04-18T20:00:00-03:00","10 antecipado, 15 na hora","false","Garage Grindhouse - Rua Ceará, 154 - Praça da Bandeira","Praça da Bandeira","Rio de Janeiro","RJ","http://www.lacumbuca.com/"
"lacumbuca-1lum3-geo-babidi-jvime-2026-04-18-20-00-escritorio-rua-da-constituicao-64-centro","1LUM3 / Geo / Babidi / Jvime","2026-04-18","20:00","2026-04-18T20:00:00-03:00","15 antecipado, 25 na hora","false","Escritório - Rua da Constituição, 64 - Centro","Centro","Rio de Janeiro","RJ","http://www.lacumbuca.com/"
"lacumbuca-vinicius-cantuaria-arnaldo-brandao-dadi-carvalho-uma-outra-banda-2026-04-18-20-3","Vinícius Cantuária & Arnaldo Brandão & Dadi Carvalho: Uma Outra Banda","2026-04-18","20:30","2026-04-18T20:30:00-03:00","80 meia","false","Manouche - Jockey Club - Rua Jardim Botânico, 983 - Jardim Botânico","Jardim Botânico","Rio de Janeiro","RJ","http://www.lacumbuca.com/"
"lacumbuca-piseiro-deboxxado-2026-04-18-20-30-casarao-sena-rosa-rua-morais-e-vale-20-lapa","Piseiro Deboxxado","2026-04-18","20:30","2026-04-18T20:30:00-03:00","grátis","true","Casarão Sena Rosa - Rua Morais e Vale, 20 - Lapa","Lapa","Rio de Janeiro","RJ","http://www.lacumbuca.com/"
"lacumbuca-n-i-n-a-2026-04-18-21-00-casa-savana-rua-camerino-162-centro","N.I.N.A.","2026-04-18","21:00","2026-04-18T21:00:00-03:00","30 2º lote","false","Casa Savana - Rua Camerino, 162 - Centro","Centro","Rio de Janeiro","RJ","http://www.lacumbuca.com/"
"lacumbuca-novissimo-edgar-jamaicaxias-2026-04-18-21-00-lado-b-rua-primeiro-de-marco-14-tra","Novíssimo Edgar / Jamaicaxias","2026-04-18","21:00","2026-04-18T21:00:00-03:00","20 antecipado","false","Lado B - Rua Primeiro de Março, 14 - Travessa do Comércio - Centro","Centro","Rio de Janeiro","RJ","http://www.lacumbuca.com/"
"lacumbuca-paulinho-da-viola-2026-04-18-21-30-qualistage-via-parque-shopping-avenida-ayrton","Paulinho da Viola","2026-04-18","21:30","2026-04-18T21:30:00-03:00","a partir de 65 meia","false","Qualistage - Via Parque Shopping - Avenida Ayrton Senna, 3000 - Barra da Tijuca","Barra da Tijuca","Rio de Janeiro","RJ","http://www.lacumbuca.com/"
"lacumbuca-river-blues-band-2026-04-18-21-30-mississippi-delta-blues-bar-rua-pedro-ernesto-","River Blues Band","2026-04-18","21:30","2026-04-18T21:30:00-03:00","20 antecipado, 30 na hora","false","Mississippi Delta Blues Bar - Rua Pedro Ernesto, 89 - Gamboa","Gamboa","Rio de Janeiro","RJ","http://www.lacumbuca.com/"
"lacumbuca-sandra-sa-festa-puro-suco-2026-04-18-22-00-centro-rio-de-janeiro","Sandra Sá (Festa Puro Suco)","2026-04-18","22:00","2026-04-18T22:00:00-03:00","grátis antecipado pela internet, 20 1º lote","true","Centro - Rio de Janeiro","Rio de Janeiro","Rio de Janeiro","RJ","http://www.lacumbuca.com/"
"lacumbuca-linn-da-quebrada-festa-lamina-2026-04-18-23-00-centro-rio-de-janeiro","Linn da Quebrada (Festa Lâmina)","2026-04-18","23:00","2026-04-18T23:00:00-03:00","60 2º lote","false","Centro - Rio de Janeiro","Rio de Janeiro","Rio de Janeiro","RJ","http://www.lacumbuca.com/"
"lacumbuca-ajuliacosta-nanda-tsunami-festa-nu-brilho-2026-04-18-23-30-quadra-da-imperio-ser","AJULIACOSTA / Nanda Tsunami (Festa Nu Brilho)","2026-04-18","23:30","2026-04-18T23:30:00-03:00","100 3º lote","false","Quadra da Império Serrano - Avenida Min. Edgard Romero, 114 - Madureira","Madureira","Rio de Janeiro","RJ","http://www.lacumbuca.com/"
"lacumbuca-festa-musica-para-dancar-na-moral-djs-2026-04-19-13-00-solar-do-jambeiro-rua-pre","Festa Música Para Dançar na Moral: DJs","2026-04-19","13:00","2026-04-19T13:00:00-03:00","grátis","true","Solar do Jambeiro - Rua Pres. Domiciano, 195 - Ingá - Niterói","Niterói","Rio de Janeiro","RJ","http://www.lacumbuca.com/"
"lacumbuca-festival-rock-100-autoral-klinsh-laggus-a-outra-mau-pressagio-punhal-a-grave-car","Festival Rock 100% Autoral: Klinsh / Laggus / A Outra / Mau Presságio / Punhal / A Grave / Carminium / For Life / Off Dead / Séquito / Olha o Pesado! / Selflab","2026-04-19","14:00","2026-04-19T14:00:00-03:00","grátis","true","Heavy Beer Bar - Rua Ceará, 104 - Praça da Bandeira","Praça da Bandeira","Rio de Janeiro","RJ","http://www.lacumbuca.com/"
"lacumbuca-imundos-skorno-keres-khaos-2026-04-19-15-00-taverna-do-troll-rua-renan-souza-sil","Imundos / Skorno / Keres Khaos","2026-04-19","15:00","2026-04-19T15:00:00-03:00","20 antecipado","false","Taverna do Troll - Rua Renan Souza Silva, 32 - Bom Pastor - Belford Roxo","Belford Roxo","Rio de Janeiro","RJ","http://www.lacumbuca.com/"
"lacumbuca-dj-marcelinho-da-lua-2026-04-19-15-00-indecente-cafe-rua-felicio-dos-santos-3-sa","DJ Marcelinho da Lua","2026-04-19","15:00","2026-04-19T15:00:00-03:00","contribuição voluntária","false","Indecente Café - Rua Felício dos Santos, 3 - Santa Teresa","Santa Teresa","Rio de Janeiro","RJ","http://www.lacumbuca.com/"
"lacumbuca-hydrah-guvrim-dois-infinitos-tornokre-pinheads-cara-de-porco-2026-04-19-15-00-an","Hydrah / Guvrim / Dois Infinitos / Tornokrê / Pinheads / Cara de Porco","2026-04-19","15:00","2026-04-19T15:00:00-03:00","grátis","true","Antiga Toca do Rato - Rua Belmonte, 32 - Parque Fluminense - Duque de Caxias","Duque de Caxias","Rio de Janeiro","RJ","http://www.lacumbuca.com/"
"lacumbuca-ridja-d-w-o-montanee-jeca-sao-faivi-azero2-endegaloba-kau-herdy-lunna-noug-festi","Ridja / D.W.O. / Montanee / Jeca São Faivi / Azero2 / Endegaloba / Kau Herdy / Lunna Noug (Festival de Bandas Independentes)","2026-04-19","16:00","2026-04-19T16:00:00-03:00","25 antecipado","false","Rock Experience Club - Rua do Riachuelo, 20 - Lapa","Lapa","Rio de Janeiro","RJ","http://www.lacumbuca.com/"
"lacumbuca-orquestra-circonica-2026-04-19-16-00-sesc-sao-goncalo-av-pres-kennedy-755-estrel","Orquestra Circônica","2026-04-19","16:00","2026-04-19T16:00:00-03:00","7,50 meia","false","SESC São Gonçalo - Av. Pres. Kennedy, 755 - Estrela do Norte - São Gonçalo","São Gonçalo","Rio de Janeiro","RJ","http://www.lacumbuca.com/"
"lacumbuca-triplex-s-a-vante-capitaes-de-areia-batalha-das-bandas-2026-04-19-17-00-planet-m","Triplex S/A / Vante! / Capitães de Areia (Batalha das Bandas)","2026-04-19","17:00","2026-04-19T17:00:00-03:00","10","false","Planet Music - Avenida Ernani Cardoso, 66 - Cascadura","Cascadura","Rio de Janeiro","RJ","http://www.lacumbuca.com/"
"lacumbuca-cassia-novelo-nadha-risca-faca-kupula-rock-metal-2026-04-19-17-00-calabouco-rua-","Cássia Novelo / Nadha / Risca Faca (Kupula Rock Metal)","2026-04-19","17:00","2026-04-19T17:00:00-03:00","18 antecipado, 25 na hora","false","Calabouço - Rua Felipe Camarão, 130 - Tijuca","Tijuca","Rio de Janeiro","RJ","http://www.lacumbuca.com/"
"lacumbuca-quinteto-urca-brass-2026-04-19-17-30-centro-cultural-da-justica-federal-av-rio-b","Quinteto Urca Brass","2026-04-19","17:30","2026-04-19T17:30:00-03:00","grátis","true","Centro Cultural da Justiça Federal - Av. Rio Branco, 241 - Cinelândia","Cinelândia","Rio de Janeiro","RJ","http://www.lacumbuca.com/"
"lacumbuca-manuca-dom-jazz-2026-04-19-18-00-firma-ltda-rua-da-candelaria-92-centro","Manuca (Dom Jazz)","2026-04-19","18:00","2026-04-19T18:00:00-03:00","grátis","true","Firma LTDA. - Rua da Candelária, 92 - Centro","Centro","Rio de Janeiro","RJ","http://www.lacumbuca.com/"
"lacumbuca-jonatas-belgrande-2026-04-19-19-00-dolores-club-rua-do-lavradio-10-centro","Jônatas Belgrande","2026-04-19","19:00","2026-04-19T19:00:00-03:00","30 meia antecipado, 40 meia na hora","false","Dolores Club - Rua do Lavradio, 10 - Centro","Centro","Rio de Janeiro","RJ","http://www.lacumbuca.com/"
"lacumbuca-andrea-dutra-2026-04-19-19-00-blue-note-rio-avenida-atlantica-1910-copacabana","Andrea Dutra","2026-04-19","19:00","2026-04-19T19:00:00-03:00","a partir de 60 meia","false","Blue Note Rio - Avenida Atlântica, 1910 - Copacabana","Copacabana","Rio de Janeiro","RJ","http://www.lacumbuca.com/"
"lacumbuca-pedro-pedrosa-2026-04-19-19-00-teatro-cafe-pequeno-avenida-ataulfo-de-paiva-269-","Pedro Pedrosa","2026-04-19","19:00","2026-04-19T19:00:00-03:00","25 meia","false","Teatro Café Pequeno - Avenida Ataulfo de Paiva, 269 - Leblon","Leblon","Rio de Janeiro","RJ","http://www.lacumbuca.com/"
"lacumbuca-jay-a-lei-djs-2026-04-19-19-00-espaco-bxd-in-cena-rua-prata-35-coelho-da-rocha-s","Jay, A Lei / DJs","2026-04-19","19:00","2026-04-19T19:00:00-03:00","grátis","true","Espaço BXD In Cena - Rua Prata, 35 - Coelho da Rocha - São João de Meriti","São João de Meriti","Rio de Janeiro","RJ","http://www.lacumbuca.com/"
"lacumbuca-domenico-lancellotti-ricardo-dias-gomes-2026-04-19-20-00-audio-rebel-rua-viscond","Domenico Lancellotti & Ricardo Dias Gomes","2026-04-19","20:00","2026-04-19T20:00:00-03:00","25 antecipado, 35 na hora","false","Audio Rebel - Rua Visconde Silva, 55 - Botafogo","Botafogo","Rio de Janeiro","RJ","http://www.lacumbuca.com/"
"lacumbuca-xamego-delas-lumiarinas-meninas-do-folia-saia-de-samba-debora-rebel-elisa-neves-","Xamego Delas / Lumiarinas / Meninas do Folia / Saia de Samba / Débora Rebel / Elisa Neves (Festival Juçara Caipira)","2026-04-20","11:00","2026-04-20T11:00:00-03:00","grátis","true","Circo Voador - Lapa","Lapa","Rio de Janeiro","RJ","http://www.lacumbuca.com/"
"lacumbuca-caio-colasante-eduardo-manso-lcuas-2026-04-20-19-00-escritorio-rua-da-constituic","Caio Colasante / Eduardo Manso & Lcuas","2026-04-20","19:00","2026-04-20T19:00:00-03:00","15 antecipado, 20 na hora","false","Escritório - Rua da Constituição, 64 - Centro","Centro","Rio de Janeiro","RJ","http://www.lacumbuca.com/"
"lacumbuca-dj-laurent-garnier-2026-04-20-20-00-centro-rio-de-janeiro","DJ Laurent Garnier","2026-04-20","20:00","2026-04-20T20:00:00-03:00","a partir de 170","false","Centro - Rio de Janeiro","Rio de Janeiro","Rio de Janeiro","RJ","http://www.lacumbuca.com/"
"lacumbuca-frederico-heliodoro-felipe-continentino-joana-queiroz-trio-2026-04-20-20-00-audi","Frederico Heliodoro & Felipe Continentino & Joana Queiroz Trio","2026-04-20","20:00","2026-04-20T20:00:00-03:00","35 antecipado, 45 na hora","false","Audio Rebel - Rua Visconde Silva, 55 - Botafogo","Botafogo","Rio de Janeiro","RJ","http://www.lacumbuca.com/"
"lacumbuca-digital-dubs-lys-ventura-2026-04-20-20-30-passeio-publico-rua-do-passeio-cinelan","Digital Dubs / Lys Ventura","2026-04-20","20:30","2026-04-20T20:30:00-03:00","grátis antecipado até 23h, contribuição voluntária sugerida a partir de 10 após","true","Passeio Público - Rua do Passeio - Cinelândia","Cinelândia","Rio de Janeiro","RJ","http://www.lacumbuca.com/"
"lacumbuca-rom-santana-gabi-matos-djs-festa-xepa-2026-04-20-22-00-mauacba-skate-coffee-prac","Rom Santana / Gabi Matos / DJs (Festa Xêpa)","2026-04-20","22:00","2026-04-20T22:00:00-03:00","30 1º lote","false","Mauacba Skate Coffee - Praça XV, nº 2 loja B1 (antigo Bob´s) - Centro","Centro","Rio de Janeiro","RJ","http://www.lacumbuca.com/"
"lacumbuca-roda-cultural-do-centenario-edicao-sarau-delxs-deusa-mc-akauff-batalha-de-mcs-dj","Roda Cultural do Centenário - Edição Sarau Delxs: Deusa MC / Akauff / Batalha de MCs / DJs","2026-04-21","17:00","2026-04-21T17:00:00-03:00","grátis","true","Praça do Jardim Leal - Rua Dom Silvério - Centenário - Duque de Caxias","Duque de Caxias","Rio de Janeiro","RJ","http://www.lacumbuca.com/"
"lacumbuca-fbc-djs-festa-domply-2026-04-21-18-00-cidade-das-artes-grande-sala-avenida-das-a","FBC / DJs (Festa Domply)","2026-04-21","18:00","2026-04-21T18:00:00-03:00","","false","Cidade das Artes - Grande Sala - Avenida das Américas, 5300 - Barra da Tijuca","Barra da Tijuca","Rio de Janeiro","RJ","http://www.lacumbuca.com/"
"lacumbuca-arlindinho-2026-04-21-18-30-teatro-joao-caetano-praca-tiradentes-s-n-centro","Arlindinho","2026-04-21","18:30","2026-04-21T18:30:00-03:00","2,50 meia","false","Teatro João Caetano - Praça Tiradentes, s/n - Centro","Centro","Rio de Janeiro","RJ","http://www.lacumbuca.com/"
"lacumbuca-theo-bial-2026-04-21-19-00-dolores-club-rua-do-lavradio-10-centro","Theo Bial","2026-04-21","19:00","2026-04-21T19:00:00-03:00","30 meia antecipado, 40 meia na hora","false","Dolores Club - Rua do Lavradio, 10 - Centro","Centro","Rio de Janeiro","RJ","http://www.lacumbuca.com/"
"lacumbuca-choro-batucada-participacao-bebe-kramer-2026-04-21-19-00-glorioso-cultural-rua-d","Choro Batucada - Participação: Bebê Kramer","2026-04-21","19:00","2026-04-21T19:00:00-03:00","25 promocional, 30 antecipado, 40 na hora","false","Glorioso Cultural - Rua do Catete, 95 - Catete","Catete","Rio de Janeiro","RJ","http://www.lacumbuca.com/"
"lacumbuca-fausto-fawcett-animakina-2026-04-21-19-00-espaco-sesc-rua-domingos-ferreira-160-","Fausto Fawcett: Animakina","2026-04-21","19:00","2026-04-21T19:00:00-03:00","7,50 meia","false","Espaço SESC - Rua Domingos Ferreira, 160 - Copacabana","Copacabana","Rio de Janeiro","RJ","http://www.lacumbuca.com/"
"lacumbuca-dori-caymmi-2026-04-21-20-00-teatro-ipanema-rua-prudente-de-morais-824-ipanema","Dori Caymmi","2026-04-21","20:00","2026-04-21T20:00:00-03:00","INGRESSOS ESGOTADOS","false","Teatro Ipanema - Rua Prudente de Morais, 824 - Ipanema","Ipanema","Rio de Janeiro","RJ","http://www.lacumbuca.com/"
"lacumbuca-marya-bravo-2026-04-21-20-00-teatro-glaucio-gill-praca-cardeal-arcoverde-s-n-cop","Marya Bravo","2026-04-21","20:00","2026-04-21T20:00:00-03:00","5 meia","false","Teatro Glaucio Gill - Praça Cardeal Arcoverde, s/n - Copacabana","Copacabana","Rio de Janeiro","RJ","http://www.lacumbuca.com/"
"lacumbuca-kae-guajajara-acustico-2026-04-21-20-00-manouche-jockey-club-rua-jardim-botanico","Kaê Guajajara: Acústico","2026-04-21","20:00","2026-04-21T20:00:00-03:00","60 meia","false","Manouche - Jockey Club - Rua Jardim Botânico, 983 - Jardim Botânico","Jardim Botânico","Rio de Janeiro","RJ","http://www.lacumbuca.com/"
"lacumbuca-jeremy-gustin-dora-morelenbaum-paulo-emmery-guilherme-lirio-carol-maia-tori-fred","Jeremy Gustin & Dora Morelenbaum & Paulo Emmery & Guilherme Lirio & Carol Maia & Tori & Frederico Heliodoro (Noite de Improviso)","2026-04-21","20:00","2026-04-21T20:00:00-03:00","35 antecipado, 45 na hora","false","Audio Rebel - Rua Visconde Silva, 55 - Botafogo","Botafogo","Rio de Janeiro","RJ","http://www.lacumbuca.com/"
"lacumbuca-marcos-campello-wagner-ramos-marcela-mara-beatriz-firmino-2026-04-21-20-00-escri","Marcos Campello & Wagner Ramos & Marcela Mara & Beatriz Firmino","2026-04-21","20:00","2026-04-21T20:00:00-03:00","20 antecipado, 30 na hora","false","Escritório - Rua da Constituição, 64 - Centro","Centro","Rio de Janeiro","RJ","http://www.lacumbuca.com/"
"lacumbuca-eco-som-systema-2026-04-22-18-00-v1d4dur4-beco-de-braganca-26-centro","Eco Som Systema","2026-04-22","18:00","2026-04-22T18:00:00-03:00","contribuição voluntária","false","v1d4dur4 - Beco de Bragança, 26 - Centro","Centro","Rio de Janeiro","RJ","http://www.lacumbuca.com/"
"lacumbuca-antonio-neves-2026-04-22-18-00-indecente-cafe-rua-felicio-dos-santos-3-santa-ter","Antonio Neves","2026-04-22","18:00","2026-04-22T18:00:00-03:00","contribuição voluntária","false","Indecente Café - Rua Felício dos Santos, 3 - Santa Teresa","Santa Teresa","Rio de Janeiro","RJ","http://www.lacumbuca.com/"
"lacumbuca-grupo-chora-comigo-2026-04-22-19-00-centro-de-referencia-da-musica-carioca-rua-c","Grupo Chora Comigo","2026-04-22","19:00","2026-04-22T19:00:00-03:00","5 meia","false","Centro de Referência da Música Carioca - Rua Conde de Bonfim, 824 - Tijuca","Tijuca","Rio de Janeiro","RJ","http://www.lacumbuca.com/"
"lacumbuca-kena-jazz-quinteto-2026-04-22-19-00-novo-mercado-sao-jose-rua-das-laranjeiras-90","Kena Jazz Quinteto","2026-04-22","19:00","2026-04-22T19:00:00-03:00","grátis","true","Novo Mercado São José - Rua das Laranjeiras, 90 - Laranjeiras","Laranjeiras","Rio de Janeiro","RJ","http://www.lacumbuca.com/"
"lacumbuca-diogo-acosta-2026-04-22-19-00-beco-da-cultura-rua-do-mercado-51-praca-xv-centro","Diogo Acosta","2026-04-22","19:00","2026-04-22T19:00:00-03:00","contribuição voluntária","false","Beco da Cultura - Rua do Mercado, 51 - Praça XV - Centro","Centro","Rio de Janeiro","RJ","http://www.lacumbuca.com/"
"lacumbuca-renato-blackmort-2026-04-22-20-00-audio-rebel-rua-visconde-silva-55-botafogo","Renato Blackmort","2026-04-22","20:00","2026-04-22T20:00:00-03:00","30","false","Audio Rebel - Rua Visconde Silva, 55 - Botafogo","Botafogo","Rio de Janeiro","RJ","http://www.lacumbuca.com/"
"lacumbuca-samba-da-volta-2026-04-22-20-00-sdv-rua-da-constituicao-54-centro","Samba da Volta","2026-04-22","20:00","2026-04-22T20:00:00-03:00","15","false","SDV - Rua da Constituição, 54 - Centro","Centro","Rio de Janeiro","RJ","http://www.lacumbuca.com/"
"lacumbuca-cancelado-smash-mouth-spin-doctors-2026-04-22-21-00-fundicao-progresso-lapa","CANCELADO: Smash Mouth / Spin Doctors","2026-04-22","21:00","2026-04-22T21:00:00-03:00","180 meia vip 1º lote, 120 meia simples 1º lote","false","Fundição Progresso - Lapa","Lapa","Rio de Janeiro","RJ","http://www.lacumbuca.com/"
"lacumbuca-the-lumineers-2026-04-22-21-00-vivo-rio-av-infante-dom-henrique-85-parque-do-fla","The Lumineers","2026-04-22","21:00","2026-04-22T21:00:00-03:00","a partir de 260 meia","false","Vivo Rio - Av. Infante Dom Henrique, 85 - Parque do Flamengo","Parque do Flamengo","Rio de Janeiro","RJ","http://www.lacumbuca.com/"
"lacumbuca-arariboia-jazz-2026-04-22-22-30-blue-note-rio-avenida-atlantica-1910-copacabana","Arariboia Jazz","2026-04-22","22:30","2026-04-22T22:30:00-03:00","a partir de 60 meia","false","Blue Note Rio - Avenida Atlântica, 1910 - Copacabana","Copacabana","Rio de Janeiro","RJ","http://www.lacumbuca.com/"
"lacumbuca-joel-nascimento-mestre-siqueira-flavia-enne-conjunto-grapiuna-pedro-cantalice-se","Joel Nascimento / Mestre Siqueira / Flavia Enne / Conjunto Grapiúna / Pedro Cantalice / Serginho Castanheira / Meu Kantinho / Lídia Quadros (Dia Nacional do Choro)","2026-04-23","11:00","2026-04-23T11:00:00-03:00","grátis","true","Reduto Pixinguinha - Praça Ramos Figueira - Olaria","Olaria","Rio de Janeiro","RJ","http://www.lacumbuca.com/"
"lacumbuca-dia-nacional-do-choro-trem-do-choro-saindo-11h-da-central-em-direcao-ao-reduto-p","Dia Nacional do Choro - Trem do Choro (saindo 11h da Central em direção ao Reduto Pixinguinha em Olaria)","2026-04-23","11:00","2026-04-23T11:00:00-03:00","7 , 60","false","Central do Brasil - Praça Cristiano Ottoni - Centro","Centro","Rio de Janeiro","RJ","http://www.lacumbuca.com/"
"lacumbuca-dudu-nobre-feijoada-de-sao-jorge-2026-04-23-12-00-cacique-de-ramos-rua-uranos-13","Dudu Nobre (Feijoada de São Jorge)","2026-04-23","12:00","2026-04-23T12:00:00-03:00","a partir de 40","false","Cacique de Ramos - Rua Uranos, 1326 - Olaria","Olaria","Rio de Janeiro","RJ","http://www.lacumbuca.com/"
"lacumbuca-bloco-afro-maracatu-tambor-de-cumba-essas-mulheres-pagode-do-feijao-feijoada-de-","Bloco Afro Maracatu / Tambor de Cumba / Essas Mulheres / Pagode do Feijão (Feijoada de Ogum)","2026-04-23","12:00","2026-04-23T12:00:00-03:00","","false","Manga Bar - Rua Visconde de Niterói, 1170 - Mangueira","Mangueira","Rio de Janeiro","RJ","http://www.lacumbuca.com/"
"lacumbuca-bloco-aconteceu-feijoada-de-sao-jorge-2026-04-23-12-00-centro-cultural-laurinda-","Bloco Aconteceu: Feijoada de São Jorge","2026-04-23","12:00","2026-04-23T12:00:00-03:00","35","false","Centro Cultural Laurinda Santos Lobo - Rua Monte Alegre, 306 - Santa Teresa","Santa Teresa","Rio de Janeiro","RJ","http://www.lacumbuca.com/"
"lacumbuca-banda-do-cordao-do-bola-preta-exaltacao-ao-samba-de-enredo-confraria-carioca-fei","Banda do Cordão do Bola Preta / Exaltação ao Samba de Enredo / Confraria Carioca: Feijoada de São Jorge","2026-04-23","12:00","2026-04-23T12:00:00-03:00","30","false","Cordão da Bola Preta - Rua da Relação, 3 - Lapa","Lapa","Rio de Janeiro","RJ","http://www.lacumbuca.com/"
"lacumbuca-leci-brandao-feijoada-de-sao-jorge-2026-04-23-13-00-casarao-firmino-rua-da-relac","Leci Brandão (Feijoada de São Jorge)","2026-04-23","13:00","2026-04-23T13:00:00-03:00","25 3º lote","false","Casarão Firmino - Rua da Relação, 19 - Lapa","Lapa","Rio de Janeiro","RJ","http://www.lacumbuca.com/"
"lacumbuca-fundo-de-quintal-bateria-da-imperatriz-leopoldinense-feijoada-de-sao-jorge-2026-","Fundo de Quintal / Bateria da Imperatriz Leopoldinense (Feijoada de São Jorge)","2026-04-23","13:00","2026-04-23T13:00:00-03:00","a partir de 25","false","Quadra da Imperatriz Leopoldinense - Rua Professor Lacé, 235 - Ramos","Ramos","Rio de Janeiro","RJ","http://www.lacumbuca.com/"
"lacumbuca-raoni-dandara-ventapane-feijoada-de-sao-jorge-2026-04-23-13-00-teva-bistro-rua-h","Raoni & Dandara Ventapane: Feijoada de São Jorge","2026-04-23","13:00","2026-04-23T13:00:00-03:00","88","false","Teva Bistrô - Rua Henrique Dumont, 110 - Ipanema","Ipanema","Rio de Janeiro","RJ","http://www.lacumbuca.com/"
"lacumbuca-jorge-aragao-arlindinho-bateria-da-portela-feijoada-de-sao-jorge-2026-04-23-14-0","Jorge Aragão / Arlindinho / Bateria da Portela: Feijoada de São Jorge","2026-04-23","14:00","2026-04-23T14:00:00-03:00","35","false","Quadra do Salgueiro - Rua Silva Teles, 104 - Andaraí","Andaraí","Rio de Janeiro","RJ","http://www.lacumbuca.com/"
"lacumbuca-favela-brass-banda-preta-2026-04-23-17-00-pizzaria-do-hedi-rua-almirante-alexand","Favela Brass / Banda Preta","2026-04-23","17:00","2026-04-23T17:00:00-03:00","","false","Pizzaria do Hedi - Rua Almirante Alexandrino, 2023 - Casa 31 - Santa Teresa","Santa Teresa","Rio de Janeiro","RJ","http://www.lacumbuca.com/"
"lacumbuca-morgana-moreno-francisco-pellegrini-festival-internacional-de-choro-de-niteroi-2","Morgana Moreno & Francisco Pellegrini (Festival Internacional de Choro de Niterói)","2026-04-23","17:30","2026-04-23T17:30:00-03:00","grátis","true","Reserva Cultural - Avenida Visconde do Rio Branco, 880 - São Domingos - Niterói","Niterói","Rio de Janeiro","RJ","http://www.lacumbuca.com/"
"lacumbuca-fernando-vidal-2026-04-23-18-00-coordenadas-bar-rua-da-passagem-19-botafogo","Fernando Vidal","2026-04-23","18:00","2026-04-23T18:00:00-03:00","50 antecipado, 60 na hora","false","Coordenadas Bar - Rua da Passagem, 19 - Botafogo","Botafogo","Rio de Janeiro","RJ","http://www.lacumbuca.com/"
"lacumbuca-joana-queiroz-quinteto-2026-04-23-18-00-indecente-cafe-rua-felicio-dos-santos-3-","Joana Queiroz Quinteto","2026-04-23","18:00","2026-04-23T18:00:00-03:00","contribuição voluntária","false","Indecente Café - Rua Felício dos Santos, 3 - Santa Teresa","Santa Teresa","Rio de Janeiro","RJ","http://www.lacumbuca.com/"
"lacumbuca-festa-trem-bala-djs-2026-04-23-18-00-firma-ltda-rua-da-candelaria-92-centro","Festa Trem Bala: DJs","2026-04-23","18:00","2026-04-23T18:00:00-03:00","grátis","true","Firma LTDA. - Rua da Candelária, 92 - Centro","Centro","Rio de Janeiro","RJ","http://www.lacumbuca.com/"
"lacumbuca-pedro-lanches-quedalivre-lunoz-2026-04-23-19-00-vizinha-123-rua-henrique-de-nova","Pedro Lanches / quedalivre / Lunoz","2026-04-23","19:00","2026-04-23T19:00:00-03:00","25 antecipado","false","Vizinha 123 - Rua Henrique de Novaes, 123 - Botafogo","Botafogo","Rio de Janeiro","RJ","http://www.lacumbuca.com/"
"lacumbuca-gabriel-perelo-participacao-aiye-2026-04-23-19-00-espaco-sergio-porto-rua-humait","Gabriel Perelo - Participação: Àiyé","2026-04-23","19:00","2026-04-23T19:00:00-03:00","20 meia","false","Espaço Sérgio Porto - Rua Humaitá, 163 - Humaitá","Humaitá","Rio de Janeiro","RJ","http://www.lacumbuca.com/"
"lacumbuca-renato-teixeira-2026-04-23-19-00-teatro-mario-lago-rua-jaime-redondo-2-bangu","Renato Teixeira","2026-04-23","19:00","2026-04-23T19:00:00-03:00","2,50 meia","false","Teatro Mário Lago - Rua Jaime Redondo, 2 - Bangu","Bangu","Rio de Janeiro","RJ","http://www.lacumbuca.com/"
"lacumbuca-nicole-cyrne-kim-pereira-trio-2026-04-23-19-00-eleninha-rua-pacheco-leao-780-hor","Nicole Cyrne & Kim Pereira Trio","2026-04-23","19:00","2026-04-23T19:00:00-03:00","","false","Eleninha - Rua Pacheco Leão, 780 - Horto","Horto","Rio de Janeiro","RJ","http://www.lacumbuca.com/"
"lacumbuca-danilo-caymmi-2026-04-23-20-00-blue-note-rio-avenida-atlantica-1910-copacabana","Danilo Caymmi","2026-04-23","20:00","2026-04-23T20:00:00-03:00","a partir de 60 meia","false","Blue Note Rio - Avenida Atlântica, 1910 - Copacabana","Copacabana","Rio de Janeiro","RJ","http://www.lacumbuca.com/"
"lacumbuca-alambic-2026-04-23-20-00-audio-rebel-rua-visconde-silva-55-botafogo","Alambic","2026-04-23","20:00","2026-04-23T20:00:00-03:00","35 antecipado, 45 na hora","false","Audio Rebel - Rua Visconde Silva, 55 - Botafogo","Botafogo","Rio de Janeiro","RJ","http://www.lacumbuca.com/"
"lacumbuca-trio-janaju-2026-04-23-20-00-teatro-municipal-de-niteroi-rua-xv-de-novembro-35-c","Trio Janaju","2026-04-23","20:00","2026-04-23T20:00:00-03:00","grátis","true","Teatro Municipal de Niterói - Rua XV de Novembro, 35 - Centro - Niterói","Niterói","Rio de Janeiro","RJ","http://www.lacumbuca.com/"
"lacumbuca-favela-brass-joe-ze-pepe-josiel-konrad-festival-inclusivo-2026-04-23-20-00-teatr","Favela Brass / Joe Zé Pepe / Josiel Konrad (Festival Inclusivo)","2026-04-23","20:00","2026-04-23T20:00:00-03:00","grátis","true","Teatro do Jockey - Jockey Club Brasileiro - Avenida Bartolomeu Mitre, 1110 – Leblon","Avenida Bartolomeu Mitre, 1110 – Leblon","Rio de Janeiro","RJ","http://www.lacumbuca.com/"
"lacumbuca-bondesom-2026-04-23-20-30-manouche-jockey-club-rua-jardim-botanico-983-jardim-bo","Bondesom","2026-04-23","20:30","2026-04-23T20:30:00-03:00","80 meia","false","Manouche - Jockey Club - Rua Jardim Botânico, 983 - Jardim Botânico","Jardim Botânico","Rio de Janeiro","RJ","http://www.lacumbuca.com/"
"lacumbuca-silverio-pontes-everson-moraes-festival-internacional-de-choro-de-niteroi-2026-0","Silvério Pontes & Everson Moraes (Festival Internacional de Choro de Niterói)","2026-04-23","20:30","2026-04-23T20:30:00-03:00","grátis","true","Sala Nelson Pereira dos Santos - Av. Visconde do Rio Branco, 880 - São Domingos - Niterói","Niterói","Rio de Janeiro","RJ","http://www.lacumbuca.com/"
"lacumbuca-julia-joia-2026-04-23-21-45-elena-horto-rua-pacheco-leao-758-jardim-botanico","Julia Joia","2026-04-23","21:45","2026-04-23T21:45:00-03:00","","false","Elena Horto - Rua Pacheco Leão, 758 - Jardim Botânico","Jardim Botânico","Rio de Janeiro","RJ","http://www.lacumbuca.com/"
"lacumbuca-danilo-caymmi-2026-04-23-22-30-blue-note-rio-avenida-atlantica-1910-copacabana","Danilo Caymmi","2026-04-23","22:30","2026-04-23T22:30:00-03:00","a partir de 60 meia","false","Blue Note Rio - Avenida Atlântica, 1910 - Copacabana","Copacabana","Rio de Janeiro","RJ","http://www.lacumbuca.com/"
"lacumbuca-rogerio-souza-amaro-freitas-choro-batucada-festival-de-choro-de-niteroi-2026-04-","Rogério Souza / Amaro Freitas / Choro Batucada (Festival de Choro de Niterói)","2026-04-24","14:00","2026-04-24T14:00:00-03:00","grátis","true","Reserva Cultural - Avenida Visconde do Rio Branco, 880 - São Domingos - Niterói","Niterói","Rio de Janeiro","RJ","http://www.lacumbuca.com/"
"lacumbuca-sangue-de-bode-litrao-dor-profana-rottenblot-mityma-austera-fardo-cinzero-2026-0","Sangue de Bode / Liträo / Dör Pröfana / Rottenblot / Mityma / Austera / Färdo / Cinzëro","2026-04-24","18:00","2026-04-24T18:00:00-03:00","20 1° lote, 30 2° lote, 45 3° lote ou na hora","false","Garage Grindhouse - Rua Ceará, 154 - Praça da Bandeira","Praça da Bandeira","Rio de Janeiro","RJ","http://www.lacumbuca.com/"
"lacumbuca-mauricio-einhorn-2026-04-24-18-00-sesc-niteroi-rua-padre-anchieta-56-sao-domingo","Maurício Einhorn","2026-04-24","18:00","2026-04-24T18:00:00-03:00","7,50 meia","false","SESC Niterói - Rua Padre Anchieta, 56 - São Domingos - Niterói","Niterói","Rio de Janeiro","RJ","http://www.lacumbuca.com/"
"lacumbuca-marcelle-britto-2026-04-24-18-00-sesc-niteroi-rua-padre-anchieta-56-sao-domingos","Marcelle Britto","2026-04-24","18:00","2026-04-24T18:00:00-03:00","grátis","true","SESC Niterói - Rua Padre Anchieta, 56 - São Domingos - Niterói","Niterói","Rio de Janeiro","RJ","http://www.lacumbuca.com/"
"lacumbuca-malungo-dengo-2026-04-24-18-00-al-farabi-rua-do-mercado-34-boulevard-olimpico-pr","Malungo Dengo","2026-04-24","18:00","2026-04-24T18:00:00-03:00","grátis","true","Al Farabi - Rua do Mercado, 34 - Boulevard Olímpico - Praça XV","Praça XV","Rio de Janeiro","RJ","http://www.lacumbuca.com/"
"lacumbuca-pedro-sa-ricardo-dias-gomes-jeremy-gustin-2026-04-24-18-00-indecente-cafe-rua-fe","Pedro Sá & Ricardo Dias Gomes & Jeremy Gustin","2026-04-24","18:00","2026-04-24T18:00:00-03:00","contribuição voluntária","false","Indecente Café - Rua Felício dos Santos, 3 - Santa Teresa","Santa Teresa","Rio de Janeiro","RJ","http://www.lacumbuca.com/"
"lacumbuca-rodox-2026-04-24-19-00-espaco-sacadura-154-rua-sacadura-cabral-154-saude","Rodox","2026-04-24","19:00","2026-04-24T19:00:00-03:00","120 meia 2º lote","false","Espaço Sacadura 154 - Rua Sacadura Cabral, 154 - Saúde","Saúde","Rio de Janeiro","RJ","http://www.lacumbuca.com/"
"lacumbuca-iuri-bittar-2026-04-24-19-00-arte-sesc-rua-marques-de-abrantes-99-flamengo","Iuri Bittar","2026-04-24","19:00","2026-04-24T19:00:00-03:00","grátis","true","Arte SESC - Rua Marquês de Abrantes, 99 - Flamengo","Flamengo","Rio de Janeiro","RJ","http://www.lacumbuca.com/"
"lacumbuca-choro-de-cordel-2026-04-24-19-00-casa-amo-cordel-rua-buenos-aires-27-centro","Choro de Cordel","2026-04-24","19:00","2026-04-24T19:00:00-03:00","grátis","true","Casa Amo Cordel - Rua Buenos Aires, 27 - Centro","Centro","Rio de Janeiro","RJ","http://www.lacumbuca.com/"
"lacumbuca-ordinarius-2026-04-24-19-30-teatro-rival-rua-alvaro-alvim-33-cinelandia","Ordinarius","2026-04-24","19:30","2026-04-24T19:30:00-03:00","70 meia setor A, 60 meia setor B","false","Teatro Rival - Rua Álvaro Alvim, 33 - Cinelândia","Cinelândia","Rio de Janeiro","RJ","http://www.lacumbuca.com/"
"lacumbuca-rafael-rio-branco-2026-04-24-20-00-audio-rebel-rua-visconde-silva-55-botafogo","Rafael Rio Branco","2026-04-24","20:00","2026-04-24T20:00:00-03:00","40","false","Audio Rebel - Rua Visconde Silva, 55 - Botafogo","Botafogo","Rio de Janeiro","RJ","http://www.lacumbuca.com/"
"lacumbuca-ebony-shury-2026-04-24-20-00-circo-voador-lapa","Ebony / Shury","2026-04-24","20:00","2026-04-24T20:00:00-03:00","INGRESSOS ESGOTADOS","false","Circo Voador - Lapa","Lapa","Rio de Janeiro","RJ","http://www.lacumbuca.com/"
"lacumbuca-evinha-2026-04-24-20-00-sesi-jacarepagua-avenida-geremario-dantas-940-freguesia-","Evinha","2026-04-24","20:00","2026-04-24T20:00:00-03:00","20 meia","false","SESI Jacarepaguá - Avenida Geremário Dantas, 940 - Freguesia - Jacarepaguá","Jacarepaguá","Rio de Janeiro","RJ","http://www.lacumbuca.com/"
"lacumbuca-mari-roots-filhos-do-nordeste-2026-04-24-20-00-fundicao-progresso-lapa","Mari Roots / Filhos do Nordeste","2026-04-24","20:00","2026-04-24T20:00:00-03:00","30 meia 1° lote","false","Fundição Progresso - Lapa","Lapa","Rio de Janeiro","RJ","http://www.lacumbuca.com/"
"lacumbuca-aline-paes-pedro-franco-2026-04-24-20-00-acaso-cultural-rua-vicente-de-sousa-16-","Aline Paes & Pedro Franco","2026-04-24","20:00","2026-04-24T20:00:00-03:00","55 meia","false","Acaso Cultural - Rua Vicente de Sousa, 16 - Botafogo","Botafogo","Rio de Janeiro","RJ","http://www.lacumbuca.com/"
"lacumbuca-bala-de-prata-2026-04-24-20-00-musicorum-rua-farani-18-botafogo","Bala de Prata","2026-04-24","20:00","2026-04-24T20:00:00-03:00","30 antecipado","false","Musicorum - Rua Farani, 18 - Botafogo","Botafogo","Rio de Janeiro","RJ","http://www.lacumbuca.com/"
"lacumbuca-f-r-esta-festival-de-improvisacao-performance-e-arte-sonora-flavia-goa-pedro-pag","F(r)esta - Festival de Improvisação, Performance e Arte Sonora: Flavia Goa / Pedro Pagnuzzi / Mariana Moysés & Tatyane Menendes / Seasac","2026-04-24","20:00","2026-04-24T20:00:00-03:00","15 antecipado","false","Escritório - Rua da Constituição, 64 - Centro","Centro","Rio de Janeiro","RJ","http://www.lacumbuca.com/"
"lacumbuca-bernardo-ramos-sergio-krakowski-participacao-bianca-gismonti-felipe-continentino","Bernardo Ramos & Sérgio Krakowski - Participação: Bianca Gismonti & Felipe Continentino & Rafael Macedo","2026-04-24","20:00","2026-04-24T20:00:00-03:00","","false","Recipiente Porongo - Rua Pinheiro Guimarães, 34 - Botafogo","Botafogo","Rio de Janeiro","RJ","http://www.lacumbuca.com/"
"lacumbuca-ifatoki-maira-freitas-jazz-das-minas-2026-04-24-21-00-manouche-jockey-club-rua-j","Ifatoki (Maíra Freitas) & Jazz das Minas","2026-04-24","21:00","2026-04-24T21:00:00-03:00","60 meia","false","Manouche - Jockey Club - Rua Jardim Botânico, 983 - Jardim Botânico","Jardim Botânico","Rio de Janeiro","RJ","http://www.lacumbuca.com/"
"lacumbuca-real-distribuicao-guerrinha-2026-04-24-22-00-trauma-rua-do-carmo-58-centro","Real Distribuição / Guerrinha","2026-04-24","22:00","2026-04-24T22:00:00-03:00","","false","Trauma - Rua do Carmo, 58 - Centro","Centro","Rio de Janeiro","RJ","http://www.lacumbuca.com/"
"lacumbuca-marina-nemesio-lorena-moura-dj-guarana-jesus-2026-04-24-22-00-acervo-bar-edifici","Marina Nemésio / Lorena Moura / DJ Guaraná Jesus","2026-04-24","22:00","2026-04-24T22:00:00-03:00","30 antecipado, 40 na hora","false","Acervo Bar - Edifício Touring - Avenida Rodrigues Alves, 10 - Praça Mauá","Praça Mauá","Rio de Janeiro","RJ","http://www.lacumbuca.com/"
"lacumbuca-bloco-metaverso-sambrass-trombloco-bianca-miranda-xepa-glorioso-feijoada-de-sao-","Bloco Metaverso / Sambrass / Trombloco / Bianca Miranda / Xêpa Glorioso (Feijoada de São Jorge)","2026-04-25","12:00","2026-04-25T12:00:00-03:00","contribuição voluntária","false","Armazém do Campo - Avenida Mem de Sá, 135 - Lapa","Lapa","Rio de Janeiro","RJ","http://www.lacumbuca.com/"
"lacumbuca-orquestra-sopros-do-rio-mario-seve-choro-da-ribeira-beatriz-rabello-celso-fonsec","Orquestra Sopros do Rio / Mário Sève / Choro da Ribeira / Beatriz Rabello / Celso Fonseca & Léo Gandelman / Ifatoki (Maíra Freitas) & Jazz das Minas (Festival de Choro de Niterói)","2026-04-25","14:00","2026-04-25T14:00:00-03:00","grátis","true","Reserva Cultural - Avenida Visconde do Rio Branco, 880 - São Domingos - Niterói","Niterói","Rio de Janeiro","RJ","http://www.lacumbuca.com/"
"lacumbuca-rodas-rimas-afrodite-bxd-bate-papo-2026-04-25-14-00-estudio-mangue-avenida-nossa","Rodas & Rimas: Afrodite BXD (bate-papo)","2026-04-25","14:00","2026-04-25T14:00:00-03:00","grátis","true","Estúdio Mangue - Avenida Nossa Senhora da Penha, 205 - Penha","Penha","Rio de Janeiro","RJ","http://www.lacumbuca.com/"
"lacumbuca-negro-leo-jucara-marcal-kiko-dinucci-pade-2026-04-25-15-00-pilotis-do-mam-av-inf","Negro Leo / Juçara Marçal & Kiko Dinucci: Padê","2026-04-25","15:00","2026-04-25T15:00:00-03:00","grátis","true","Pilotis do MAM - Av. Infante Dom Henrique, 85 - Parque do Flamengo","Parque do Flamengo","Rio de Janeiro","RJ","http://www.lacumbuca.com/"
"lacumbuca-roda-dos-suburbanistas-2026-04-25-15-00-sesc-duque-de-caxias-rua-general-argolo-","Roda dos Suburbanistas","2026-04-25","15:00","2026-04-25T15:00:00-03:00","grátis","true","SESC Duque de Caxias - Rua General Argolo, 47 - 25 de Agosto - Duque de Caxias","Duque de Caxias","Rio de Janeiro","RJ","http://www.lacumbuca.com/"
"lacumbuca-kika-notini-2026-04-25-16-00-sesc-sao-joao-de-meriti-av-automovel-clube-66-centr","Kika Notini","2026-04-25","16:00","2026-04-25T16:00:00-03:00","7,50 meia","false","SESC São João de Meriti - Av. Automóvel Clube, 66 - Centro - São João de Meriti","São João de Meriti","Rio de Janeiro","RJ","http://www.lacumbuca.com/"
"lacumbuca-favela-brass-2026-04-25-16-00-bar-galinhao-da-mata-rua-almirante-alexandrino-202","Favela Brass","2026-04-25","16:00","2026-04-25T16:00:00-03:00","","false","Bar Galinhão da Mata - Rua Almirante Alexandrino, 2023 - Santa Teresa","Santa Teresa","Rio de Janeiro","RJ","http://www.lacumbuca.com/"
"lacumbuca-savage-bando-ogermano-matchola-vitorvulgo-dada-joaozinho-2026-04-25-16-20-lado-b","Savage Bando / OGermano & Matchola / vitorvulgo / Dadá Joãozinho","2026-04-25","16:20","2026-04-25T16:20:00-03:00","75 meia","false","Lado B - Rua Primeiro de Março, 14 - Travessa do Comércio - Centro","Centro","Rio de Janeiro","RJ","http://www.lacumbuca.com/"
"lacumbuca-shitai-karranca-hellming-2026-04-25-16-30-garage-grindhouse-rua-ceara-154-praca-","Shitai / Karranca / Hellming","2026-04-25","16:30","2026-04-25T16:30:00-03:00","10 antecipado, 20 na hora","false","Garage Grindhouse - Rua Ceará, 154 - Praça da Bandeira","Praça da Bandeira","Rio de Janeiro","RJ","http://www.lacumbuca.com/"
"lacumbuca-tibi-piano-rock-festival-piano-para-todos-2026-04-25-17-00-parque-garota-de-ipan","Tibí / Piano Rock (Festival Piano Para Todos)","2026-04-25","17:00","2026-04-25T17:00:00-03:00","grátis","true","Parque Garota de Ipanema - Arpoador - Ipanema","Ipanema","Rio de Janeiro","RJ","http://www.lacumbuca.com/"
"lacumbuca-marcos-sacramento-participacao-juliana-linhares-roberta-sa-2026-04-25-17-00-pira","Marcos Sacramento - Participação: Juliana Linhares & Roberta Sá","2026-04-25","17:00","2026-04-25T17:00:00-03:00","grátis","true","Pira Olímpica - Candelária - Centro","Centro","Rio de Janeiro","RJ","http://www.lacumbuca.com/"
"lacumbuca-festa-da-gravadora-olimpo-mcs-djs-2026-04-25-18-00-espaco-bxd-in-cena-rua-prata-","Festa da Gravadora Olimpo (MCs & DJs)","2026-04-25","18:00","2026-04-25T18:00:00-03:00","grátis","true","Espaço BXD In Cena - Rua Prata, 35 - Coelho da Rocha - São João de Meriti","São João de Meriti","Rio de Janeiro","RJ","http://www.lacumbuca.com/"
"lacumbuca-rafael-portella-quinteto-2026-04-25-18-00-indecente-cafe-rua-felicio-dos-santos-","Rafael Portella Quinteto","2026-04-25","18:00","2026-04-25T18:00:00-03:00","contribuição voluntária","false","Indecente Café - Rua Felício dos Santos, 3 - Santa Teresa","Santa Teresa","Rio de Janeiro","RJ","http://www.lacumbuca.com/"
"lacumbuca-lancamento-de-livro-exposicao-dj-2026-04-25-18-00-rato-branko-rua-joaquim-silva-","Lançamento de Livro & Exposição: DJ","2026-04-25","18:00","2026-04-25T18:00:00-03:00","grátis","true","Rato BranKo - Rua Joaquim Silva, 71 - Lapa","Lapa","Rio de Janeiro","RJ","http://www.lacumbuca.com/"
"lacumbuca-joj-sarau-donana-edicao-baixada-ancestral-2026-04-25-18-00-centro-cultural-donan","Joj (Sarau Donana - Edição Baixada Ancestral)","2026-04-25","18:00","2026-04-25T18:00:00-03:00","grátis","true","Centro Cultural Donana - Rua Aguapeí, 197 - Areia Branca - Belford Roxo","Belford Roxo","Rio de Janeiro","RJ","http://www.lacumbuca.com/"
"lacumbuca-evinha-2026-04-25-19-00-sesi-duque-de-caxias-rua-artur-neiva-100-25-de-agosto-du","Evinha","2026-04-25","19:00","2026-04-25T19:00:00-03:00","20 meia","false","SESI Duque de Caxias - Rua Artur Neiva, 100 - 25 de Agosto - Duque de Caxias","Duque de Caxias","Rio de Janeiro","RJ","http://www.lacumbuca.com/"
"lacumbuca-black-sky-breakdown-2026-04-25-19-00-emporio-encantado-praca-sargento-eudoxio-pa","Black Sky Breakdown","2026-04-25","19:00","2026-04-25T19:00:00-03:00","contribuição voluntária","false","Empório Encantado - Praça Sargento Eudóxio Passos, 30 - Encantado","Encantado","Rio de Janeiro","RJ","http://www.lacumbuca.com/"
"lacumbuca-roberto-rutigliano-mauricio-einhorn-thais-motta-adrian-barbet-dia-internacional-","Roberto Rutigliano & Maurício Einhorn & Thais Motta & Adrian Barbet (Dia Internacional do Jazz)","2026-04-25","19:00","2026-04-25T19:00:00-03:00","","false","Sobrado da Cidade - Rua do Rosário, 34 - Centro","Centro","Rio de Janeiro","RJ","http://www.lacumbuca.com/"
"lacumbuca-a-nuvem-2026-04-25-19-00-prainha-discos-rua-sacadura-cabral-10-saude","A Nuvem","2026-04-25","19:00","2026-04-25T19:00:00-03:00","grátis","true","Prainha Discos - Rua Sacadura Cabral, 10 - Saúde","Saúde","Rio de Janeiro","RJ","http://www.lacumbuca.com/"
"lacumbuca-jane-duboc-2026-04-25-19-00-verso-cafe-cultural-avenida-ataulfo-de-paiva-1120-lo","Jane Duboc","2026-04-25","19:00","2026-04-25T19:00:00-03:00","110","false","Verso Café Cultural - Avenida Ataulfo de Paiva, 1120 / Loja B - Leblon","Leblon","Rio de Janeiro","RJ","http://www.lacumbuca.com/"
"lacumbuca-lvcas-diogo-defante-2026-04-25-20-00-circo-voador-lapa","LVCAS / Diogo Defante","2026-04-25","20:00","2026-04-25T20:00:00-03:00","80 meia 1º lote","false","Circo Voador - Lapa","Lapa","Rio de Janeiro","RJ","http://www.lacumbuca.com/"
"lacumbuca-madame-salame-cinza-crise-2026-04-25-20-00-audio-rebel-rua-visconde-silva-55-bot","Madame Salame / Cinza / Crise","2026-04-25","20:00","2026-04-25T20:00:00-03:00","25 antecipado / 35 na hora","false","Audio Rebel - Rua Visconde Silva, 55 - Botafogo","Botafogo","Rio de Janeiro","RJ","http://www.lacumbuca.com/"
"lacumbuca-sangue-de-bode-austera-mityma-2026-04-25-20-00-neu-rua-carlos-halfeld-230-icarai","Sangue de Bode / Austera / Mityma","2026-04-25","20:00","2026-04-25T20:00:00-03:00","20 1° lote, 25 2° lote, 30 3° lote","false","Neu - Rua Carlos Halfeld, 230 - Icaraí - Niterói","Niterói","Rio de Janeiro","RJ","http://www.lacumbuca.com/"
"lacumbuca-chiara-civello-2026-04-25-20-00-blue-note-rio-avenida-atlantica-1910-copacabana","Chiara Civello","2026-04-25","20:00","2026-04-25T20:00:00-03:00","a partir de 60 meia","false","Blue Note Rio - Avenida Atlântica, 1910 - Copacabana","Copacabana","Rio de Janeiro","RJ","http://www.lacumbuca.com/"
"lacumbuca-dulce-quental-2026-04-25-20-00-acaso-cultural-rua-vicente-de-sousa-16-botafogo","Dulce Quental","2026-04-25","20:00","2026-04-25T20:00:00-03:00","55 meia","false","Acaso Cultural - Rua Vicente de Sousa, 16 - Botafogo","Botafogo","Rio de Janeiro","RJ","http://www.lacumbuca.com/"
"lacumbuca-brxz-rodrick-neves-bad-ice-2026-04-25-20-00-o-pecado-mora-ao-lado-rua-hilario-ri","Brxz / Rodrick Neves / Bad Ice","2026-04-25","20:00","2026-04-25T20:00:00-03:00","11 antecipado","false","O Pecado Mora Ao Lado - Rua Hilário Ribeiro, 196 - Praça da Bandeira","Praça da Bandeira","Rio de Janeiro","RJ","http://www.lacumbuca.com/"
"lacumbuca-l7nnon-papatinho-orquestra-novo-traco-2026-04-25-20-00-theatro-municipal-cinelan","L7nnon & Papatinho & Orquestra Novo Traço","2026-04-25","20:00","2026-04-25T20:00:00-03:00","INGRESSOS ESGOTADOS","false","Theatro Municipal - Cinelândia - Centro","Centro","Rio de Janeiro","RJ","http://www.lacumbuca.com/"
"lacumbuca-luciano-bahia-dr-silvana-cia-capitao-siberia-2026-04-25-20-00-lona-hermeto-pasco","Luciano Bahia / Dr. Silvana & Cia / Capitão Sibéria","2026-04-25","20:00","2026-04-25T20:00:00-03:00","30 meia","false","Lona Hermeto Pascoal - Praça Primeiro de Maio, s/n - Bangu","Bangu","Rio de Janeiro","RJ","http://www.lacumbuca.com/"
"lacumbuca-psique-2026-04-25-20-00-planet-music-avenida-ernani-cardoso-66-cascadura","Psiquê","2026-04-25","20:00","2026-04-25T20:00:00-03:00","grátis","true","Planet Music - Avenida Ernani Cardoso, 66 - Cascadura","Cascadura","Rio de Janeiro","RJ","http://www.lacumbuca.com/"
"lacumbuca-henrique-iwao-marcos-campello-rosa-frittta-2026-04-25-20-00-escritorio-rua-da-co","Henrique Iwao & Marcos Campello / Rosa Frittta","2026-04-25","20:00","2026-04-25T20:00:00-03:00","15 antecipado, 25 na hora","false","Escritório - Rua da Constituição, 64 - Centro","Centro","Rio de Janeiro","RJ","http://www.lacumbuca.com/"
"lacumbuca-marina-lima-troa-letrux-dj-set-2026-04-25-21-00-fundicao-progresso-lapa","Marina Lima / Troá / Letrux (DJ Set)","2026-04-25","21:00","2026-04-25T21:00:00-03:00","80 meia 1º lote","false","Fundição Progresso - Lapa","Lapa","Rio de Janeiro","RJ","http://www.lacumbuca.com/"
"lacumbuca-majur-2026-04-25-21-00-vivo-rio-av-infante-dom-henrique-85-parque-do-flamengo","Majur","2026-04-25","21:00","2026-04-25T21:00:00-03:00","a partir de 55 meia","false","Vivo Rio - Av. Infante Dom Henrique, 85 - Parque do Flamengo","Parque do Flamengo","Rio de Janeiro","RJ","http://www.lacumbuca.com/"
"lacumbuca-noites-de-dub-2026-04-25-22-00-trauma-rua-do-carmo-58-centro","Noites de Dub","2026-04-25","22:00","2026-04-25T22:00:00-03:00","10 antecipado, 20 até 01h, 40 após, grátis após 04h20","true","Trauma - Rua do Carmo, 58 - Centro","Centro","Rio de Janeiro","RJ","http://www.lacumbuca.com/"
"lacumbuca-erus-new-eyes-papercut-2026-04-25-22-00-garage-grindhouse-rua-ceara-154-praca-da","Erus / New Eyes / Papercut","2026-04-25","22:00","2026-04-25T22:00:00-03:00","15 antecipado","false","Garage Grindhouse - Rua Ceará, 154 - Praça da Bandeira","Praça da Bandeira","Rio de Janeiro","RJ","http://www.lacumbuca.com/"
"lacumbuca-chiara-civello-2026-04-25-22-30-blue-note-rio-avenida-atlantica-1910-copacabana","Chiara Civello","2026-04-25","22:30","2026-04-25T22:30:00-03:00","a partir de 60 meia","false","Blue Note Rio - Avenida Atlântica, 1910 - Copacabana","Copacabana","Rio de Janeiro","RJ","http://www.lacumbuca.com/"
"lacumbuca-mc-soffia-2026-04-25-23-00-boate-save-avenida-gomes-freire-599-lapa","MC Soffia","2026-04-25","23:00","2026-04-25T23:00:00-03:00","a partir de 80","false","Boate Save - Avenida Gomes Freire, 599 - Lapa","Lapa","Rio de Janeiro","RJ","http://www.lacumbuca.com/"
"lacumbuca-urca-brass-quinteto-de-metais-2026-04-26-11-00-theatro-municipal-salao-assyrio-c","Urca Brass Quinteto de Metais","2026-04-26","11:00","2026-04-26T11:00:00-03:00","25 meia","false","Theatro Municipal - Salão Assyrio - Cinelândia","Cinelândia","Rio de Janeiro","RJ","http://www.lacumbuca.com/"
"lacumbuca-orquestra-de-camara-do-palacio-itaborai-camerata-laranjeiras-academia-juvenil-da","Orquestra de Câmara do Palácio Itaboraí / Camerata Laranjeiras / Academia Juvenil da Orquestra Petrobras Sinfônica (Festival Música Que Transforma)","2026-04-26","12:30","2026-04-26T12:30:00-03:00","grátis","true","Fundição Progresso - Lapa","Lapa","Rio de Janeiro","RJ","http://www.lacumbuca.com/"
"lacumbuca-festival-rock-100-autoral-2026-04-26-14-00-heavy-beer-bar-rua-ceara-104-praca-da","Festival Rock 100% Autoral:","2026-04-26","14:00","2026-04-26T14:00:00-03:00","grátis","true","Heavy Beer Bar - Rua Ceará, 104 - Praça da Bandeira","Praça da Bandeira","Rio de Janeiro","RJ","http://www.lacumbuca.com/"
"lacumbuca-dudu-oliveira-celsinho-silva-eduardo-silva-rogerio-caetano-cristovao-bastos-maur","Dudu Oliveira / Celsinho Silva & Eduardo Silva / Rogério Caetano / Cristóvão Bastos & Mauro Senise / Boêmios da Rua do Rosário / Pife Moderno & Edu Lobo (Festival de Choro de Niterói)","2026-04-26","14:00","2026-04-26T14:00:00-03:00","grátis","true","Reserva Cultural - Avenida Visconde do Rio Branco, 880 - São Domingos - Niterói","Niterói","Rio de Janeiro","RJ","http://www.lacumbuca.com/"
"lacumbuca-meio-fio-prainha-jazz-2026-04-26-14-00-posto-0-prainha-da-gloria","Meio Fio (Prainha Jazz)","2026-04-26","14:00","2026-04-26T14:00:00-03:00","grátis","true","Posto 0 - Prainha da Glória","Prainha da Glória","Rio de Janeiro","RJ","http://www.lacumbuca.com/"
"lacumbuca-baixa-santo-sound-system-mv-hemp-2026-04-26-15-00-indecente-cafe-rua-felicio-dos","Baixa Santo Sound System & MV Hemp","2026-04-26","15:00","2026-04-26T15:00:00-03:00","contribuição voluntária","false","Indecente Café - Rua Felício dos Santos, 3 - Santa Teresa","Santa Teresa","Rio de Janeiro","RJ","http://www.lacumbuca.com/"
"lacumbuca-the-weeknd-participacao-anitta-2026-04-26-16-00-estadio-nilton-santos-engenhao-r","The Weeknd - Participação: Anitta","2026-04-26","16:00","2026-04-26T16:00:00-03:00","a partir de 290 meia","false","Estádio Nilton Santos (Engenhão) - Rua José dos Reis, 425 - Engenho de Dentro","Engenho de Dentro","Rio de Janeiro","RJ","http://www.lacumbuca.com/"
"lacumbuca-ccm-manukind-saldo-groove-fake-honey-vicejo-maverick-benedicto-festival-de-banda","CCM / ManUkind / Saldo Groove / Fake Honey / Vicejo / Maverick Benedicto (Festival de Bandas Independentes)","2026-04-26","16:00","2026-04-26T16:00:00-03:00","25","false","Macaco Caolho - Rua Capitão Salomão, 57 - Humaitá","Humaitá","Rio de Janeiro","RJ","http://www.lacumbuca.com/"
"lacumbuca-quarteto-urubatan-2026-04-26-16-00-eleninha-rua-pacheco-leao-780-horto","Quarteto Urubatan","2026-04-26","16:00","2026-04-26T16:00:00-03:00","","false","Eleninha - Rua Pacheco Leão, 780 - Horto","Horto","Rio de Janeiro","RJ","http://www.lacumbuca.com/"
"lacumbuca-laje-de-bamba-2026-04-26-16-00-firma-ltda-rua-da-candelaria-92-centro","Laje de Bamba","2026-04-26","16:00","2026-04-26T16:00:00-03:00","grátis","true","Firma LTDA. - Rua da Candelária, 92 - Centro","Centro","Rio de Janeiro","RJ","http://www.lacumbuca.com/"
"lacumbuca-elis-mc-2026-04-26-16-00-lona-cultural-jacob-do-bandolim-praca-do-barro-vermelho","Elis MC","2026-04-26","16:00","2026-04-26T16:00:00-03:00","grátis","true","Lona Cultural Jacob do Bandolim - Praça do Barro Vermelho, s/n - Pechincha - Jacarepaguá","Jacarepaguá","Rio de Janeiro","RJ","http://www.lacumbuca.com/"
"lacumbuca-no-perfect-heroes-acustico-2026-04-26-16-30-centro-cultural-oduvaldo-viana-filho","No Perfect Heroes: Acústico","2026-04-26","16:30","2026-04-26T16:30:00-03:00","grátis","true","Centro Cultural Oduvaldo Viana Filho (Castelinho do Flamengo) - Praia do Flamengo, 158 - Flamengo","Flamengo","Rio de Janeiro","RJ","http://www.lacumbuca.com/"
"lacumbuca-jonathan-ferr-vanessa-da-mata-festival-piano-para-todos-2026-04-26-17-00-parque-","Jonathan Ferr / Vanessa da Mata (Festival Piano Para Todos)","2026-04-26","17:00","2026-04-26T17:00:00-03:00","grátis","true","Parque Garota de Ipanema - Arpoador - Ipanema","Ipanema","Rio de Janeiro","RJ","http://www.lacumbuca.com/"
"lacumbuca-neon-desert-sullester-a-outra-batalha-das-bandas-semi-final-2026-04-26-17-00-pla","Neon Desert / Sullester / A Outra (Batalha das Bandas - Semi-Final)","2026-04-26","17:00","2026-04-26T17:00:00-03:00","10","false","Planet Music - Avenida Ernani Cardoso, 66 - Cascadura","Cascadura","Rio de Janeiro","RJ","http://www.lacumbuca.com/"
"lacumbuca-noites-do-norte-2026-04-26-17-00-praca-do-poeta-catete","Noites do Norte","2026-04-26","17:00","2026-04-26T17:00:00-03:00","grátis","true","Praça do Poeta - Catete","Catete","Rio de Janeiro","RJ","http://www.lacumbuca.com/"
"lacumbuca-lucifer-2026-04-26-19-00-rock-experience-club-rua-do-riachuelo-20-lapa","Lucifer","2026-04-26","19:00","2026-04-26T19:00:00-03:00","200 meia 3º lote","false","Rock Experience Club - Rua do Riachuelo, 20 - Lapa","Lapa","Rio de Janeiro","RJ","http://www.lacumbuca.com/"
"lacumbuca-motorock-festival-2026-04-26-19-00-heavy-beer-bar-rua-ceara-104-praca-da-bandeir","MotoRock Festival:","2026-04-26","19:00","2026-04-26T19:00:00-03:00","","false","Heavy Beer Bar - Rua Ceará, 104 - Praça da Bandeira","Praça da Bandeira","Rio de Janeiro","RJ","http://www.lacumbuca.com/"
"lacumbuca-antonio-villeroy-participacao-kleiton-kledir-2026-04-26-19-00-blue-note-rio-aven","Antonio Villeroy - Participação: Kleiton & Kledir","2026-04-26","19:00","2026-04-26T19:00:00-03:00","a partir de 60 meia","false","Blue Note Rio - Avenida Atlântica, 1910 - Copacabana","Copacabana","Rio de Janeiro","RJ","http://www.lacumbuca.com/"
"lacumbuca-circuito-meritiense-de-rima-aura-batalha-de-mcs-djs-2026-04-26-19-00-espaco-bxd-","Circuito Meritiense de Rima: Aura / Batalha de MCs / DJs","2026-04-26","19:00","2026-04-26T19:00:00-03:00","grátis","true","Espaço BXD In Cena - Rua Prata, 35 - Coelho da Rocha - São João de Meriti","São João de Meriti","Rio de Janeiro","RJ","http://www.lacumbuca.com/"
"lacumbuca-link-do-zap-miseryswin-chard-la-plaga-2026-04-26-19-20-quintal-cultural-rua-amer","Link do Zap / Miseryswin / Chard La Plaga","2026-04-26","19:20","2026-04-26T19:20:00-03:00","50 meia","false","Quintal Cultural - Rua Américo Oberlaender, 580 - Santa Rosa - Niterói","Niterói","Rio de Janeiro","RJ","http://www.lacumbuca.com/"
"lacumbuca-deva-premal-miten-2026-04-26-19-30-vivo-rio-av-infante-dom-henrique-85-parque-do","Deva Premal & Miten","2026-04-26","19:30","2026-04-26T19:30:00-03:00","a partir de 100 meia","false","Vivo Rio - Av. Infante Dom Henrique, 85 - Parque do Flamengo","Parque do Flamengo","Rio de Janeiro","RJ","http://www.lacumbuca.com/"
"lacumbuca-flor-de-cactus-2026-04-27-18-00-esquina-das-ruas-ator-paulo-gustavo-com-pereira-","Flor de Cactus","2026-04-27","18:00","2026-04-27T18:00:00-03:00","grátis","true","Esquina das Ruas Ator Paulo Gustavo com Pereira da Silva - Icaraí - Niterói","Niterói","Rio de Janeiro","RJ","http://www.lacumbuca.com/"
"lacumbuca-troa-participacao-tori-gabriel-ventura-2026-04-27-19-30-audio-rebel-rua-visconde","Troá - Participação: Tori & Gabriel Ventura","2026-04-27","19:30","2026-04-27T19:30:00-03:00","35 antecipado, 45 na hora","false","Audio Rebel - Rua Visconde Silva, 55 - Botafogo","Botafogo","Rio de Janeiro","RJ","http://www.lacumbuca.com/"
"lacumbuca-cancelado-cacique-de-ramos-forum-casabloco-em-debate-2026-04-28-17-00-museu-da-i","CANCELADO: Cacique de Ramos (Fórum CasaBloco em Debate)","2026-04-28","17:00","2026-04-28T17:00:00-03:00","grátis","true","Museu da Imagem e do Som - Avenida Atlântica, 3432 - Copacabana","Copacabana","Rio de Janeiro","RJ","http://www.lacumbuca.com/"
"lacumbuca-tuyo-gustavo-vaz-luciane-dom-tranquilo-rj-2026-04-28-19-00-clube-dos-democratico","Tuyo / Gustavo Vaz / Luciane Dom (Tranquilo RJ)","2026-04-28","19:00","2026-04-28T19:00:00-03:00","INGRESSOS ESGOTADOS","false","Clube dos Democráticos - R. Riachuelo, 91 - Lapa","Lapa","Rio de Janeiro","RJ","http://www.lacumbuca.com/"
"lacumbuca-choro-batucada-2026-04-28-19-00-glorioso-cultural-rua-do-catete-95-catete","Choro Batucada","2026-04-28","19:00","2026-04-28T19:00:00-03:00","25 promocional, 30 antecipado, 40 na hora","false","Glorioso Cultural - Rua do Catete, 95 - Catete","Catete","Rio de Janeiro","RJ","http://www.lacumbuca.com/"
"lacumbuca-fat-family-2026-04-28-19-00-teatro-arthur-azevedo-rua-victor-alves-454-campo-gra","Fat Family","2026-04-28","19:00","2026-04-28T19:00:00-03:00","2,50 meia","false","Teatro Arthur Azevedo - Rua Victor Alves, 454 - Campo Grande","Campo Grande","Rio de Janeiro","RJ","http://www.lacumbuca.com/"
"lacumbuca-di-sabbato-s-jazz-2026-04-28-19-00-eleninha-rua-pacheco-leao-780-horto","Di Sabbato´s Jazz","2026-04-28","19:00","2026-04-28T19:00:00-03:00","","false","Eleninha - Rua Pacheco Leão, 780 - Horto","Horto","Rio de Janeiro","RJ","http://www.lacumbuca.com/"
"lacumbuca-dori-caymmi-2026-04-28-20-00-teatro-ipanema-rua-prudente-de-morais-824-ipanema","Dori Caymmi","2026-04-28","20:00","2026-04-28T20:00:00-03:00","INGRESSOS ESGOTADOS","false","Teatro Ipanema - Rua Prudente de Morais, 824 - Ipanema","Ipanema","Rio de Janeiro","RJ","http://www.lacumbuca.com/"
"lacumbuca-gabriel-leone-2026-04-28-20-00-manouche-jockey-club-rua-jardim-botanico-983-jard","Gabriel Leone","2026-04-28","20:00","2026-04-28T20:00:00-03:00","90 meia","false","Manouche - Jockey Club - Rua Jardim Botânico, 983 - Jardim Botânico","Jardim Botânico","Rio de Janeiro","RJ","http://www.lacumbuca.com/"
"lacumbuca-dida-nascimento-2026-04-28-20-00-sesc-nova-iguacu-rua-dom-adriano-hipolito-10-mo","Dida Nascimento","2026-04-28","20:00","2026-04-28T20:00:00-03:00","grátis","true","SESC Nova Iguaçu - Rua Dom Adriano Hipólito, 10 - Moquetá - Nova Iguaçu","Nova Iguaçu","Rio de Janeiro","RJ","http://www.lacumbuca.com/"
"lacumbuca-lucas-felix-participacao-gabi-monteiro-dadi-carvalho-2026-04-28-20-00-audio-rebe","Lucas Felix - Participação: Gabi Monteiro & Dadi Carvalho","2026-04-28","20:00","2026-04-28T20:00:00-03:00","35 antecipado, 45 na hora","false","Audio Rebel - Rua Visconde Silva, 55 - Botafogo","Botafogo","Rio de Janeiro","RJ","http://www.lacumbuca.com/"
"lacumbuca-cancelado-cordao-da-bola-preta-participacao-nina-rosa-forum-casabloco-em-debate-","CANCELADO: Cordão da Bola Preta - Participação: Nina Rosa (Fórum CasaBloco em Debate)","2026-04-29","18:00","2026-04-29T18:00:00-03:00","grátis","true","Museu da Imagem e do Som - Avenida Atlântica, 3432 - Copacabana","Copacabana","Rio de Janeiro","RJ","http://www.lacumbuca.com/"
"lacumbuca-festa-limiar-2026-04-29-18-00-ao-lado-da-uerj-praca-maracana","Festa Limiar","2026-04-29","18:00","2026-04-29T18:00:00-03:00","grátis","true","Ao Lado da UERJ - Praça Maracanã","Praça Maracanã","Rio de Janeiro","RJ","http://www.lacumbuca.com/"
"lacumbuca-projeto-disconcertos-dodo-azevedo-luciano-vidigal-conversam-sobre-o-disco-equipe","Projeto Disconcertos: Dodô Azevedo & Luciano Vidigal Conversam Sobre o Disco ""Equipe Curtisom Rio - A Curtição do Momento""","2026-04-29","19:00","2026-04-29T19:00:00-03:00","grátis","true","Futuros - Arte & Tecnologia - Rua Dois de Dezembro, 63 - Flamengo","Flamengo","Rio de Janeiro","RJ","http://www.lacumbuca.com/"
"lacumbuca-antonio-neves-2026-04-29-19-00-indecente-cafe-rua-felicio-dos-santos-3-santa-ter","Antonio Neves","2026-04-29","19:00","2026-04-29T19:00:00-03:00","contribuição voluntária","false","Indecente Café - Rua Felício dos Santos, 3 - Santa Teresa","Santa Teresa","Rio de Janeiro","RJ","http://www.lacumbuca.com/"
"lacumbuca-fat-family-2026-04-29-19-00-teatro-armando-gonzaga-avenida-gen-oswaldo-cordeiro-","Fat Family","2026-04-29","19:00","2026-04-29T19:00:00-03:00","2,50 meia","false","Teatro Armando Gonzaga - Avenida Gen. Oswaldo Cordeiro Farias, 511 - Marechal Hermes","Marechal Hermes","Rio de Janeiro","RJ","http://www.lacumbuca.com/"
"lacumbuca-cep-20-000-guilherme-zarvos-maria-rezende-marcelo-callado-2026-04-29-19-30-espac","CEP 20.000: Guilherme Zarvos / Maria Rezende / Marcelo Callado","2026-04-29","19:30","2026-04-29T19:30:00-03:00","10 meia","false","Espaço Sérgio Porto - Rua Humaitá, 163 - Humaitá","Humaitá","Rio de Janeiro","RJ","http://www.lacumbuca.com/"
"lacumbuca-moreno-veloso-domenico-lancelotti-2026-04-29-20-00-manouche-jockey-club-rua-jard","Moreno Veloso & Domenico Lancelotti","2026-04-29","20:00","2026-04-29T20:00:00-03:00","80 meia","false","Manouche - Jockey Club - Rua Jardim Botânico, 983 - Jardim Botânico","Jardim Botânico","Rio de Janeiro","RJ","http://www.lacumbuca.com/"
"lacumbuca-osmario-jr-samba-jazz-lab-2026-04-29-20-00-audio-rebel-rua-visconde-silva-55-bot","Osmário Jr. Samba Jazz Lab","2026-04-29","20:00","2026-04-29T20:00:00-03:00","30 antecipado, 40 na hora","false","Audio Rebel - Rua Visconde Silva, 55 - Botafogo","Botafogo","Rio de Janeiro","RJ","http://www.lacumbuca.com/"
"lacumbuca-magno-barony-2026-04-29-20-00-vuvu-rua-sorocaba-601-botafogo","Magno Barony","2026-04-29","20:00","2026-04-29T20:00:00-03:00","15","false","Vuvu - Rua Sorocaba, 601 - Botafogo","Botafogo","Rio de Janeiro","RJ","http://www.lacumbuca.com/"
"lacumbuca-mpb-4-participacao-joyce-2026-04-29-20-00-teatro-riachuelo-rua-do-passeio-40-cin","MPB-4 - Participação: Joyce","2026-04-29","20:00","2026-04-29T20:00:00-03:00","a partir de 50 meia","false","Teatro Riachuelo - Rua do Passeio, 40 - Cinelândia","Cinelândia","Rio de Janeiro","RJ","http://www.lacumbuca.com/"
"lacumbuca-free-at-last-qp-p-jose-mekler-marcos-campello-lee-hodel-gustavo-campos-rodrigo-g","Free At Last: QP-P (José Mekler, Marcos Campello, Lee Hodel, Gustavo Campos, Rodrigo Girafa)","2026-04-29","20:00","2026-04-29T20:00:00-03:00","20","false","Escritório - Rua da Constituição, 64 - Centro","Centro","Rio de Janeiro","RJ","http://www.lacumbuca.com/"
"lacumbuca-joe-ze-pepe-andre-passis-participacao-juliane-gamboa-quartas-jazz-2026-04-29-20-","Joe Zé Pepe & André Passis - Participação: Juliane Gamboa (Quartas Jazz)","2026-04-29","20:00","2026-04-29T20:00:00-03:00","contribuição voluntária","false","MotoCerva - Rua do Rezende, 16 - Lapa","Lapa","Rio de Janeiro","RJ","http://www.lacumbuca.com/"
"lacumbuca-seiferts-participacao-robertinho-silva-2026-04-29-22-30-blue-note-rio-avenida-at","Seiferts - Participação: Robertinho Silva","2026-04-29","22:30","2026-04-29T22:30:00-03:00","a partir de 60 meia","false","Blue Note Rio - Avenida Atlântica, 1910 - Copacabana","Copacabana","Rio de Janeiro","RJ","http://www.lacumbuca.com/"
"lacumbuca-alex-frechette-enzo-banzo-2026-04-30-18-00-baratos-da-ribeiro-rua-dezenove-de-fe","Alex Frechette / Enzo Banzo","2026-04-30","18:00","2026-04-30T18:00:00-03:00","grátis","true","Baratos da Ribeiro - Rua Dezenove de Fevereiro, 90 - Botafogo","Botafogo","Rio de Janeiro","RJ","http://www.lacumbuca.com/"
"lacumbuca-orquestra-caipirando-2026-04-30-19-00-centro-cultural-da-justica-federal-av-rio-","Orquestra Caipirando","2026-04-30","19:00","2026-04-30T19:00:00-03:00","30 meia","false","Centro Cultural da Justiça Federal - Av. Rio Branco, 241 - Cinelândia","Cinelândia","Rio de Janeiro","RJ","http://www.lacumbuca.com/"
"lacumbuca-debora-pinheiro-2026-04-30-19-00-dolores-club-rua-do-lavradio-10-centro","Débora Pinheiro","2026-04-30","19:00","2026-04-30T19:00:00-03:00","30 meia antecipado, 40 meia na hora","false","Dolores Club - Rua do Lavradio, 10 - Centro","Centro","Rio de Janeiro","RJ","http://www.lacumbuca.com/"
"lacumbuca-barao-vermelho-participacao-ney-matogrosso-2026-04-30-19-00-rio-arena-av-embaixa","Barão Vermelho - Participação: Ney Matogrosso","2026-04-30","19:00","2026-04-30T19:00:00-03:00","a partir de 197,50 meia","false","Rio Arena - Av. Embaixador Abelardo Bueno, 3401 - Barra da Tijuca","Barra da Tijuca","Rio de Janeiro","RJ","http://www.lacumbuca.com/"
"lacumbuca-iuri-bittar-2026-04-30-19-00-sesc-ramos-rua-teixeira-franco-38-ramos","Iuri Bittar","2026-04-30","19:00","2026-04-30T19:00:00-03:00","7,50 meia","false","SESC Ramos - Rua Teixeira Franco, 38 - Ramos","Ramos","Rio de Janeiro","RJ","http://www.lacumbuca.com/"
"lacumbuca-batuque-de-pife-2026-04-30-19-00-casa-amo-cordel-rua-buenos-aires-27-centro","Batuque de Pife","2026-04-30","19:00","2026-04-30T19:00:00-03:00","grátis","true","Casa Amo Cordel - Rua Buenos Aires, 27 - Centro","Centro","Rio de Janeiro","RJ","http://www.lacumbuca.com/"
"lacumbuca-hajed-2026-04-30-19-00-ao-lado-do-terminal-rodoviario-joao-goulart-avenida-visco","Hajed","2026-04-30","19:00","2026-04-30T19:00:00-03:00","grátis","true","Ao Lado do Terminal Rodoviário João Goulart - Avenida Visconde do Rio Branco - Centro - Niterói","Niterói","Rio de Janeiro","RJ","http://www.lacumbuca.com/"
"lacumbuca-fanfarrada-blocursal-2026-04-30-19-00-casa-do-pandeiro-travessa-do-ouvidor-36-ce","Fanfarrada / BlocUrsal","2026-04-30","19:00","2026-04-30T19:00:00-03:00","","false","Casa do Pandeiro - Travessa do Ouvidor, 36 - Centro","Centro","Rio de Janeiro","RJ","http://www.lacumbuca.com/"
"lacumbuca-laura-padaratz-kim-pereira-trio-2026-04-30-19-00-eleninha-rua-pacheco-leao-780-h","Laura Padaratz & Kim Pereira Trio","2026-04-30","19:00","2026-04-30T19:00:00-03:00","","false","Eleninha - Rua Pacheco Leão, 780 - Horto","Horto","Rio de Janeiro","RJ","http://www.lacumbuca.com/"
"lacumbuca-katia-preta-2026-04-30-19-30-teatro-rival-rua-alvaro-alvim-33-cinelandia","Kátia Preta","2026-04-30","19:30","2026-04-30T19:30:00-03:00","70 meia setor A, 60 meia setor B","false","Teatro Rival - Rua Álvaro Alvim, 33 - Cinelândia","Cinelândia","Rio de Janeiro","RJ","http://www.lacumbuca.com/"
"lacumbuca-valeria-castro-2026-04-30-20-00-galpao-ladeira-das-artes-rua-conselheiro-lamprei","Valéria Castro","2026-04-30","20:00","2026-04-30T20:00:00-03:00","60 1º lote","false","Galpão Ladeira das Artes - Rua Conselheiro Lampreia 225 - Cosme Velho","Cosme Velho","Rio de Janeiro","RJ","http://www.lacumbuca.com/"
"lacumbuca-suave-preta-akascagrossa-lorac-lopes-marral-fe-sant-2026-04-30-20-00-espaco-bxd-","Suave Preta / AKascaGrossa / Lorac Lopes / Marral / Fe Sant","2026-04-30","20:00","2026-04-30T20:00:00-03:00","1 kg alimento não perecível","false","Espaço BXD In Cena - Rua Prata, 35 - Coelho da Rocha - São João de Meriti","São João de Meriti","Rio de Janeiro","RJ","http://www.lacumbuca.com/"
"lacumbuca-os-paralamas-do-sucesso-sesc-baixada-em-foco-2026-04-30-20-00-praca-da-prefeitur","Os Paralamas do Sucesso (SESC Baixada em Foco)","2026-04-30","20:00","2026-04-30T20:00:00-03:00","grátis","true","Praça da Prefeitura - Rua Panamense, 23 - Jardim Meriti - São João de Meriti","São João de Meriti","Rio de Janeiro","RJ","http://www.lacumbuca.com/"
"lacumbuca-wolfgang-perez-pedro-fonte-participacao-carol-maia-paulo-emmery-2026-04-30-20-00","Wolfgang Pérez & Pedro Fonte - Participação: Carol Maia & Paulo Emmery","2026-04-30","20:00","2026-04-30T20:00:00-03:00","contribuição voluntária","false","Indecente Café - Rua Felício dos Santos, 3 - Santa Teresa","Santa Teresa","Rio de Janeiro","RJ","http://www.lacumbuca.com/"
"lacumbuca-samba-que-elas-querem-2026-04-30-20-00-banca-do-andre-rua-pedro-lessa-cinelandia","Samba Que Elas Querem","2026-04-30","20:00","2026-04-30T20:00:00-03:00","grátis","true","Banca do André - Rua Pedro Lessa - Cinelândia","Cinelândia","Rio de Janeiro","RJ","http://www.lacumbuca.com/"
"lacumbuca-pretinho-da-serrinha-participacao-roberta-sa-marcelo-d2-2026-04-30-21-00-varanda","Pretinho da Serrinha - Participação: Roberta Sá & Marcelo D2","2026-04-30","21:00","2026-04-30T21:00:00-03:00","60 meia","false","Varanda do Vivo Rio - Av. Infante Dom Henrique, 85 - Parque do Flamengo","Parque do Flamengo","Rio de Janeiro","RJ","http://www.lacumbuca.com/"
"lacumbuca-danilo-caymmi-2026-04-30-21-00-manouche-jockey-club-rua-jardim-botanico-983-jard","Danilo Caymmi","2026-04-30","21:00","2026-04-30T21:00:00-03:00","110 meia","false","Manouche - Jockey Club - Rua Jardim Botânico, 983 - Jardim Botânico","Jardim Botânico","Rio de Janeiro","RJ","http://www.lacumbuca.com/"
"lacumbuca-dia-internacional-do-jazz-2026-04-30-21-00-blue-note-rio-avenida-atlantica-1910-","Dia Internacional do Jazz:","2026-04-30","21:00","2026-04-30T21:00:00-03:00","a partir de 70 meia","false","Blue Note Rio - Avenida Atlântica, 1910 - Copacabana","Copacabana","Rio de Janeiro","RJ","http://www.lacumbuca.com/"
"lacumbuca-ju-dorotea-djs-2026-04-30-21-00-ccs-movimento-avenida-mem-de-sa-215-a-lapa","Ju Dorotea / DJs","2026-04-30","21:00","2026-04-30T21:00:00-03:00","grátis","true","CCS Movimento - Avenida Mem de Sá, 215 A - Lapa","Lapa","Rio de Janeiro","RJ","http://www.lacumbuca.com/"
"lacumbuca-duda-brack-2026-04-30-21-00-elena-horto-rua-pacheco-leao-758-jardim-botanico","Duda Brack","2026-04-30","21:00","2026-04-30T21:00:00-03:00","","false","Elena Horto - Rua Pacheco Leão, 758 - Jardim Botânico","Jardim Botânico","Rio de Janeiro","RJ","http://www.lacumbuca.com/"
"lacumbuca-jamaicaxias-africanoise-2026-04-30-22-00-trauma-rua-do-carmo-58-centro","Jamaicaxias / Africanoise","2026-04-30","22:00","2026-04-30T22:00:00-03:00","15 antecipado","false","Trauma - Rua do Carmo, 58 - Centro","Centro","Rio de Janeiro","RJ","http://www.lacumbuca.com/"
"lacumbuca-bloco-nao-monogamia-gostoso-demais-cortejo-de-aniversario-2026-05-01-09-00-altur","Bloco Não Monogamia Gostoso Demais: Cortejo de Aniversário","2026-05-01","09:00","2026-05-01T09:00:00-03:00","grátis","true","Altura do AquaRio - Boulevard Olímpico - Praça Mauá","Praça Mauá","Rio de Janeiro","RJ","http://www.lacumbuca.com/"
"lacumbuca-feijoada-do-trabalhador-do-filhos-de-gandhi-rj-2026-05-01-11-00-praca-dos-estiva","Feijoada do Trabalhador do Filhos de Gandhi RJ","2026-05-01","11:00","2026-05-01T11:00:00-03:00","","false","Praça dos Estivadores - Rua Camerino, 7 - Gamboa","Gamboa","Rio de Janeiro","RJ","http://www.lacumbuca.com/"
"lacumbuca-leto-alma-da-livia-gira-roda-de-carimbo-2026-05-01-12-00-espetinho-17-praca-pres","Leto / Alma da Lívia (Gira Roda de Carimbó)","2026-05-01","12:00","2026-05-01T12:00:00-03:00","","false","Espetinho 17 - Praça Presidente Aguirre Cerda, 17 - Bairro de Fátima","Bairro de Fátima","Rio de Janeiro","RJ","http://www.lacumbuca.com/"
"lacumbuca-ire-2026-05-01-13-00-glorioso-cultural-rua-do-catete-95-catete","Irê","2026-05-01","13:00","2026-05-01T13:00:00-03:00","20 antecipado","false","Glorioso Cultural - Rua do Catete, 95 - Catete","Catete","Rio de Janeiro","RJ","http://www.lacumbuca.com/"
"lacumbuca-marquinhos-de-oswaldo-cruz-diogo-nogueira-feira-das-yabas-2026-05-01-13-00-pira-","Marquinhos de Oswaldo Cruz / Diogo Nogueira (Feira das Yabás)","2026-05-01","13:00","2026-05-01T13:00:00-03:00","grátis","true","Pira Olímpica - Candelária - Centro","Centro","Rio de Janeiro","RJ","http://www.lacumbuca.com/"
"lacumbuca-roda-dos-suburbanistas-2026-05-01-13-00-sesc-madureira-rua-ewbank-da-camara-90-m","Roda dos Suburbanistas","2026-05-01","13:00","2026-05-01T13:00:00-03:00","5 meia","false","SESC Madureira - Rua Ewbank da Câmara, 90 - Madureira","Madureira","Rio de Janeiro","RJ","http://www.lacumbuca.com/"
"lacumbuca-cortejo-do-trabalhador-concentracao-na-central-e-segue-em-direcao-a-madureira-20","Cortejo do Trabalhador: concentração na Central e segue em direção à Madureira","2026-05-01","13:00","2026-05-01T13:00:00-03:00","grátis","true","Central do Brasil - Praça Cristiano Ottoni - Centro","Centro","Rio de Janeiro","RJ","http://www.lacumbuca.com/"
"lacumbuca-farra-dos-brinquedos-intrepida-trupe-2026-05-01-14-00-cidade-das-artes-teatro-de","Farra dos Brinquedos / Intrépida Trupe","2026-05-01","14:00","2026-05-01T14:00:00-03:00","grátis","true","Cidade das Artes - Teatro de Câmara - Avenida das Américas, 5300 - Barra da Tijuca","Barra da Tijuca","Rio de Janeiro","RJ","http://www.lacumbuca.com/"
"lacumbuca-terreiro-de-crioulo-2026-05-01-14-00-sesc-ramos-rua-teixeira-franco-38-ramos","Terreiro de Crioulo","2026-05-01","14:00","2026-05-01T14:00:00-03:00","grátis","true","SESC Ramos - Rua Teixeira Franco, 38 - Ramos","Ramos","Rio de Janeiro","RJ","http://www.lacumbuca.com/"
"lacumbuca-samba-da-volta-la-em-mangueira-2026-05-01-16-00-quadra-da-mangueira-rua-visconde","Samba da Volta Lá em Mangueira","2026-05-01","16:00","2026-05-01T16:00:00-03:00","20 antecipado","false","Quadra da Mangueira - Rua Visconde de Niterói, 1072 - Mangueira","Mangueira","Rio de Janeiro","RJ","http://www.lacumbuca.com/"
"lacumbuca-moacyr-luz-samba-do-trabalhador-gravacao-do-dvd-2026-05-01-16-30-renascenca-club","Moacyr Luz & Samba do Trabalhador: gravação do DVD","2026-05-01","16:30","2026-05-01T16:30:00-03:00","40 meia","false","Renascença Clube - Rua Barão de São Francisco, 54 - Andaraí","Andaraí","Rio de Janeiro","RJ","http://www.lacumbuca.com/"
"lacumbuca-ladrao-jubal-troup-o-arco-festival-suburbagem-2026-05-01-17-00-lona-joao-bosco-a","Ladrão / Jubal Troup / O Arco (Festival Suburbagem)","2026-05-01","17:00","2026-05-01T17:00:00-03:00","grátis","true","Lona João Bosco - Avenida São Félix, 601 - Vista Alegre","Vista Alegre","Rio de Janeiro","RJ","http://www.lacumbuca.com/"
"lacumbuca-ze-farias-convida-tunico-2026-05-01-18-00-indecente-cafe-rua-felicio-dos-santos-","Zé Farias Convida Tunico","2026-05-01","18:00","2026-05-01T18:00:00-03:00","contribuição voluntária","false","Indecente Café - Rua Felício dos Santos, 3 - Santa Teresa","Santa Teresa","Rio de Janeiro","RJ","http://www.lacumbuca.com/"
"lacumbuca-visao-turva-contraclasse-buero-2026-05-01-19-00-audio-rebel-rua-visconde-silva-5","Visão Turva / Contraclasse / Buëro","2026-05-01","19:00","2026-05-01T19:00:00-03:00","25 antecipado, 35 na hora","false","Audio Rebel - Rua Visconde Silva, 55 - Botafogo","Botafogo","Rio de Janeiro","RJ","http://www.lacumbuca.com/"
"lacumbuca-afroribeirinhos-2026-05-01-19-00-beco-dos-carmelitas-lapa","Afroribeirinhos","2026-05-01","19:00","2026-05-01T19:00:00-03:00","grátis","true","Beco dos Carmelitas - Lapa","Lapa","Rio de Janeiro","RJ","http://www.lacumbuca.com/"
"lacumbuca-reabertura-do-diversa-com-encontro-de-saraus-2026-05-01-19-00-diversa-rua-do-rez","Reabertura do Diversa com Encontro de Saraus","2026-05-01","19:00","2026-05-01T19:00:00-03:00","grátis até 20h, 15 até 22h, 25 após","true","Diversa - Rua do Rezende, 14 - Lapa","Lapa","Rio de Janeiro","RJ","http://www.lacumbuca.com/"
"lacumbuca-matanza-ritual-trampa-emet-ereboros-fire-in-the-park-heranca-negra-pic-nic-playm","Matanza Ritual / Trampa / Emet / Ereboros / Fire In The Park / Herança Negra / Pic-Nic / Playmoboys / Primadama / Silvertape / Sound Bullet / Trama (Seletivas - Porão do Rock)","2026-05-01","20:00","2026-05-01T20:00:00-03:00","70 meia 1º lote","false","Circo Voador - Lapa","Lapa","Rio de Janeiro","RJ","http://www.lacumbuca.com/"
"lacumbuca-nilze-carvalho-ana-costa-2026-05-01-20-00-blue-note-rio-avenida-atlantica-1910-c","Nilze Carvalho & Ana Costa","2026-05-01","20:00","2026-05-01T20:00:00-03:00","a partir de 60 meia","false","Blue Note Rio - Avenida Atlântica, 1910 - Copacabana","Copacabana","Rio de Janeiro","RJ","http://www.lacumbuca.com/"
"lacumbuca-xama-sesc-baixada-em-foco-2026-05-01-20-00-praca-da-prefeitura-rua-panamense-23-","Xamã (SESC Baixada em Foco)","2026-05-01","20:00","2026-05-01T20:00:00-03:00","grátis","true","Praça da Prefeitura - Rua Panamense, 23 - Jardim Meriti - São João de Meriti","São João de Meriti","Rio de Janeiro","RJ","http://www.lacumbuca.com/"
"lacumbuca-niteroi-skate-pro-de-leve-canella-seca-2026-05-01-20-00-marina-skate-park-estrad","Niterói Skate Pro: De Leve / Canella Seca","2026-05-01","20:00","2026-05-01T20:00:00-03:00","grátis","true","Marina Skate Park - Estrada Leopoldo Fróes, 1956 - São Francisco - Niterói","Niterói","Rio de Janeiro","RJ","http://www.lacumbuca.com/"
"lacumbuca-equipe-7rio-2026-05-01-20-00-nosso-quintal-cultural-rua-sacramento-blake-487-cen","Equipe 7Rio","2026-05-01","20:00","2026-05-01T20:00:00-03:00","contribuição voluntária","false","Nosso Quintal Cultural - Rua Sacramento Blake, 487 - Centro - Campo Grande","Campo Grande","Rio de Janeiro","RJ","http://www.lacumbuca.com/"
"lacumbuca-gilsons-2026-05-01-21-00-vivo-rio-av-infante-dom-henrique-85-parque-do-flamengo","Gilsons","2026-05-01","21:00","2026-05-01T21:00:00-03:00","95 meia","false","Vivo Rio - Av. Infante Dom Henrique, 85 - Parque do Flamengo","Parque do Flamengo","Rio de Janeiro","RJ","http://www.lacumbuca.com/"
"lacumbuca-dan-mcguinness-kurt-griffey-revisiting-creedence-2026-05-01-21-30-qualistage-via","Dan McGuinness & Kurt Griffey: Revisiting Creedence","2026-05-01","21:30","2026-05-01T21:30:00-03:00","a partir de 110 meia","false","Qualistage - Via Parque Shopping - Avenida Ayrton Senna, 3000 - Barra da Tijuca","Barra da Tijuca","Rio de Janeiro","RJ","http://www.lacumbuca.com/"
"lacumbuca-edmilson-dos-teclados-dj-cabra-guanara-2026-05-01-22-00-cordao-da-bola-preta-rua","Edmilson dos Teclados / DJ Cabra Guanará","2026-05-01","22:00","2026-05-01T22:00:00-03:00","a partir de 25","false","Cordão da Bola Preta - Rua da Relação, 3 - Lapa","Lapa","Rio de Janeiro","RJ","http://www.lacumbuca.com/"
"lacumbuca-sirena-arpe-2026-05-01-23-00-club-substation-rua-siqueira-campos-143-copacabana","Sirena / Arpe","2026-05-01","23:00","2026-05-01T23:00:00-03:00","50 2º lote, 80 3º lote","false","Club Substation - Rua Siqueira Campos, 143 - Copacabana","Copacabana","Rio de Janeiro","RJ","http://www.lacumbuca.com/"
"lacumbuca-os-garotin-encerramento-da-turne-2026-05-01-parque-rj-nosso-sonho-rua-formosa-33","Os Garotin: Encerramento da Turnê","2026-05-01","","","grátis","true","Parque RJ Nosso Sonho - Rua Formosa, 3352 - Boa Vista - São Gonçalo","São Gonçalo","Rio de Janeiro","RJ","http://www.lacumbuca.com/"
"lacumbuca-arrastamuela-cortejo-do-caramuela-2026-05-02-08-00-santa-teresa","Arrastamuela: Cortejo do Caramuela","2026-05-02","08:00","2026-05-02T08:00:00-03:00","grátis","true","Santa Teresa","","Rio de Janeiro","RJ","http://www.lacumbuca.com/"
"lacumbuca-grupo-jequitiba-2026-05-02-14-00-al-farabi-rua-do-mercado-34-boulevard-olimpico-","Grupo Jequitibá","2026-05-02","14:00","2026-05-02T14:00:00-03:00","grátis","true","Al Farabi - Rua do Mercado, 34 - Boulevard Olímpico - Praça XV","Praça XV","Rio de Janeiro","RJ","http://www.lacumbuca.com/"
"lacumbuca-marcelle-britto-2026-05-02-14-00-sesc-niteroi-rua-padre-anchieta-56-sao-domingos","Marcelle Britto","2026-05-02","14:00","2026-05-02T14:00:00-03:00","grátis","true","SESC Niterói - Rua Padre Anchieta, 56 - São Domingos - Niterói","Niterói","Rio de Janeiro","RJ","http://www.lacumbuca.com/"
"lacumbuca-nicole-cyrne-danilo-andrade-2026-05-02-16-00-eleninha-rua-pacheco-leao-780-horto","Nicole Cyrne & Danilo Andrade","2026-05-02","16:00","2026-05-02T16:00:00-03:00","","false","Eleninha - Rua Pacheco Leão, 780 - Horto","Horto","Rio de Janeiro","RJ","http://www.lacumbuca.com/"
"lacumbuca-shakira-vintage-culture-maz-papatinho-melody-2026-05-02-17-45-altura-do-copacaba","Shakira / Vintage Culture / Maz / Papatinho & Melody","2026-05-02","17:45","2026-05-02T17:45:00-03:00","grátis","true","Altura do Copacabana Palace - Praia de Copacabana","Praia de Copacabana","Rio de Janeiro","RJ","http://www.lacumbuca.com/"
"lacumbuca-caxtrinho-carol-maia-brita-ozymandias-fechamento-na-porta-do-escritorio-2026-05-","Caxtrinho / Carol Maia / Brita / Ozymandias (Fechamento na Porta do Escritório)","2026-05-02","18:00","2026-05-02T18:00:00-03:00","grátis","true","Escritório - Rua da Constituição, 64 - Centro","Centro","Rio de Janeiro","RJ","http://www.lacumbuca.com/"
"lacumbuca-rubi-rob-malako-mug3n-lazaro-mari-torquato-sapaganjah-djs-festa-raggaclubberz-20","Rubi / Rob Malako / MUG3N / Lázaro / Mari Torquato / Sapaganjah / DJs (Festa Raggaclubberz)","2026-05-02","18:00","2026-05-02T18:00:00-03:00","a partir de 10","false","Vidigal Varandas Hostel - Rua Madre Ana Coimbra, 3 - Vidigal","Vidigal","Rio de Janeiro","RJ","http://www.lacumbuca.com/"
"lacumbuca-montanha-jazz-2026-05-02-18-00-indecente-cafe-rua-felicio-dos-santos-3-santa-ter","Montanha Jazz","2026-05-02","18:00","2026-05-02T18:00:00-03:00","contribuição voluntária","false","Indecente Café - Rua Felício dos Santos, 3 - Santa Teresa","Santa Teresa","Rio de Janeiro","RJ","http://www.lacumbuca.com/"
"lacumbuca-cancelado-ill-nino-hed-p-e-primer-55-2026-05-02-19-00-espaco-sacadura-154-rua-sa","CANCELADO: Ill Niño / Hed P.E. / Primer 55","2026-05-02","19:00","2026-05-02T19:00:00-03:00","","false","Espaço Sacadura 154 - Rua Sacadura Cabral, 154 - Saúde","Saúde","Rio de Janeiro","RJ","http://www.lacumbuca.com/"
"lacumbuca-marcelle-britto-elas-cantam-mulheres-do-samba-2026-05-02-19-00-sesc-niteroi-rua-","Marcelle Britto & Elas Cantam Mulheres do Samba","2026-05-02","19:00","2026-05-02T19:00:00-03:00","7,50 meia","false","SESC Niterói - Rua Padre Anchieta, 56 - São Domingos - Niterói","Niterói","Rio de Janeiro","RJ","http://www.lacumbuca.com/"
"lacumbuca-808-punks-massacration-2026-05-02-20-00-circo-voador-lapa","808 Punks / Massacration","2026-05-02","20:00","2026-05-02T20:00:00-03:00","70 meia 1º lote","false","Circo Voador - Lapa","Lapa","Rio de Janeiro","RJ","http://www.lacumbuca.com/"
"lacumbuca-dani-black-2026-05-02-20-00-teatro-cesgranrio-rua-santa-alexandrina-1011-rio-com","Dani Black","2026-05-02","20:00","2026-05-02T20:00:00-03:00","60 meia","false","Teatro Cesgranrio - Rua Santa Alexandrina, 1011 - Rio Comprido","Rio Comprido","Rio de Janeiro","RJ","http://www.lacumbuca.com/"
"lacumbuca-master-sutura-ereboros-2026-05-02-20-00-garage-grindhouse-rua-ceara-154-praca-da","Master / Sutura / Ereboros","2026-05-02","20:00","2026-05-02T20:00:00-03:00","70 meia 1º lote","false","Garage Grindhouse - Rua Ceará, 154 - Praça da Bandeira","Praça da Bandeira","Rio de Janeiro","RJ","http://www.lacumbuca.com/"
"lacumbuca-jam-de-comemoracao-dos-aniversariantes-da-neu-2026-05-02-20-00-neu-rua-carlos-ha","Jam de Comemoração dos Aniversariantes da Neu!","2026-05-02","20:00","2026-05-02T20:00:00-03:00","10","false","Neu - Rua Carlos Halfeld, 230 - Icaraí - Niterói","Niterói","Rio de Janeiro","RJ","http://www.lacumbuca.com/"
"lacumbuca-niteroi-skate-pro-mamba-edu-a-filial-2026-05-02-20-00-marina-skate-park-estrada-","Niterói Skate Pro: Mamba / Edu A Filial","2026-05-02","20:00","2026-05-02T20:00:00-03:00","grátis","true","Marina Skate Park - Estrada Leopoldo Fróes, 1956 - São Francisco - Niterói","Niterói","Rio de Janeiro","RJ","http://www.lacumbuca.com/"
"lacumbuca-gorilinha-2026-05-02-21-00-ccs-movimento-avenida-mem-de-sa-215-a-lapa","Gorilinha","2026-05-02","21:00","2026-05-02T21:00:00-03:00","","false","CCS Movimento - Avenida Mem de Sá, 215 A - Lapa","Lapa","Rio de Janeiro","RJ","http://www.lacumbuca.com/"
"lacumbuca-luiz-barata-nitcho-gustavo-neves-2026-05-02-22-30-acervo-bar-edificio-touring-av","Luiz Barata & Nitcho & Gustavo Neves","2026-05-02","22:30","2026-05-02T22:30:00-03:00","25 antecipado","false","Acervo Bar - Edifício Touring - Avenida Rodrigues Alves, 10 - Praça Mauá","Praça Mauá","Rio de Janeiro","RJ","http://www.lacumbuca.com/"
"lacumbuca-after-da-shakira-pabllo-vittar-dj-set-festa-zig-2026-05-02-23-30-exc-rua-jardim-","After da Shakira: Pabllo Vittar - DJ Set (Festa Zig)","2026-05-02","23:30","2026-05-02T23:30:00-03:00","80 1º lote, 90 2º lote, 100 3º lote, 120 3º lote","false","EXC - Rua Jardim Botânico, 1011 - Jockey Club - Jardim Botânico","Jardim Botânico","Rio de Janeiro","RJ","http://www.lacumbuca.com/"
"lacumbuca-sinfonica-ambulante-favela-brass-2026-05-03-10-00-campo-de-sao-bento-icarai-nite","Sinfônica Ambulante / Favela Brass","2026-05-03","10:00","2026-05-03T10:00:00-03:00","grátis","true","Campo de São Bento - Icaraí - Niterói","Niterói","Rio de Janeiro","RJ","http://www.lacumbuca.com/"
"lacumbuca-digital-mandinga-forro-pedra-branca-2026-05-03-11-00-praca-valdir-vieira-estrada","Digital Mandinga / Forró Pedra Branca","2026-05-03","11:00","2026-05-03T11:00:00-03:00","grátis","true","Praça Valdir Vieira - Estrada do Cafundá, 3511 - Taquara - Jacarepaguá","Jacarepaguá","Rio de Janeiro","RJ","http://www.lacumbuca.com/"
"lacumbuca-agua-de-moringa-2026-05-03-11-00-bar-do-serginho-rua-dias-de-barros-1-santa-tere","Água de Moringa","2026-05-03","11:00","2026-05-03T11:00:00-03:00","contribuição voluntária","false","Bar do Serginho - Rua Dias de Barros, 1 - Santa Teresa","Santa Teresa","Rio de Janeiro","RJ","http://www.lacumbuca.com/"
"lacumbuca-harmonia-pedro-stone-joao-loroza-nael-djs-dia-do-charme-2026-05-03-14-00-arena-f","Harmonia / Pedro Stone / João Loroza / Nael / DJs (Dia do Charme)","2026-05-03","14:00","2026-05-03T14:00:00-03:00","grátis","true","Arena Fernando Torres - Rua Doutor Bernardino, s/n - Parque de Madureira","Parque de Madureira","Rio de Janeiro","RJ","http://www.lacumbuca.com/"
"lacumbuca-barbatuques-2026-05-03-15-00-sesc-madureira-rua-ewbank-da-camara-90-madureira","Barbatuques","2026-05-03","15:00","2026-05-03T15:00:00-03:00","7,50 meia","false","SESC Madureira - Rua Ewbank da Câmara, 90 - Madureira","Madureira","Rio de Janeiro","RJ","http://www.lacumbuca.com/"
"lacumbuca-sullester-a-outra-raivosos-volumetria-propina-rock-blenders-camila-paredes-festi","Sullester / A Outra / Raivosos / Volumetria / Propina Rock / Blenders / Camila Paredes (Festival de Bandas Independentes)","2026-05-03","16:00","2026-05-03T16:00:00-03:00","25","false","Rock Experience Club - Rua do Riachuelo, 20 - Lapa","Lapa","Rio de Janeiro","RJ","http://www.lacumbuca.com/"
"lacumbuca-fincabaute-gravacao-do-dvd-2026-05-03-16-00-praia-de-piratininga-niteroi","Fincabaute (gravação do dvd)","2026-05-03","16:00","2026-05-03T16:00:00-03:00","grátis","true","Praia de Piratininga - Niterói","Niterói","Rio de Janeiro","RJ","http://www.lacumbuca.com/"
"lacumbuca-blind-horse-caixao-2026-05-03-17-00-fonte-antiga-casa-da-matriz-rua-henrique-de-","Blind Horse / Caixão","2026-05-03","17:00","2026-05-03T17:00:00-03:00","40 antecipado, 50 na hora","false","Fonte (antiga Casa da Matriz) - Rua Henrique de Novais, 107 - Botafogo","Botafogo","Rio de Janeiro","RJ","http://www.lacumbuca.com/"
"lacumbuca-festa-alla-en-el-barrio-djs-da-venezuela-colombia-2026-05-03-17-00-firma-ltda-ru","Festa Allá En El Barrio: DJs da Venezuela & Colômbia","2026-05-03","17:00","2026-05-03T17:00:00-03:00","grátis","true","Firma LTDA. - Rua da Candelária, 92 - Centro","Centro","Rio de Janeiro","RJ","http://www.lacumbuca.com/"
"lacumbuca-ganjazz-2026-05-03-18-00-casa-bosque-estrada-da-caroba-499-campo-grande","GanJazz","2026-05-03","18:00","2026-05-03T18:00:00-03:00","15 antecipado","false","Casa Bosque - Estrada da Caroba, 499 - Campo Grande","Campo Grande","Rio de Janeiro","RJ","http://www.lacumbuca.com/"
"lacumbuca-barbatuques-pocket-show-sessao-de-autografos-2026-05-03-18-00-livraria-da-traves","Barbatuques: Pocket Show & Sessão de Autógrafos","2026-05-03","18:00","2026-05-03T18:00:00-03:00","grátis","true","Livraria da Travessa - Shopping Leblon - Av. Afrânio de Melo Franco, 290 / 2º Piso - Leblon","Leblon","Rio de Janeiro","RJ","http://www.lacumbuca.com/"
"lacumbuca-trio-maroa-bloco-do-caramuela-2026-05-03-18-00-glorioso-cultural-rua-do-catete-9","Trio Maroá / Bloco do Caramuela","2026-05-03","18:00","2026-05-03T18:00:00-03:00","20 antecipado, 30 meia normal","false","Glorioso Cultural - Rua do Catete, 95 - Catete","Catete","Rio de Janeiro","RJ","http://www.lacumbuca.com/"
"lacumbuca-dame-area-pink-opake-2026-05-03-20-00-audio-rebel-rua-visconde-silva-55-botafogo","Dame Area / Pink Opake","2026-05-03","20:00","2026-05-03T20:00:00-03:00","35 antecipado, 45 na hora","false","Audio Rebel - Rua Visconde Silva, 55 - Botafogo","Botafogo","Rio de Janeiro","RJ","http://www.lacumbuca.com/"
"lacumbuca-niteroi-skate-pro-2z-diniz-2026-05-03-20-00-marina-skate-park-estrada-leopoldo-f","Niterói Skate Pro: 2Z Diniz","2026-05-03","20:00","2026-05-03T20:00:00-03:00","grátis","true","Marina Skate Park - Estrada Leopoldo Fróes, 1956 - São Francisco - Niterói","Niterói","Rio de Janeiro","RJ","http://www.lacumbuca.com/"
"lacumbuca-mapfusion-2026-05-04-18-00-calcada-do-teatro-municipal-de-niteroi-rua-xv-de-nove","MapFusion","2026-05-04","18:00","2026-05-04T18:00:00-03:00","grátis","true","Calçada do Teatro Municipal de Niterói - Rua XV de Novembro, 35 - Centro - Niterói","Niterói","Rio de Janeiro","RJ","http://www.lacumbuca.com/"
"lacumbuca-troa-participacao-carol-maia-sutil-modelo-novo-2026-05-04-20-00-audio-rebel-rua-","Troá - Participação: Carol Maia & Sutil Modelo Novo","2026-05-04","20:00","2026-05-04T20:00:00-03:00","30 antecipado, 40 na hora","false","Audio Rebel - Rua Visconde Silva, 55 - Botafogo","Botafogo","Rio de Janeiro","RJ","http://www.lacumbuca.com/"
"lacumbuca-choro-batucada-2026-05-04-20-00-glorioso-cultural-rua-do-catete-95-catete","Choro Batucada","2026-05-04","20:00","2026-05-04T20:00:00-03:00","25 promocional, 30 antecipado, 40 na hora","false","Glorioso Cultural - Rua do Catete, 95 - Catete","Catete","Rio de Janeiro","RJ","http://www.lacumbuca.com/"
"lacumbuca-bossa-azul-2026-05-05-18-00-arte-sesc-rua-marques-de-abrantes-99-flamengo","Bossa Azul","2026-05-05","18:00","2026-05-05T18:00:00-03:00","grátis","true","Arte SESC - Rua Marquês de Abrantes, 99 - Flamengo","Flamengo","Rio de Janeiro","RJ","http://www.lacumbuca.com/"
"lacumbuca-gabriel-o-pensador-2026-05-05-18-30-teatro-joao-caetano-praca-tiradentes-s-n-cen","Gabriel O Pensador","2026-05-05","18:30","2026-05-05T18:30:00-03:00","2,50 meia","false","Teatro João Caetano - Praça Tiradentes, s/n - Centro","Centro","Rio de Janeiro","RJ","http://www.lacumbuca.com/"
"lacumbuca-cabula-jazz-2026-05-05-19-00-eleninha-rua-pacheco-leao-780-horto","Cabula Jazz","2026-05-05","19:00","2026-05-05T19:00:00-03:00","","false","Eleninha - Rua Pacheco Leão, 780 - Horto","Horto","Rio de Janeiro","RJ","http://www.lacumbuca.com/"
"lacumbuca-barbatuques-2026-05-05-19-00-sesc-copacabana-rua-domingos-ferreira-160-copacaban","Barbatuques","2026-05-05","19:00","2026-05-05T19:00:00-03:00","7,50 meia","false","SESC Copacabana - Rua Domingos Ferreira, 160 - Copacabana","Copacabana","Rio de Janeiro","RJ","http://www.lacumbuca.com/"
"lacumbuca-santo-insano-2026-05-05-19-00-emporio-encantado-praca-sargento-eudoxio-passos-30","Santo Insano","2026-05-05","19:00","2026-05-05T19:00:00-03:00","","false","Empório Encantado - Praça Sargento Eudóxio Passos, 30 - Encantado","Encantado","Rio de Janeiro","RJ","http://www.lacumbuca.com/"
"lacumbuca-que-eh-o-que-vejo-2026-05-05-19-00-teatro-da-uff-rua-miguel-de-frias-9-icarai-ni","Que Eh O Que Vejo?","2026-05-05","19:00","2026-05-05T19:00:00-03:00","10","false","Teatro da UFF - Rua Miguel de Frias, 9 - Icaraí - Niterói","Niterói","Rio de Janeiro","RJ","http://www.lacumbuca.com/"
"lacumbuca-exibicao-do-filme-limite-com-trilha-sonora-ao-vivo-com-a-banda-sobremesa-2026-05","Exibição do Filme ""Limite"" Com Trilha Sonora ao Vivo com a Banda Sobremesa","2026-05-05","19:00","2026-05-05T19:00:00-03:00","grátis","true","Agrado - Rua Buenos Aires, 70 - Centro","Centro","Rio de Janeiro","RJ","http://www.lacumbuca.com/"
"lacumbuca-cazuza-lado-c-katia-jorgensen-nilo-romero-pablo-uranga-humberto-barros-beto-wert","Cazuza Lado C (Katia Jorgensen, Nilo Romero, Pablo Uranga, Humberto Barros, Beto Werther)","2026-05-05","19:30","2026-05-05T19:30:00-03:00","40","false","Bangalô - Avenida Lúcio Costa, 1976 - Barra da Tijuca","Barra da Tijuca","Rio de Janeiro","RJ","http://www.lacumbuca.com/"
"lacumbuca-lu-carvalho-2026-05-05-20-00-blue-note-rio-avenida-atlantica-1910-copacabana","Lu Carvalho","2026-05-05","20:00","2026-05-05T20:00:00-03:00","a partir de 60 meia","false","Blue Note Rio - Avenida Atlântica, 1910 - Copacabana","Copacabana","Rio de Janeiro","RJ","http://www.lacumbuca.com/"
"lacumbuca-simone-francis-hime-2026-05-05-20-00-teatro-ipanema-rua-prudente-de-morais-824-i","Simone & Francis Hime","2026-05-05","20:00","2026-05-05T20:00:00-03:00","INGRESSOS ESGOTADOS","false","Teatro Ipanema - Rua Prudente de Morais, 824 - Ipanema","Ipanema","Rio de Janeiro","RJ","http://www.lacumbuca.com/"
"lacumbuca-sofia-campos-2026-05-05-20-00-audio-rebel-rua-visconde-silva-55-botafogo","Sofia Campos","2026-05-05","20:00","2026-05-05T20:00:00-03:00","35 antecipado, 45 na hora","false","Audio Rebel - Rua Visconde Silva, 55 - Botafogo","Botafogo","Rio de Janeiro","RJ","http://www.lacumbuca.com/"
"lacumbuca-isabel-fillardis-2026-05-05-20-00-teatro-glaucio-gill-praca-cardeal-arcoverde-s-","Isabel Fillardis","2026-05-05","20:00","2026-05-05T20:00:00-03:00","5 meia","false","Teatro Glaucio Gill - Praça Cardeal Arcoverde, s/n - Copacabana","Copacabana","Rio de Janeiro","RJ","http://www.lacumbuca.com/"
"lacumbuca-pedro-zoli-2026-05-06-18-00-esquina-das-ruas-ator-paulo-gustavo-com-pereira-da-s","Pedro Zoli","2026-05-06","18:00","2026-05-06T18:00:00-03:00","grátis","true","Esquina das Ruas Ator Paulo Gustavo com Pereira da Silva - Icaraí - Niterói","Niterói","Rio de Janeiro","RJ","http://www.lacumbuca.com/"
"lacumbuca-global-baile-sessions-djs-2026-05-06-18-00-firma-ltda-rua-da-candelaria-92-centr","Global Baile Sessions: DJs","2026-05-06","18:00","2026-05-06T18:00:00-03:00","contribuição voluntária","false","Firma LTDA. - Rua da Candelária, 92 - Centro","Centro","Rio de Janeiro","RJ","http://www.lacumbuca.com/"
"lacumbuca-ogermano-audicao-do-disco-virada-de-chave-2026-05-06-18-00-galpao-ladeira-das-ar","OGermano: Audição do Disco ""Virada de Chave""","2026-05-06","18:00","2026-05-06T18:00:00-03:00","5","false","Galpão Ladeira das Artes - Rua Conselheiro Lampreia 225 - Cosme Velho","Cosme Velho","Rio de Janeiro","RJ","http://www.lacumbuca.com/"
"lacumbuca-lucy-ribeiro-2026-05-06-19-00-centro-de-referencia-da-musica-carioca-rua-conde-d","Lucy Ribeiro","2026-05-06","19:00","2026-05-06T19:00:00-03:00","30 meia","false","Centro de Referência da Música Carioca - Rua Conde de Bonfim, 824 - Tijuca","Tijuca","Rio de Janeiro","RJ","http://www.lacumbuca.com/"
"lacumbuca-dj-marcelinho-da-lua-2026-05-06-19-00-eleninha-rua-pacheco-leao-780-horto","DJ Marcelinho da Lua","2026-05-06","19:00","2026-05-06T19:00:00-03:00","","false","Eleninha - Rua Pacheco Leão, 780 - Horto","Horto","Rio de Janeiro","RJ","http://www.lacumbuca.com/"
"lacumbuca-antonio-neves-2026-05-06-19-00-indecente-cafe-rua-felicio-dos-santos-3-santa-ter","Antonio Neves","2026-05-06","19:00","2026-05-06T19:00:00-03:00","contribuição voluntária","false","Indecente Café - Rua Felício dos Santos, 3 - Santa Teresa","Santa Teresa","Rio de Janeiro","RJ","http://www.lacumbuca.com/"
"lacumbuca-silverio-pontes-marcelo-caldi-2026-05-06-19-30-teatro-rival-rua-alvaro-alvim-33-","Silvério Pontes & Marcelo Caldi","2026-05-06","19:30","2026-05-06T19:30:00-03:00","a partir de 50 meia","false","Teatro Rival - Rua Álvaro Alvim, 33 - Cinelândia","Cinelândia","Rio de Janeiro","RJ","http://www.lacumbuca.com/"
"lacumbuca-gabriella-lima-2026-05-06-20-00-audio-rebel-rua-visconde-silva-55-botafogo","Gabriella Lima","2026-05-06","20:00","2026-05-06T20:00:00-03:00","35 antecipado, 45 na hora","false","Audio Rebel - Rua Visconde Silva, 55 - Botafogo","Botafogo","Rio de Janeiro","RJ","http://www.lacumbuca.com/"
"lacumbuca-refugio-dos-amores-improvaveis-participacao-paulinho-moska-2026-05-06-20-00-blue","Refúgio dos Amores Improváveis - Participação: Paulinho Moska","2026-05-06","20:00","2026-05-06T20:00:00-03:00","a partir de 60 meia","false","Blue Note Rio - Avenida Atlântica, 1910 - Copacabana","Copacabana","Rio de Janeiro","RJ","http://www.lacumbuca.com/"
"lacumbuca-letrux-2026-05-06-20-00-teatro-claro-rio-rua-siqueira-campos-143-copacabana","Letrux","2026-05-06","20:00","2026-05-06T20:00:00-03:00","a partir de 60 meia","false","Teatro Claro Rio - Rua Siqueira Campos, 143 - Copacabana","Copacabana","Rio de Janeiro","RJ","http://www.lacumbuca.com/"
"lacumbuca-luana-karoo-jef-rodriguez-baile-do-zanza-2026-05-06-20-00-manga-bar-rua-visconde","Luana Karoo & Jef Rodriguez (Baile do Zanza)","2026-05-06","20:00","2026-05-06T20:00:00-03:00","10","false","Manga Bar - Rua Visconde de Niterói, 1170 - Mangueira","Mangueira","Rio de Janeiro","RJ","http://www.lacumbuca.com/"
"lacumbuca-felipe-f-bate-pronto-baile-clube-2026-05-06-20-00-bargaca-rua-sara-142-santo-cri","Felipe F. (Bate-Pronto Baile Clube)","2026-05-06","20:00","2026-05-06T20:00:00-03:00","contribuição voluntária","false","Bargaça - Rua Sara, 142 - Santo Cristo","Santo Cristo","Rio de Janeiro","RJ","http://www.lacumbuca.com/"
"lacumbuca-jaques-morelenbaum-carlos-malta-marcelo-costa-2026-05-06-20-30-manouche-jockey-c","Jaques Morelenbaum & Carlos Malta & Marcelo Costa","2026-05-06","20:30","2026-05-06T20:30:00-03:00","70 meia","false","Manouche - Jockey Club - Rua Jardim Botânico, 983 - Jardim Botânico","Jardim Botânico","Rio de Janeiro","RJ","http://www.lacumbuca.com/"
"lacumbuca-orquestra-carioca-de-flautas-2026-05-07-12-30-sala-multiuso-rua-dom-manuel-29-ce","Orquestra Carioca de Flautas","2026-05-07","12:30","2026-05-07T12:30:00-03:00","grátis","true","Sala Multiuso - Rua Dom Manuel, 29 - Centro","Centro","Rio de Janeiro","RJ","http://www.lacumbuca.com/"
"lacumbuca-arturo-cussen-2026-05-07-17-00-circo-crescer-e-viver-rua-carmo-neto-143-cidade-n","Arturo Cussen","2026-05-07","17:00","2026-05-07T17:00:00-03:00","grátis","true","Circo Crescer e Viver - Rua Carmo Neto, 143 - Cidade Nova","Cidade Nova","Rio de Janeiro","RJ","http://www.lacumbuca.com/"
"lacumbuca-pagode-do-traz-2026-05-07-18-00-banca-do-andre-rua-pedro-lessa-cinelandia","Pagode do Traz","2026-05-07","18:00","2026-05-07T18:00:00-03:00","grátis","true","Banca do André - Rua Pedro Lessa - Cinelândia","Cinelândia","Rio de Janeiro","RJ","http://www.lacumbuca.com/"
"lacumbuca-tangolo-mangos-2026-05-07-19-00-audio-rebel-rua-visconde-silva-55-botafogo","Tangolo Mangos","2026-05-07","19:00","2026-05-07T19:00:00-03:00","INGRESSOS ESGOTADOS","false","Audio Rebel - Rua Visconde Silva, 55 - Botafogo","Botafogo","Rio de Janeiro","RJ","http://www.lacumbuca.com/"
"lacumbuca-fausto-fawcett-animakina-quintas-no-bndes-2026-05-07-19-00-bndes-av-republica-do","Fausto Fawcett: Animakina (Quintas no BNDES)","2026-05-07","19:00","2026-05-07T19:00:00-03:00","grátis","true","BNDES - Av. República do Chile, 100 - Centro","Centro","Rio de Janeiro","RJ","http://www.lacumbuca.com/"
"lacumbuca-graca-reis-eduardo-jordao-2026-05-07-19-00-casa-museu-eva-klabin-avenida-epitaci","Graça Reis & Eduardo Jordão","2026-05-07","19:00","2026-05-07T19:00:00-03:00","30 meia","false","Casa Museu Eva Klabin - Avenida Epitácio Pessoa, 2480 - Lagoa","Lagoa","Rio de Janeiro","RJ","http://www.lacumbuca.com/"
"lacumbuca-rafael-sperduto-2026-05-07-19-00-centro-de-referencia-da-musica-carioca-rua-cond","Rafael Sperduto","2026-05-07","19:00","2026-05-07T19:00:00-03:00","15 meia","false","Centro de Referência da Música Carioca - Rua Conde de Bonfim, 824 - Tijuca","Tijuca","Rio de Janeiro","RJ","http://www.lacumbuca.com/"
"lacumbuca-thati-dias-feira-carandai-25-2026-05-07-19-00-jockey-club-rua-jardim-botanico-10","Thati Dias (Feira Carandaí 25)","2026-05-07","19:00","2026-05-07T19:00:00-03:00","1 kg alimento não perecível","false","Jockey Club - Rua Jardim Botânico, 1003 - Jardim Botânico","Jardim Botânico","Rio de Janeiro","RJ","http://www.lacumbuca.com/"
"lacumbuca-kim-pereira-trio-nath-audizio-2026-05-07-19-00-eleninha-rua-pacheco-leao-780-hor","Kim Pereira Trio & Nath Audízio","2026-05-07","19:00","2026-05-07T19:00:00-03:00","","false","Eleninha - Rua Pacheco Leão, 780 - Horto","Horto","Rio de Janeiro","RJ","http://www.lacumbuca.com/"
"lacumbuca-dj-nyack-participacao-jezz-mizzy-bandido-sensivel-2026-05-07-19-00-macuna-arte-b","DJ Nyack - Participação: Jezz & Mizzy & Bandido Sensível","2026-05-07","19:00","2026-05-07T19:00:00-03:00","10 até 22h, 15 após","false","Macuna Arte Bar - Rua Fernando Guimarães, 66 - Botafogo","Botafogo","Rio de Janeiro","RJ","http://www.lacumbuca.com/"
"lacumbuca-meio-fio-2026-05-07-19-00-acervo-bar-edificio-touring-avenida-rodrigues-alves-10","Meio Fio","2026-05-07","19:00","2026-05-07T19:00:00-03:00","","false","Acervo Bar - Edifício Touring - Avenida Rodrigues Alves, 10 - Praça Mauá","Praça Mauá","Rio de Janeiro","RJ","http://www.lacumbuca.com/"
"lacumbuca-laura-de-castro-2026-05-07-19-30-espaco-sergio-porto-rua-humaita-163-humaita","Laura de Castro","2026-05-07","19:30","2026-05-07T19:30:00-03:00","30 meia","false","Espaço Sérgio Porto - Rua Humaitá, 163 - Humaitá","Humaitá","Rio de Janeiro","RJ","http://www.lacumbuca.com/"
"lacumbuca-wolfgang-perez-pedro-fonte-participacao-janine-tori-lucas-videla-2026-05-07-20-0","Wolfgang Perez & Pedro Fonte - Participação: Janine & Tori & Lucas Videla","2026-05-07","20:00","2026-05-07T20:00:00-03:00","contribuição voluntária","false","Indecente Café - Rua Felício dos Santos, 3 - Santa Teresa","Santa Teresa","Rio de Janeiro","RJ","http://www.lacumbuca.com/"
"lacumbuca-tangolo-mangos-2026-05-07-21-00-audio-rebel-rua-visconde-silva-55-botafogo","Tangolo Mangos","2026-05-07","21:00","2026-05-07T21:00:00-03:00","INGRESSOS ESGOTADOS","false","Audio Rebel - Rua Visconde Silva, 55 - Botafogo","Botafogo","Rio de Janeiro","RJ","http://www.lacumbuca.com/"
"lacumbuca-julia-joia-2026-05-07-22-00-elena-horto-rua-pacheco-leao-758-jardim-botanico","Julia Joia","2026-05-07","22:00","2026-05-07T22:00:00-03:00","","false","Elena Horto - Rua Pacheco Leão, 758 - Jardim Botânico","Jardim Botânico","Rio de Janeiro","RJ","http://www.lacumbuca.com/"
"lacumbuca-joao-estrella-nito-lima-andre-barion-2026-05-07-22-30-blue-note-rio-avenida-atla","João Estrella & Nito Lima & André Barion","2026-05-07","22:30","2026-05-07T22:30:00-03:00","a partir de 60 meia","false","Blue Note Rio - Avenida Atlântica, 1910 - Copacabana","Copacabana","Rio de Janeiro","RJ","http://www.lacumbuca.com/"
"lacumbuca-thiago-messer-blood-mary-tarantella-sasso-rodrigo-santos-chiara-civello-pretinho","Thiago Messer / Blood Mary / Tarantella Sasso / Rodrigo Santos / Chiara Civello & Pretinho da Serrinha (Esperienza Degust'Italia)","2026-05-08","16:00","2026-05-08T16:00:00-03:00","grátis","true","Reserva Cultural - Avenida Visconde do Rio Branco, 880 - São Domingos - Niterói","Niterói","Rio de Janeiro","RJ","http://www.lacumbuca.com/"
"lacumbuca-coruja-bc1-2026-05-08-17-00-beise-arte-bar-praia-de-botafogo-454-botafogo","Coruja BC1","2026-05-08","17:00","2026-05-08T17:00:00-03:00","35 antecipado","false","Beise Arte Bar - Praia de Botafogo, 454 - Botafogo","Botafogo","Rio de Janeiro","RJ","http://www.lacumbuca.com/"
"lacumbuca-ze-farias-participacao-tunico-luiz-magalhaes-miguel-herzog-2026-05-08-18-00-inde","Zé Farias - Participação: Tunico & Luiz Magalhães & Miguel Herzog","2026-05-08","18:00","2026-05-08T18:00:00-03:00","contribuição voluntária","false","Indecente Café - Rua Felício dos Santos, 3 - Santa Teresa","Santa Teresa","Rio de Janeiro","RJ","http://www.lacumbuca.com/"
"lacumbuca-lambada-da-serpente-djs-2026-05-08-19-00-casa-264-rua-general-andrade-neves-264-","Lambada da Serpente / DJs","2026-05-08","19:00","2026-05-08T19:00:00-03:00","25 1º lote, 35 2º lote, 40 3º lote","false","Casa 264 - Rua General Andrade Neves, 264 - São Domingos - Niterói","Niterói","Rio de Janeiro","RJ","http://www.lacumbuca.com/"
"lacumbuca-fabiola-machado-2026-05-08-19-00-centro-de-referencia-da-musica-carioca-rua-cond","Fabíola Machado","2026-05-08","19:00","2026-05-08T19:00:00-03:00","20 meia","false","Centro de Referência da Música Carioca - Rua Conde de Bonfim, 824 - Tijuca","Tijuca","Rio de Janeiro","RJ","http://www.lacumbuca.com/"
"lacumbuca-carlos-evanney-2026-05-08-19-00-imperator-rua-dias-da-cruz-170-meier","Carlos Evanney","2026-05-08","19:00","2026-05-08T19:00:00-03:00","2,50 meia","false","Imperator - Rua Dias da Cruz, 170 - Méier","Méier","Rio de Janeiro","RJ","http://www.lacumbuca.com/"
"lacumbuca-bela-ciavatta-feira-carandai-25-2026-05-08-19-00-jockey-club-rua-jardim-botanico","Bela Ciavatta (Feira Carandaí 25)","2026-05-08","19:00","2026-05-08T19:00:00-03:00","1 kg alimento não perecível","false","Jockey Club - Rua Jardim Botânico, 1003 - Jardim Botânico","Jardim Botânico","Rio de Janeiro","RJ","http://www.lacumbuca.com/"
"lacumbuca-mokambo-2026-05-08-19-00-muhcab-rua-pedro-ernesto-80-gamboa","Mokambo","2026-05-08","19:00","2026-05-08T19:00:00-03:00","grátis","true","MUHCAB - Rua Pedro Ernesto, 80 - Gamboa","Gamboa","Rio de Janeiro","RJ","http://www.lacumbuca.com/"
"lacumbuca-youn-dj-machintal-2026-05-08-19-00-sesc-nova-iguacu-rua-dom-adriano-hipolito-10-","Yoùn / DJ Machintal","2026-05-08","19:00","2026-05-08T19:00:00-03:00","7,50 meia","false","SESC Nova Iguaçu - Rua Dom Adriano Hipólito, 10 - Moquetá - Nova Iguaçu","Nova Iguaçu","Rio de Janeiro","RJ","http://www.lacumbuca.com/"
"lacumbuca-lambada-da-serpente-2026-05-08-19-00-casa-264-rua-general-andrade-neves-264-sao-","Lambada da Serpente","2026-05-08","19:00","2026-05-08T19:00:00-03:00","a partir de 35","false","Casa 264 - Rua General Andrade Neves, 264 - São Domingos - Niterói","Niterói","Rio de Janeiro","RJ","http://www.lacumbuca.com/"
"lacumbuca-dean-wareham-toca-galaxie-500-luna-orua-djs-gustavo-seabra-gordinho-2026-05-08-2","Dean Wareham Toca Galaxie 500 & Luna / Oruã / DJs Gustavo Seabra & Gordinho","2026-05-08","20:00","2026-05-08T20:00:00-03:00","130 meia 1º lote, 150 meia 2º lote","false","Cordão da Bola Preta - Rua da Relação, 3 - Lapa","Lapa","Rio de Janeiro","RJ","http://www.lacumbuca.com/"
"lacumbuca-dani-vallejo-disstantes-2026-05-08-20-00-vizinha-123-rua-henrique-de-novaes-123-","Dani Vallejo / Disstantes","2026-05-08","20:00","2026-05-08T20:00:00-03:00","20 antecipado, 30 na hora","false","Vizinha 123 - Rua Henrique de Novaes, 123 - Botafogo","Botafogo","Rio de Janeiro","RJ","http://www.lacumbuca.com/"
"lacumbuca-leo-pinheiro-sergio-chiavazzoli-2026-05-08-20-00-casa-julieta-de-serpa-jclub-pra","Leo Pinheiro & Sérgio Chiavazzoli","2026-05-08","20:00","2026-05-08T20:00:00-03:00","60 meia","false","Casa Julieta de Serpa - JClub - Praia do Flamengo, 340 - Flamengo","Flamengo","Rio de Janeiro","RJ","http://www.lacumbuca.com/"
"lacumbuca-nacao-zumbi-afrociberdelia-30-anos-mintcho-garrammone-dj-lencinho-2026-05-08-20-","Nação Zumbi: ""Afrociberdelia - 30 Anos"" / Mintcho Garrammone / DJ Lencinho","2026-05-08","20:00","2026-05-08T20:00:00-03:00","INGRESSOS ESGOTADOS","false","Circo Voador - Lapa","Lapa","Rio de Janeiro","RJ","http://www.lacumbuca.com/"
"lacumbuca-utsu-tear-teoria-do-caos-cinzero-2026-05-08-20-00-casa-afro-rio-rua-acre-96-cent","Utsu / Tear / Teoria do Caos / Cinzëro","2026-05-08","20:00","2026-05-08T20:00:00-03:00","15 antecipado","false","Casa Afro Rio - Rua Acre, 96 - Centro","Centro","Rio de Janeiro","RJ","http://www.lacumbuca.com/"
"lacumbuca-altay-veloso-2026-05-08-20-00-blue-note-rio-avenida-atlantica-1910-copacabana","Altay Veloso","2026-05-08","20:00","2026-05-08T20:00:00-03:00","a partir de 60 meia","false","Blue Note Rio - Avenida Atlântica, 1910 - Copacabana","Copacabana","Rio de Janeiro","RJ","http://www.lacumbuca.com/"
"lacumbuca-fernando-leitzke-candombaile-2026-05-08-20-00-glorioso-cultural-rua-do-catete-95","Fernando Leitzke & Candombaile","2026-05-08","20:00","2026-05-08T20:00:00-03:00","25 1º lote","false","Glorioso Cultural - Rua do Catete, 95 - Catete","Catete","Rio de Janeiro","RJ","http://www.lacumbuca.com/"
"lacumbuca-de-leve-pic-nic-2026-05-08-20-00-audio-rebel-rua-visconde-silva-55-botafogo","De Leve / Pic-Nic","2026-05-08","20:00","2026-05-08T20:00:00-03:00","25 antecipado","false","Audio Rebel - Rua Visconde Silva, 55 - Botafogo","Botafogo","Rio de Janeiro","RJ","http://www.lacumbuca.com/"
"lacumbuca-f-r-esta-festival-de-improvisacao-performance-e-arte-sonora-natalia-quindere-fla","F(r)esta - Festival de Improvisação, Performance e Arte Sonora: Natália Quinderé & Flávia Goa / Baía Contígua / God Pussy / Sara Não Tem Nome","2026-05-08","20:00","2026-05-08T20:00:00-03:00","20 antecipado, 30 na hora","false","Diversa - Rua do Rezende, 14 - Lapa","Lapa","Rio de Janeiro","RJ","http://www.lacumbuca.com/"
"lacumbuca-phane-mundo-no-kaos-fardo-gaara-2026-05-08-21-00-garage-grindhouse-rua-ceara-154","Phane / Mundo no Kaos / Fardo / Gäara","2026-05-08","21:00","2026-05-08T21:00:00-03:00","25 antecipado, 30 na hora","false","Garage Grindhouse - Rua Ceará, 154 - Praça da Bandeira","Praça da Bandeira","Rio de Janeiro","RJ","http://www.lacumbuca.com/"
"lacumbuca-anacronicos-tacy-participacao-katia-jorgensen-2026-05-08-21-00-mississippi-delta","Anacrônicos / Tacy - Participação: Katia Jorgensen","2026-05-08","21:00","2026-05-08T21:00:00-03:00","25","false","Mississippi Delta Blues Bar - Rua Pedro Ernesto, 89 - Gamboa","Gamboa","Rio de Janeiro","RJ","http://www.lacumbuca.com/"
"lacumbuca-sidney-magal-2026-05-08-21-30-qualistage-via-parque-shopping-avenida-ayrton-senn","Sidney Magal","2026-05-08","21:30","2026-05-08T21:30:00-03:00","a partir de 70 meia","false","Qualistage - Via Parque Shopping - Avenida Ayrton Senna, 3000 - Barra da Tijuca","Barra da Tijuca","Rio de Janeiro","RJ","http://www.lacumbuca.com/"
"lacumbuca-blues-etilicos-40-anos-2026-05-08-22-30-blue-note-rio-avenida-atlantica-1910-cop","Blues Etílicos: 40 Anos","2026-05-08","22:30","2026-05-08T22:30:00-03:00","a partir de 60 meia","false","Blue Note Rio - Avenida Atlântica, 1910 - Copacabana","Copacabana","Rio de Janeiro","RJ","http://www.lacumbuca.com/"
"lacumbuca-samba-do-peixe-2026-05-09-14-00-al-farabi-rua-do-mercado-34-boulevard-olimpico-p","Samba do Peixe","2026-05-09","14:00","2026-05-09T14:00:00-03:00","grátis","true","Al Farabi - Rua do Mercado, 34 - Boulevard Olímpico - Praça XV","Praça XV","Rio de Janeiro","RJ","http://www.lacumbuca.com/"
"lacumbuca-original-raiz-2026-05-09-14-30-praca-das-amendoeiras-itaipu-niteroi","Original Raiz","2026-05-09","14:30","2026-05-09T14:30:00-03:00","grátis","true","Praça das Amendoeiras - Itaipu - Niterói","Niterói","Rio de Janeiro","RJ","http://www.lacumbuca.com/"
"lacumbuca-roda-dos-suburbanistas-2026-05-09-15-00-sesc-nova-iguacu-rua-dom-adriano-hipolit","Roda dos Suburbanistas","2026-05-09","15:00","2026-05-09T15:00:00-03:00","7,50 meia","false","SESC Nova Iguaçu - Rua Dom Adriano Hipólito, 10 - Moquetá - Nova Iguaçu","Nova Iguaçu","Rio de Janeiro","RJ","http://www.lacumbuca.com/"
"lacumbuca-uniao-de-marica-unidos-de-vila-isabel-imperio-serrano-samba-enrena-2026-05-09-15","União de Maricá / Unidos de Vila Isabel / Império Serrano (Samba EnRENA)","2026-05-09","15:00","2026-05-09T15:00:00-03:00","grátis com 1 kg de alimento não perecível até 18h, 20 após","true","Renascença Clube - Rua Barão de São Francisco, 54 - Andaraí","Andaraí","Rio de Janeiro","RJ","http://www.lacumbuca.com/"
"lacumbuca-fabrizio-filezi-bella-godiva-tarantella-sasso-pamela-d-amico-blitz-esperienza-de","Fabrizio Filezi / Bella Godiva / Tarantella Sasso / Pamela D'Amico / Blitz (Esperienza Degust'Italia)","2026-05-09","16:00","2026-05-09T16:00:00-03:00","grátis","true","Reserva Cultural - Avenida Visconde do Rio Branco, 880 - São Domingos - Niterói","Niterói","Rio de Janeiro","RJ","http://www.lacumbuca.com/"
"lacumbuca-fernanda-santanna-2026-05-09-17-00-centro-de-referencia-da-musica-carioca-rua-co","Fernanda Santanna","2026-05-09","17:00","2026-05-09T17:00:00-03:00","30 meia","false","Centro de Referência da Música Carioca - Rua Conde de Bonfim, 824 - Tijuca","Tijuca","Rio de Janeiro","RJ","http://www.lacumbuca.com/"
"lacumbuca-sapagode-azula-bateria-orquestra-de-ouro-do-engenho-da-rainha-djs-aniversario-da","Sapagode / Azula / Bateria Orquestra de Ouro do Engenho da Rainha / DJs (Aniversário da Dani Balbi)","2026-05-09","17:00","2026-05-09T17:00:00-03:00","grátis","true","Casa Savana - Rua Camerino, 162 - Centro","Centro","Rio de Janeiro","RJ","http://www.lacumbuca.com/"
"lacumbuca-ge-fernandes-babau-familia-safira-magacadabra-quase-raro-porto-jupiter-festival-","Gê Fernandes / Babau Família / Safira / Magacadabra / Quase Raro / Porto Júpiter (Festival de Bandas Independentes)","2026-05-09","17:00","2026-05-09T17:00:00-03:00","25 antecipado, 30 na hora","false","Bulldog Rock Bar - Estrada do Pau-Ferro, 389 - Pechincha - Jacarepaguá","Jacarepaguá","Rio de Janeiro","RJ","http://www.lacumbuca.com/"
"lacumbuca-desalmado-gutted-souls-vox-mortem-sangria-2026-05-09-18-00-heavy-beer-bar-rua-ce","Desalmado / Gutted Souls / Vox Mortem / Sangria","2026-05-09","18:00","2026-05-09T18:00:00-03:00","50 antecipado","false","Heavy Beer Bar - Rua Ceará, 104 - Praça da Bandeira","Praça da Bandeira","Rio de Janeiro","RJ","http://www.lacumbuca.com/"
"lacumbuca-lis-mc-2026-05-09-18-00-arena-dicro-parque-ary-barroso-rua-flora-lobo-s-n-penha","Lis MC","2026-05-09","18:00","2026-05-09T18:00:00-03:00","15 meia","false","Arena Dicró - Parque Ary Barroso - Rua Flora Lobo, s/n - Penha","Penha","Rio de Janeiro","RJ","http://www.lacumbuca.com/"
"lacumbuca-samba-honesto-cordao-da-prata-preta-2026-05-09-18-00-praca-da-harmonia-gamboa","Samba Honesto / Cordão da Prata Preta","2026-05-09","18:00","2026-05-09T18:00:00-03:00","grátis","true","Praça da Harmonia - Gamboa","Gamboa","Rio de Janeiro","RJ","http://www.lacumbuca.com/"
"lacumbuca-samba-da-volta-2026-05-09-18-00-sdv-rua-da-constituicao-54-centro","Samba da Volta","2026-05-09","18:00","2026-05-09T18:00:00-03:00","15","false","SDV - Rua da Constituição, 54 - Centro","Centro","Rio de Janeiro","RJ","http://www.lacumbuca.com/"
"lacumbuca-orquestra-forte-de-copacabana-participacao-gerardina-tesauro-2026-05-09-18-00-fo","Orquestra Forte de Copacabana - Participação: Gerardina Tesauro","2026-05-09","18:00","2026-05-09T18:00:00-03:00","grátis","true","Forte de Copacabana - Praça Cel. Eugênio Franco, 1 - Posto 6 - Copacabana","Copacabana","Rio de Janeiro","RJ","http://www.lacumbuca.com/"
"lacumbuca-lambada-da-serpente-2026-05-09-18-00-acervo-bar-edificio-touring-avenida-rodrigu","Lambada da Serpente","2026-05-09","18:00","2026-05-09T18:00:00-03:00","","false","Acervo Bar - Edifício Touring - Avenida Rodrigues Alves, 10 - Praça Mauá","Praça Mauá","Rio de Janeiro","RJ","http://www.lacumbuca.com/"
"lacumbuca-bella-o-olmo-da-bruxa-buenos-vampiros-2026-05-09-18-30-rock-experience-club-rua-","Bella & O Olmo da Bruxa / Buenos Vampiros","2026-05-09","18:30","2026-05-09T18:30:00-03:00","40 1º lote, 50 2º lote, 60 3º lote","false","Rock Experience Club - Rua do Riachuelo, 20 - Lapa","Lapa","Rio de Janeiro","RJ","http://www.lacumbuca.com/"
"lacumbuca-black-pantera-imundos-punhal-gadelha-superdrive-2026-05-09-19-00-cordao-da-bola-","Black Pantera / Imundos / Punhal / Gadelha Superdrive","2026-05-09","19:00","2026-05-09T19:00:00-03:00","70 2º lote","false","Cordão da Bola Preta - Rua da Relação, 3 - Lapa","Lapa","Rio de Janeiro","RJ","http://www.lacumbuca.com/"
"lacumbuca-funkero-ber-cartel-mcs-soul-pixta-20-anos-2026-05-09-19-00-pista-de-skate-cocota","Funkero / Ber / Cartel MCs (Soul Pixta - 20 Anos)","2026-05-09","19:00","2026-05-09T19:00:00-03:00","grátis","true","Pista de Skate - Cocotá - Ilha do Governador","Ilha do Governador","Rio de Janeiro","RJ","http://www.lacumbuca.com/"
"lacumbuca-anibale-feira-carandai-25-2026-05-09-19-00-jockey-club-rua-jardim-botanico-1003-","Anibale (Feira Carandaí 25)","2026-05-09","19:00","2026-05-09T19:00:00-03:00","1 kg alimento não perecível","false","Jockey Club - Rua Jardim Botânico, 1003 - Jardim Botânico","Jardim Botânico","Rio de Janeiro","RJ","http://www.lacumbuca.com/"
"lacumbuca-paulo-rego-guinga-2026-05-09-19-00-verso-cafe-cultural-avenida-ataulfo-de-paiva-","Paulo Rego & Guinga","2026-05-09","19:00","2026-05-09T19:00:00-03:00","","false","Verso Café Cultural - Avenida Ataulfo de Paiva, 1120 / Loja B - Leblon","Leblon","Rio de Janeiro","RJ","http://www.lacumbuca.com/"
"lacumbuca-carol-panesi-2026-05-09-19-00-sesc-sao-goncalo-av-pres-kennedy-755-estrela-do-no","Carol Panesi","2026-05-09","19:00","2026-05-09T19:00:00-03:00","7,50 meia","false","SESC São Gonçalo - Av. Pres. Kennedy, 755 - Estrela do Norte - São Gonçalo","São Gonçalo","Rio de Janeiro","RJ","http://www.lacumbuca.com/"
"lacumbuca-a-nuvem-2026-05-09-19-00-prainha-discos-rua-sacadura-cabral-10-saude","A Nuvem","2026-05-09","19:00","2026-05-09T19:00:00-03:00","grátis","true","Prainha Discos - Rua Sacadura Cabral, 10 - Saúde","Saúde","Rio de Janeiro","RJ","http://www.lacumbuca.com/"
"lacumbuca-joao-maria-carvalho-lebre-domenico-lancellotti-2026-05-09-19-00-indecente-cafe-r","João Maria Carvalho Lebre & Domenico Lancellotti","2026-05-09","19:00","2026-05-09T19:00:00-03:00","contribuição voluntária","false","Indecente Café - Rua Felício dos Santos, 3 - Santa Teresa","Santa Teresa","Rio de Janeiro","RJ","http://www.lacumbuca.com/"
"lacumbuca-a-concha-lizium-ratazanas-insanas-retorika-2026-05-09-19-00-bar-da-gentalha-rua-","A Concha / Lizium / Ratazanas Insanas / Retórika","2026-05-09","19:00","2026-05-09T19:00:00-03:00","INGRESSOS ESGOTADOS","false","Bar da Gentalha - Rua General Osório, 11 - São Domingos - Niterói","Niterói","Rio de Janeiro","RJ","http://www.lacumbuca.com/"
"lacumbuca-bonde-das-maravilhas-raissa-leal-talie-dnasty-afrolai-festival-raizes-2026-05-09","Bonde das Maravilhas / Raíssa Leal / Talie / Dnasty / Afrolai (Festival Raízes)","2026-05-09","19:00","2026-05-09T19:00:00-03:00","25","false","Mauacba Skate Coffee - Praça XV, nº 2 loja B1 (antigo Bob´s) - Centro","Centro","Rio de Janeiro","RJ","http://www.lacumbuca.com/"
"lacumbuca-claudya-2026-05-09-19-30-teatro-rival-rua-alvaro-alvim-33-cinelandia","Claudya","2026-05-09","19:30","2026-05-09T19:30:00-03:00","a partir de 50 meia","false","Teatro Rival - Rua Álvaro Alvim, 33 - Cinelândia","Cinelândia","Rio de Janeiro","RJ","http://www.lacumbuca.com/"
"lacumbuca-tornokre-santo-insano-brutal-noise-2026-05-09-20-00-santissimo-s-rock-beer-aveni","Tornokrê / Santo Insano / Brutal Noise","2026-05-09","20:00","2026-05-09T20:00:00-03:00","20","false","Santíssimo's Rock & Beer - Avenida Cesário de Melo, 1069 - Campo Grande","Campo Grande","Rio de Janeiro","RJ","http://www.lacumbuca.com/"
"lacumbuca-nacao-zumbi-afrociberdelia-30-anos-bnegao-dj-lencinho-2026-05-09-20-00-circo-voa","Nação Zumbi: ""Afrociberdelia - 30 Anos"" / BNegão / DJ Lencinho","2026-05-09","20:00","2026-05-09T20:00:00-03:00","INGRESSOS ESGOTADOS","false","Circo Voador - Lapa","Lapa","Rio de Janeiro","RJ","http://www.lacumbuca.com/"
"lacumbuca-day-limns-participacao-king-saints-kawe-2026-05-09-20-00-teatro-cesgranrio-rua-s","Day Limns - Participação: King Saints & Kawe","2026-05-09","20:00","2026-05-09T20:00:00-03:00","70 meia","false","Teatro Cesgranrio - Rua Santa Alexandrina, 1011 - Rio Comprido","Rio Comprido","Rio de Janeiro","RJ","http://www.lacumbuca.com/"
"lacumbuca-pc-silva-2026-05-09-20-00-audio-rebel-rua-visconde-silva-55-botafogo","PC Silva","2026-05-09","20:00","2026-05-09T20:00:00-03:00","30 meia","false","Audio Rebel - Rua Visconde Silva, 55 - Botafogo","Botafogo","Rio de Janeiro","RJ","http://www.lacumbuca.com/"
"lacumbuca-tuatha-de-dannan-tantum-pagan-throne-2026-05-09-20-00-lona-hermeto-pascoal-praca","Tuatha de Dannan / TantuM / Pagan Throne","2026-05-09","20:00","2026-05-09T20:00:00-03:00","30 meia 1º lote, 40 meia 2º lote, 50 meia no dia","false","Lona Hermeto Pascoal - Praça Primeiro de Maio, s/n - Bangu","Bangu","Rio de Janeiro","RJ","http://www.lacumbuca.com/"
"lacumbuca-baixada-jazz-big-band-2026-05-09-20-00-blue-note-rio-avenida-atlantica-1910-copa","Baixada Jazz Big Band","2026-05-09","20:00","2026-05-09T20:00:00-03:00","a partir de 60 meia","false","Blue Note Rio - Avenida Atlântica, 1910 - Copacabana","Copacabana","Rio de Janeiro","RJ","http://www.lacumbuca.com/"
"lacumbuca-manco-capac-the-brendas-plantas-morrem-2026-05-09-20-00-escritorio-rua-da-consti","Manco Capac / The Brendas / Plantas Morrem","2026-05-09","20:00","2026-05-09T20:00:00-03:00","20","false","Escritório - Rua da Constituição, 64 - Centro","Centro","Rio de Janeiro","RJ","http://www.lacumbuca.com/"
"lacumbuca-festival-elas-por-elas-2026-05-09-20-00-mississippi-delta-blues-bar-rua-pedro-er","Festival Elas Por Elas:","2026-05-09","20:00","2026-05-09T20:00:00-03:00","","false","Mississippi Delta Blues Bar - Rua Pedro Ernesto, 89 - Gamboa","Gamboa","Rio de Janeiro","RJ","http://www.lacumbuca.com/"
"lacumbuca-magma-velvo-dedo-de-bruxa-2026-05-09-20-00-stigmata-studio-travessa-do-comercio-","Magma Velvo / Dedo de Bruxa","2026-05-09","20:00","2026-05-09T20:00:00-03:00","20","false","Stigmata Studio - Travessa do Comércio, 16 - Arco do Teles - Praça XV","Praça XV","Rio de Janeiro","RJ","http://www.lacumbuca.com/"
"lacumbuca-new-yellow-bricks-la-vie-quarteto-corda-solta-2026-05-09-20-00-o-pecado-mora-ao-","New Yellow Bricks / La Vie / Quarteto Corda Solta","2026-05-09","20:00","2026-05-09T20:00:00-03:00","grátis","true","O Pecado Mora Ao Lado - Rua Hilário Ribeiro, 196 - Praça da Bandeira","Praça da Bandeira","Rio de Janeiro","RJ","http://www.lacumbuca.com/"
"lacumbuca-the-black-cold-osculum-infame-profanacao-na-floresta-morte-subita-caos-noturno-2","The Black Cold / Osculum Infame / Profanação na Floresta / Morte Súbita / Caos Noturno","2026-05-09","20:00","2026-05-09T20:00:00-03:00","40","false","Garage Grindhouse - Rua Ceará, 154 - Praça da Bandeira","Praça da Bandeira","Rio de Janeiro","RJ","http://www.lacumbuca.com/"
"lacumbuca-domenico-lancellotti-bruno-di-lullo-eduardo-manso-2026-05-09-20-30-indecente-caf","Domenico Lancellotti & Bruno Di Lullo & Eduardo Manso","2026-05-09","20:30","2026-05-09T20:30:00-03:00","contribuição voluntária","false","Indecente Café - Rua Felício dos Santos, 3 - Santa Teresa","Santa Teresa","Rio de Janeiro","RJ","http://www.lacumbuca.com/"
"lacumbuca-aguape-2026-05-09-21-00-estudio-onze-botequim-praca-leoni-ramos-9-sao-domingos-n","Aguapé","2026-05-09","21:00","2026-05-09T21:00:00-03:00","10","false","Estúdio Onze Botequim - Praça Leoni Ramos, 9 - São Domingos - Niterói","Niterói","Rio de Janeiro","RJ","http://www.lacumbuca.com/"
"lacumbuca-los-pibes-chorros-cumbieros-da-guanabara-2026-05-09-21-00-clube-dos-democraticos","Los Pibes Chorros / Cumbieros da Guanabara","2026-05-09","21:00","2026-05-09T21:00:00-03:00","80 1º lote","false","Clube dos Democráticos - R. Riachuelo, 91 - Lapa","Lapa","Rio de Janeiro","RJ","http://www.lacumbuca.com/"
"lacumbuca-titas-cabeca-dinossauro-30-anos-2026-05-09-21-00-qualistage-via-parque-shopping-","Titãs: ""Cabeça Dinossauro - 30 Anos""","2026-05-09","21:00","2026-05-09T21:00:00-03:00","a partir de 97,50 meia","false","Qualistage - Via Parque Shopping - Avenida Ayrton Senna, 3000 - Barra da Tijuca","Barra da Tijuca","Rio de Janeiro","RJ","http://www.lacumbuca.com/"
"lacumbuca-toquinho-2026-05-09-21-00-vivo-rio-av-infante-dom-henrique-85-parque-do-flamengo","Toquinho","2026-05-09","21:00","2026-05-09T21:00:00-03:00","a partir de 90 meia","false","Vivo Rio - Av. Infante Dom Henrique, 85 - Parque do Flamengo","Parque do Flamengo","Rio de Janeiro","RJ","http://www.lacumbuca.com/"
"lacumbuca-raivosos-2026-05-09-21-00-emporio-encantado-praca-sargento-eudoxio-passos-30-enc","Raivosos","2026-05-09","21:00","2026-05-09T21:00:00-03:00","contribuição voluntária","false","Empório Encantado - Praça Sargento Eudóxio Passos, 30 - Encantado","Encantado","Rio de Janeiro","RJ","http://www.lacumbuca.com/"
"lacumbuca-dudu-muller-2026-05-09-21-30-casa-groov-rua-salinopolis-28-taquara-jacarepagua","Dudu Müller","2026-05-09","21:30","2026-05-09T21:30:00-03:00","","false","Casa Groov - Rua Salinópolis, 28 - Taquara - Jacarepaguá","Jacarepaguá","Rio de Janeiro","RJ","http://www.lacumbuca.com/"
"lacumbuca-fat-family-djs-2026-05-09-22-00-viaduto-de-madureira-rua-carvalho-de-sousa-s-n-m","Fat Family / DJs","2026-05-09","22:00","2026-05-09T22:00:00-03:00","30 1º lote","false","Viaduto de Madureira - Rua Carvalho de Sousa, s/n - Madureira","Madureira","Rio de Janeiro","RJ","http://www.lacumbuca.com/"
"lacumbuca-grag-queen-voz-piano-2026-05-09-22-30-blue-note-rio-avenida-atlantica-1910-copac","Grag Queen: Voz & Piano","2026-05-09","22:30","2026-05-09T22:30:00-03:00","a partir de 60 meia","false","Blue Note Rio - Avenida Atlântica, 1910 - Copacabana","Copacabana","Rio de Janeiro","RJ","http://www.lacumbuca.com/"
"lacumbuca-quarteto-indiara-2026-05-10-11-00-theatro-municipal-salao-assyrio-cinelandia","Quarteto Indiara","2026-05-10","11:00","2026-05-10T11:00:00-03:00","25 meia","false","Theatro Municipal - Salão Assyrio - Cinelândia","Cinelândia","Rio de Janeiro","RJ","http://www.lacumbuca.com/"
"lacumbuca-mundia-carimbo-letto-baile-norteado-dj-dan-absoluto-2026-05-10-11-00-pescados-na","Mundiá Carimbó / Letto & Baile Norteado / DJ Dan Absoluto","2026-05-10","11:00","2026-05-10T11:00:00-03:00","grátis","true","Pescados na Brasa - Rua Vitor Meireles, 92 - Riachuelo","Riachuelo","Rio de Janeiro","RJ","http://www.lacumbuca.com/"
"lacumbuca-leci-brandao-jongo-da-serrinha-marquinhos-de-oswaldo-cruz-feira-das-yabas-2026-0","Leci Brandão / Jongo da Serrinha / Marquinhos de Oswaldo Cruz (Feira das Yabás)","2026-05-10","13:00","2026-05-10T13:00:00-03:00","grátis","true","Praça Paulo da Portela - Oswaldo Cruz","Oswaldo Cruz","Rio de Janeiro","RJ","http://www.lacumbuca.com/"
"lacumbuca-enredos-do-meu-samba-2026-05-10-14-00-al-farabi-rua-do-mercado-34-boulevard-olim","Enredos do Meu Samba","2026-05-10","14:00","2026-05-10T14:00:00-03:00","grátis","true","Al Farabi - Rua do Mercado, 34 - Boulevard Olímpico - Praça XV","Praça XV","Rio de Janeiro","RJ","http://www.lacumbuca.com/"
"lacumbuca-sinfonica-ambulante-camilla-marotti-tarantela-sasso-pedro-mariano-esperienza-deg","Sinfônica Ambulante / Camilla Marotti / Tarantela Sasso / Pedro Mariano (Esperienza Degust'Italia)","2026-05-10","16:00","2026-05-10T16:00:00-03:00","grátis","true","Reserva Cultural - Avenida Visconde do Rio Branco, 880 - São Domingos - Niterói","Niterói","Rio de Janeiro","RJ","http://www.lacumbuca.com/"
"lacumbuca-festival-elas-por-elas-2026-05-10-17-00-severyna-rua-ipiranga-54-laranjeiras","Festival Elas Por Elas:","2026-05-10","17:00","2026-05-10T17:00:00-03:00","","false","Severyna - Rua Ipiranga, 54 - Laranjeiras","Laranjeiras","Rio de Janeiro","RJ","http://www.lacumbuca.com/"
"lacumbuca-dream-theater-2026-05-10-18-00-vivo-rio-av-infante-dom-henrique-85-parque-do-fla","Dream Theater","2026-05-10","18:00","2026-05-10T18:00:00-03:00","650 meia vip 1º lote, 350 meia simples 1º lote","false","Vivo Rio - Av. Infante Dom Henrique, 85 - Parque do Flamengo","Parque do Flamengo","Rio de Janeiro","RJ","http://www.lacumbuca.com/"
"lacumbuca-caio-ruiz-igor-spliff-2026-05-10-20-00-audio-rebel-rua-visconde-silva-55-botafog","Caio Ruiz & Igor Spliff","2026-05-10","20:00","2026-05-10T20:00:00-03:00","30 antecipado","false","Audio Rebel - Rua Visconde Silva, 55 - Botafogo","Botafogo","Rio de Janeiro","RJ","http://www.lacumbuca.com/"
"lacumbuca-chico-cesar-2026-05-11-19-00-teatro-arthur-azevedo-rua-victor-alves-454-campo-gr","Chico César","2026-05-11","19:00","2026-05-11T19:00:00-03:00","2,50 meia","false","Teatro Arthur Azevedo - Rua Victor Alves, 454 - Campo Grande","Campo Grande","Rio de Janeiro","RJ","http://www.lacumbuca.com/"
"lacumbuca-gil-soul-andre-sachs-2026-05-11-20-00-audio-rebel-rua-visconde-silva-55-botafogo","Gil Soul / André Sachs","2026-05-11","20:00","2026-05-11T20:00:00-03:00","35 antecipado, 45 na hora","false","Audio Rebel - Rua Visconde Silva, 55 - Botafogo","Botafogo","Rio de Janeiro","RJ","http://www.lacumbuca.com/"
"lacumbuca-bagunco-2026-05-12-12-00-bibliomaison-maison-de-france-avenida-presidente-antoni","Bagunço","2026-05-12","12:00","2026-05-12T12:00:00-03:00","grátis","true","BiblioMaison - Maison de France - Avenida Presidente Antônio Carlos, 58 / 11° - Centro","Centro","Rio de Janeiro","RJ","http://www.lacumbuca.com/"
"lacumbuca-di-sabbato-s-jazz-2026-05-12-16-00-eleninha-rua-pacheco-leao-780-horto","Di Sabbato´s Jazz","2026-05-12","16:00","2026-05-12T16:00:00-03:00","","false","Eleninha - Rua Pacheco Leão, 780 - Horto","Horto","Rio de Janeiro","RJ","http://www.lacumbuca.com/"
"lacumbuca-leo-jaime-2026-05-12-18-30-teatro-joao-caetano-praca-tiradentes-s-n-centro","Leo Jaime","2026-05-12","18:30","2026-05-12T18:30:00-03:00","INGRESSOS ESGOTADOS","false","Teatro João Caetano - Praça Tiradentes, s/n - Centro","Centro","Rio de Janeiro","RJ","http://www.lacumbuca.com/"
"lacumbuca-youn-2026-05-12-19-00-sesc-tijuca-r-barao-de-mesquita-539-tijuca","Yoùn","2026-05-12","19:00","2026-05-12T19:00:00-03:00","7,50 meia","false","SESC Tijuca - R. Barão de Mesquita, 539 - Tijuca","Tijuca","Rio de Janeiro","RJ","http://www.lacumbuca.com/"
"lacumbuca-na-ozzetti-luiz-tatit-2026-05-12-19-00-sesc-copacabana-rua-domingos-ferreira-160","Ná Ozzetti & Luiz Tatit","2026-05-12","19:00","2026-05-12T19:00:00-03:00","7,50 meia","false","SESC Copacabana - Rua Domingos Ferreira, 160 - Copacabana","Copacabana","Rio de Janeiro","RJ","http://www.lacumbuca.com/"
"lacumbuca-cancelado-chico-cesar-2026-05-12-19-00-imperator-rua-dias-da-cruz-170-meier","CANCELADO: Chico César","2026-05-12","19:00","2026-05-12T19:00:00-03:00","2,50 meia","false","Imperator - Rua Dias da Cruz, 170 - Méier","Méier","Rio de Janeiro","RJ","http://www.lacumbuca.com/"
"lacumbuca-choro-batucada-2026-05-12-19-00-glorioso-cultural-rua-do-catete-95-catete","Choro Batucada","2026-05-12","19:00","2026-05-12T19:00:00-03:00","25 promocional, 30 antecipado, 40 na hora","false","Glorioso Cultural - Rua do Catete, 95 - Catete","Catete","Rio de Janeiro","RJ","http://www.lacumbuca.com/"
"lacumbuca-detonautas-2026-05-12-19-00-teatro-arthur-azevedo-rua-victor-alves-454-campo-gra","Detonautas","2026-05-12","19:00","2026-05-12T19:00:00-03:00","2,50 meia","false","Teatro Arthur Azevedo - Rua Victor Alves, 454 - Campo Grande","Campo Grande","Rio de Janeiro","RJ","http://www.lacumbuca.com/"
"lacumbuca-enzo-belmonte-participacao-lu-carvalho-dayse-do-banjo-2026-05-12-19-30-teatro-ri","Enzo Belmonte - Participação: Lu Carvalho & Dayse do Banjo","2026-05-12","19:30","2026-05-12T19:30:00-03:00","a partir de 60 meia","false","Teatro Rival - Rua Álvaro Alvim, 33 - Cinelândia","Cinelândia","Rio de Janeiro","RJ","http://www.lacumbuca.com/"
"lacumbuca-gus-levy-2026-05-12-20-00-manouche-jockey-club-rua-jardim-botanico-983-jardim-bo","Gus Levy","2026-05-12","20:00","2026-05-12T20:00:00-03:00","60 meia","false","Manouche - Jockey Club - Rua Jardim Botânico, 983 - Jardim Botânico","Jardim Botânico","Rio de Janeiro","RJ","http://www.lacumbuca.com/"
"lacumbuca-cancelado-simone-francis-hime-2026-05-12-20-00-teatro-ipanema-rua-prudente-de-mo","CANCELADO: Simone & Francis Hime","2026-05-12","20:00","2026-05-12T20:00:00-03:00","INGRESSOS ESGOTADOS","false","Teatro Ipanema - Rua Prudente de Morais, 824 - Ipanema","Ipanema","Rio de Janeiro","RJ","http://www.lacumbuca.com/"
"lacumbuca-afroribeirinhos-participacao-alexandre-bittencourt-2026-05-12-20-00-havana-59-ru","Afroribeirinhos - Participação: Alexandre Bittencourt","2026-05-12","20:00","2026-05-12T20:00:00-03:00","contribuição voluntária","false","Havana 59 - Rua do Lavradio, 168 - Lapa","Lapa","Rio de Janeiro","RJ","http://www.lacumbuca.com/"
"lacumbuca-nilze-carvalho-ana-costa-sombrinha-samba-na-puc-2026-05-13-12-40-anfiteatro-juni","Nilze Carvalho & Ana Costa & Sombrinha (Samba na PUC)","2026-05-13","12:40","2026-05-13T12:40:00-03:00","grátis","true","Anfiteatro Junito Brandão - PUC - Rua Marquês de São Vicente, 225 - Gávea","Gávea","Rio de Janeiro","RJ","http://www.lacumbuca.com/"
"lacumbuca-trio-minuetto-2026-05-13-18-00-sala-carlos-couto-rua-quinze-de-novembro-35-centr","Trio Minuetto","2026-05-13","18:00","2026-05-13T18:00:00-03:00","grátis","true","Sala Carlos Couto - Rua Quinze de Novembro, 35 - Centro - Niterói","Niterói","Rio de Janeiro","RJ","http://www.lacumbuca.com/"
"lacumbuca-roda-cultural-do-meier-pain-batalha-de-mcs-djs-2026-05-13-18-00-mini-ramp-rua-si","Roda Cultural do Méier: Pain / Batalha de MCs / DJs","2026-05-13","18:00","2026-05-13T18:00:00-03:00","grátis","true","Mini Ramp - Rua Silva Rabelo - Esquina com Rua Medina - Méier","Méier","Rio de Janeiro","RJ","http://www.lacumbuca.com/"
"lacumbuca-boogarins-2026-05-13-19-00-teatro-do-sesi-av-graca-aranha-1-centro","Boogarins","2026-05-13","19:00","2026-05-13T19:00:00-03:00","INGRESSOS ESGOTADOS","false","Teatro do SESI - Av. Graça Aranha, 1 - Centro","Centro","Rio de Janeiro","RJ","http://www.lacumbuca.com/"
"lacumbuca-na-ozzetti-luiz-tatit-2026-05-13-19-00-arte-sesc-rua-marques-de-abrantes-99-flam","Ná Ozzetti & Luiz Tatit","2026-05-13","19:00","2026-05-13T19:00:00-03:00","grátis","true","Arte SESC - Rua Marquês de Abrantes, 99 - Flamengo","Flamengo","Rio de Janeiro","RJ","http://www.lacumbuca.com/"
"lacumbuca-teresa-cristina-canta-cartola-2026-05-13-19-00-sesc-copacabana-rua-domingos-ferr","Teresa Cristina Canta Cartola","2026-05-13","19:00","2026-05-13T19:00:00-03:00","7,50 meia","false","SESC Copacabana - Rua Domingos Ferreira, 160 - Copacabana","Copacabana","Rio de Janeiro","RJ","http://www.lacumbuca.com/"
"lacumbuca-cancelado-chico-cesar-2026-05-13-19-00-teatro-mario-lago-rua-jaime-redondo-2-ban","CANCELADO: Chico César","2026-05-13","19:00","2026-05-13T19:00:00-03:00","2,50 meia","false","Teatro Mário Lago - Rua Jaime Redondo, 2 - Bangu","Bangu","Rio de Janeiro","RJ","http://www.lacumbuca.com/"
"lacumbuca-rio-brass-band-banda-sinfonica-da-unirio-orquestra-de-sopros-da-ufrj-brigham-you","Rio Brass Band / Banda Sinfônica da UNIRIO / Orquestra de Sopros da UFRJ / Brigham Young University Wind Symphony (Encontro de Bandas - Brasil x USA)","2026-05-13","19:00","2026-05-13T19:00:00-03:00","20 meia","false","Sala Cecília Meireles - Rua da Lapa, 47 - Lapa","Lapa","Rio de Janeiro","RJ","http://www.lacumbuca.com/"
"lacumbuca-ney-conceicao-trio-jazz-no-mercado-2026-05-13-19-00-novo-mercado-sao-jose-rua-da","Ney Conceição Trio (Jazz no Mercado)","2026-05-13","19:00","2026-05-13T19:00:00-03:00","grátis","true","Novo Mercado São José - Rua das Laranjeiras, 90 - Laranjeiras","Laranjeiras","Rio de Janeiro","RJ","http://www.lacumbuca.com/"
"lacumbuca-renato-teixeira-2026-05-13-19-00-teatro-armando-gonzaga-avenida-gen-oswaldo-cord","Renato Teixeira","2026-05-13","19:00","2026-05-13T19:00:00-03:00","2,50 meia","false","Teatro Armando Gonzaga - Avenida Gen. Oswaldo Cordeiro Farias, 511 - Marechal Hermes","Marechal Hermes","Rio de Janeiro","RJ","http://www.lacumbuca.com/"
"lacumbuca-antonio-neves-2026-05-13-19-00-indecente-cafe-rua-felicio-dos-santos-3-santa-ter","Antonio Neves","2026-05-13","19:00","2026-05-13T19:00:00-03:00","contribuição voluntária","false","Indecente Café - Rua Felício dos Santos, 3 - Santa Teresa","Santa Teresa","Rio de Janeiro","RJ","http://www.lacumbuca.com/"
"lacumbuca-samba-da-volta-2026-05-13-19-00-quadra-da-paraiso-do-tuiuti-campo-de-sao-cristov","Samba da Volta","2026-05-13","19:00","2026-05-13T19:00:00-03:00","30","false","Quadra da Paraíso do Tuiuti - Campo de São Cristóvão, 33 - São Cristóvão","São Cristóvão","Rio de Janeiro","RJ","http://www.lacumbuca.com/"
"lacumbuca-dj-marcelinho-da-lua-2026-05-13-19-30-eleninha-rua-pacheco-leao-780-horto","DJ Marcelinho da Lua","2026-05-13","19:30","2026-05-13T19:30:00-03:00","","false","Eleninha - Rua Pacheco Leão, 780 - Horto","Horto","Rio de Janeiro","RJ","http://www.lacumbuca.com/"
"lacumbuca-edmilson-dos-teclados-2026-05-13-20-00-vuvu-rua-sorocaba-601-botafogo","Edmilson dos Teclados","2026-05-13","20:00","2026-05-13T20:00:00-03:00","15","false","Vuvu - Rua Sorocaba, 601 - Botafogo","Botafogo","Rio de Janeiro","RJ","http://www.lacumbuca.com/"
"lacumbuca-jez-participacao-shuna-dayo-crioula-2026-05-13-20-00-espaco-bxd-in-cena-rua-prat","Jéz - Participação: Shuna & Dayô & Crioula","2026-05-13","20:00","2026-05-13T20:00:00-03:00","","false","Espaço BXD In Cena - Rua Prata, 35 - Coelho da Rocha - São João de Meriti","São João de Meriti","Rio de Janeiro","RJ","http://www.lacumbuca.com/"
"lacumbuca-orquestra-petrobras-sinfonica-metallica-black-album-sinfonico-2026-05-13-20-00-c","Orquestra Petrobras Sinfônica: Metallica - “Black Album Sinfônico""","2026-05-13","20:00","2026-05-13T20:00:00-03:00","a partir de 20 meia","false","Cidade das Artes - Grande Sala - Avenida das Américas, 5300 - Barra da Tijuca","Barra da Tijuca","Rio de Janeiro","RJ","http://www.lacumbuca.com/"
"lacumbuca-claudio-guimaraes-2026-05-13-20-30-manouche-jockey-club-rua-jardim-botanico-983-","Cláudio Guimarães","2026-05-13","20:30","2026-05-13T20:30:00-03:00","","false","Manouche - Jockey Club - Rua Jardim Botânico, 983 - Jardim Botânico","Jardim Botânico","Rio de Janeiro","RJ","http://www.lacumbuca.com/"
"lacumbuca-alana-moraes-2026-05-14-18-00-al-farabi-rua-do-mercado-34-boulevard-olimpico-pra","Alana Moraes","2026-05-14","18:00","2026-05-14T18:00:00-03:00","grátis","true","Al Farabi - Rua do Mercado, 34 - Boulevard Olímpico - Praça XV","Praça XV","Rio de Janeiro","RJ","http://www.lacumbuca.com/"
"lacumbuca-sarau-ratos-di-versos-20-anos-zumbi-do-mato-arnaldo-brandao-partido-da-classe-pe","Sarau Ratos Di Versos - 20 Anos: Zumbi do Mato / Arnaldo Brandão / Partido da Classe Perigosa / Slam das Minas / Choro Nervoso / Cooperativa de Santa / Wagner José & Seu Bando","2026-05-14","18:00","2026-05-14T18:00:00-03:00","grátis","true","Beco do Rato - Rua Joaquim Silva - Lapa","Lapa","Rio de Janeiro","RJ","http://www.lacumbuca.com/"
"lacumbuca-paula-morelenbaum-jaques-morelenbaum-moreno-veloso-quintas-no-bndes-2026-05-14-1","Paula Morelenbaum & Jaques Morelenbaum & Moreno Veloso (Quintas no BNDES)","2026-05-14","19:00","2026-05-14T19:00:00-03:00","grátis","true","BNDES - Av. República do Chile, 100 - Centro","Centro","Rio de Janeiro","RJ","http://www.lacumbuca.com/"
"lacumbuca-leo-ze-sandes-2026-05-14-19-00-centro-de-referencia-da-musica-carioca-rua-conde-","Leo Zé Sandes","2026-05-14","19:00","2026-05-14T19:00:00-03:00","25 meia","false","Centro de Referência da Música Carioca - Rua Conde de Bonfim, 824 - Tijuca","Tijuca","Rio de Janeiro","RJ","http://www.lacumbuca.com/"
"lacumbuca-mark-lambert-2026-05-14-19-00-centro-cultural-ibeu-avenida-nossa-senhora-de-copa","Mark Lambert","2026-05-14","19:00","2026-05-14T19:00:00-03:00","grátis","true","Centro Cultural IBEU - Avenida Nossa Senhora de Copacabana, 690 - Auditório / 11° andar - Copacabana","Copacabana","Rio de Janeiro","RJ","http://www.lacumbuca.com/"
"lacumbuca-kiko-horta-antonio-guerra-2026-05-14-19-00-casa-do-choro-rua-da-carioca-38-centr","Kiko Horta & Antonio Guerra","2026-05-14","19:00","2026-05-14T19:00:00-03:00","40 meia","false","Casa do Choro - Rua da Carioca, 38 - Centro","Centro","Rio de Janeiro","RJ","http://www.lacumbuca.com/"
"lacumbuca-trama-katina-surf-rockarioca-convida-2026-05-14-19-00-la-esquina-bar-avenida-mem","Trama / Katina Surf (Rockarioca Convida)","2026-05-14","19:00","2026-05-14T19:00:00-03:00","20 1º lote, 30 2º lote","false","La Esquina Bar - Avenida Mem de Sá, 61 - Lapa","Lapa","Rio de Janeiro","RJ","http://www.lacumbuca.com/"
"lacumbuca-cancelado-chico-cesar-2026-05-14-19-00-casa-de-cultura-laura-alvim-avenida-vieir","CANCELADO: Chico César","2026-05-14","19:00","2026-05-14T19:00:00-03:00","2,50 meia","false","Casa de Cultura Laura Alvim - Avenida Vieira Souto, 176 - Ipanema","Ipanema","Rio de Janeiro","RJ","http://www.lacumbuca.com/"
"lacumbuca-kim-pereira-trio-alma-thomas-2026-05-14-19-00-eleninha-rua-pacheco-leao-780-hort","Kim Pereira Trio & Alma Thomas","2026-05-14","19:00","2026-05-14T19:00:00-03:00","","false","Eleninha - Rua Pacheco Leão, 780 - Horto","Horto","Rio de Janeiro","RJ","http://www.lacumbuca.com/"
"lacumbuca-kalunga-loop-carol-maia-joao-bessa-lara-galvao-cacofonia-2026-05-14-19-00-escrit","Kalunga Loop / Carol Maia / João Bessa / Lara Galvão (Cacofonia)","2026-05-14","19:00","2026-05-14T19:00:00-03:00","grátis","true","Escritório - Rua da Constituição, 64 - Centro","Centro","Rio de Janeiro","RJ","http://www.lacumbuca.com/"
"lacumbuca-joao-senise-participacao-aurea-martins-mauro-senise-2026-05-14-19-30-teatro-riva","João Senise - Participação: Áurea Martins & Mauro Senise","2026-05-14","19:30","2026-05-14T19:30:00-03:00","a partir de 60 meia","false","Teatro Rival - Rua Álvaro Alvim, 33 - Cinelândia","Cinelândia","Rio de Janeiro","RJ","http://www.lacumbuca.com/"
"lacumbuca-diogo-acosta-2026-05-14-19-30-espaco-sergio-porto-rua-humaita-163-humaita","Diogo Acosta","2026-05-14","19:30","2026-05-14T19:30:00-03:00","30 meia","false","Espaço Sérgio Porto - Rua Humaitá, 163 - Humaitá","Humaitá","Rio de Janeiro","RJ","http://www.lacumbuca.com/"
"lacumbuca-carol-romano-participacao-duda-brack-manuca-danni-marinho-2026-05-14-20-00-solar","Carol Romano - Participação: Duda Brack & Manuca / Danni Marinho","2026-05-14","20:00","2026-05-14T20:00:00-03:00","30 meia","false","Solar de Botafogo - Rua General Polidoro, 180 - Botafogo","Botafogo","Rio de Janeiro","RJ","http://www.lacumbuca.com/"
"lacumbuca-maria-alcina-2026-05-14-20-00-blue-note-rio-avenida-atlantica-1910-copacabana","Maria Alcina","2026-05-14","20:00","2026-05-14T20:00:00-03:00","a partir de 60 meia","false","Blue Note Rio - Avenida Atlântica, 1910 - Copacabana","Copacabana","Rio de Janeiro","RJ","http://www.lacumbuca.com/"
"lacumbuca-cybine-combinations-seht-zhan-mario-del-nunzio-jp-caron-2026-05-14-20-00-audio-r","Cybine Combinations / Seht Zhan & Mário Del Nunzio & JP Caron","2026-05-14","20:00","2026-05-14T20:00:00-03:00","20 antecipado, 25 na hora","false","Audio Rebel - Rua Visconde Silva, 55 - Botafogo","Botafogo","Rio de Janeiro","RJ","http://www.lacumbuca.com/"
"lacumbuca-wagner-tiso-2026-05-14-20-00-vinicius-bar-rua-vinicius-de-moraes-39-ipanema","Wagner Tiso","2026-05-14","20:00","2026-05-14T20:00:00-03:00","70 meia","false","Vinícius Bar - Rua Vinícius de Moraes, 39 - Ipanema","Ipanema","Rio de Janeiro","RJ","http://www.lacumbuca.com/"
"lacumbuca-navalha-karrera-rafael-kalil-2026-05-14-20-00-indecente-cafe-rua-felicio-dos-san","Navalha Karrera & Rafael Kalil","2026-05-14","20:00","2026-05-14T20:00:00-03:00","contribuição voluntária","false","Indecente Café - Rua Felício dos Santos, 3 - Santa Teresa","Santa Teresa","Rio de Janeiro","RJ","http://www.lacumbuca.com/"
"lacumbuca-bnegao-bota-som-participacao-mintcho-garrammone-2026-05-14-20-00-lado-b-rua-prim","BNegão Bota Som - Participação: Mintcho Garrammone","2026-05-14","20:00","2026-05-14T20:00:00-03:00","20 2º lote","false","Lado B - Rua Primeiro de Março, 14 - Travessa do Comércio - Centro","Centro","Rio de Janeiro","RJ","http://www.lacumbuca.com/"
"lacumbuca-marcelo-callado-participacao-tori-2026-05-14-21-00-manouche-jockey-club-rua-jard","Marcelo Callado - Participação: Tori","2026-05-14","21:00","2026-05-14T21:00:00-03:00","60 meia","false","Manouche - Jockey Club - Rua Jardim Botânico, 983 - Jardim Botânico","Jardim Botânico","Rio de Janeiro","RJ","http://www.lacumbuca.com/"
"lacumbuca-ourico-sutil-modelo-novo-quedalivre-2026-05-15-17-00-rock-experience-club-rua-do","ouriço / Sutil Modelo Novo / quedalivre","2026-05-15","17:00","2026-05-15T17:00:00-03:00","25 1º lote, 35 2º lote","false","Rock Experience Club - Rua do Riachuelo, 20 - Lapa","Lapa","Rio de Janeiro","RJ","http://www.lacumbuca.com/"
"lacumbuca-biab-participacao-tshawtty-maui-dj-machintal-2026-05-15-17-00-sesc-sao-goncalo-a","BiaB - Participação: Tshawtty & Maui / DJ Machintal","2026-05-15","17:00","2026-05-15T17:00:00-03:00","7,50 meia","false","SESC São Gonçalo - Av. Pres. Kennedy, 755 - Estrela do Norte - São Gonçalo","São Gonçalo","Rio de Janeiro","RJ","http://www.lacumbuca.com/"
"lacumbuca-orquestra-lunar-elizio-de-buzios-2026-05-15-18-00-sesc-niteroi-rua-padre-anchiet","Orquestra Lunar & Elízio de Búzios","2026-05-15","18:00","2026-05-15T18:00:00-03:00","7,50 meia","false","SESC Niterói - Rua Padre Anchieta, 56 - São Domingos - Niterói","Niterói","Rio de Janeiro","RJ","http://www.lacumbuca.com/"
"lacumbuca-ze-farias-participacao-tunico-luiz-magalhaes-miguel-herzog-2026-05-15-18-00-inde","Zé Farias - Participação: Tunico & Luiz Magalhães & Miguel Herzog","2026-05-15","18:00","2026-05-15T18:00:00-03:00","contribuição voluntária","false","Indecente Café - Rua Felício dos Santos, 3 - Santa Teresa","Santa Teresa","Rio de Janeiro","RJ","http://www.lacumbuca.com/"
"lacumbuca-sarau-ode-ao-poeta-2026-05-15-18-00-baratos-da-ribeiro-rua-dezenove-de-fevereiro","Sarau Ode ao Poeta","2026-05-15","18:00","2026-05-15T18:00:00-03:00","grátis","true","Baratos da Ribeiro - Rua Dezenove de Fevereiro, 90 - Botafogo","Botafogo","Rio de Janeiro","RJ","http://www.lacumbuca.com/"
"lacumbuca-hamilton-de-holanda-sextas-instrumentais-2026-05-15-19-00-bndes-av-republica-do-","Hamilton de Holanda (Sextas Instrumentais)","2026-05-15","19:00","2026-05-15T19:00:00-03:00","grátis","true","BNDES - Av. República do Chile, 100 - Centro","Centro","Rio de Janeiro","RJ","http://www.lacumbuca.com/"
"lacumbuca-delia-fischer-2026-05-15-19-00-centro-de-referencia-da-musica-carioca-rua-conde-","Délia Fischer","2026-05-15","19:00","2026-05-15T19:00:00-03:00","30 meia","false","Centro de Referência da Música Carioca - Rua Conde de Bonfim, 824 - Tijuca","Tijuca","Rio de Janeiro","RJ","http://www.lacumbuca.com/"
"lacumbuca-silverio-pontes-2026-05-15-19-00-sesc-nova-iguacu-rua-dom-adriano-hipolito-10-mo","Silvério Pontes","2026-05-15","19:00","2026-05-15T19:00:00-03:00","7,50 meia","false","SESC Nova Iguaçu - Rua Dom Adriano Hipólito, 10 - Moquetá - Nova Iguaçu","Nova Iguaçu","Rio de Janeiro","RJ","http://www.lacumbuca.com/"
"lacumbuca-cancelado-raflow-borges-2026-05-15-19-00-arena-jovelina-perola-negra-praca-enio-","CANCELADO: Raflow / Borges","2026-05-15","19:00","2026-05-15T19:00:00-03:00","20 meia","false","Arena Jovelina Pérola Negra - Praça Ênio - Pavuna","Pavuna","Rio de Janeiro","RJ","http://www.lacumbuca.com/"
"lacumbuca-favela-brass-banda-preta-2026-05-15-19-00-zola-pizza-rua-almirante-alexandrino-5","Favela Brass / Banda Preta","2026-05-15","19:00","2026-05-15T19:00:00-03:00","grátis","true","Zola Pizza - Rua Almirante Alexandrino, 5 - Santa Teresa","Santa Teresa","Rio de Janeiro","RJ","http://www.lacumbuca.com/"
"lacumbuca-victor-biglione-2026-05-15-19-00-casa-tao-brasil-rua-joaquim-silva-77-lapa","Victor Biglione","2026-05-15","19:00","2026-05-15T19:00:00-03:00","","false","Casa Tao Brasil - Rua Joaquim Silva, 77 - Lapa","Lapa","Rio de Janeiro","RJ","http://www.lacumbuca.com/"
"lacumbuca-pijama-eletrico-2026-05-15-19-00-beco-da-cultura-rua-do-mercado-51-praca-xv","Pijama Elétrico","2026-05-15","19:00","2026-05-15T19:00:00-03:00","contribuição voluntária","false","Beco da Cultura - Rua do Mercado, 51 - Praça XV","Praça XV","Rio de Janeiro","RJ","http://www.lacumbuca.com/"
"lacumbuca-pife-jazz-duo-2026-05-15-19-00-kombi-bar-rua-general-andrade-neves-297-sao-domin","Pife Jazz Duo","2026-05-15","19:00","2026-05-15T19:00:00-03:00","10","false","Kombi Bar - Rua General Andrade Neves, 297 - São Domingos - Niterói","Niterói","Rio de Janeiro","RJ","http://www.lacumbuca.com/"
"lacumbuca-guga-pellicciotti-jazz-na-banca-2026-05-15-19-00-banca-do-andre-rua-pedro-lessa-","Guga Pellicciotti (Jazz na Banca)","2026-05-15","19:00","2026-05-15T19:00:00-03:00","grátis","true","Banca do André - Rua Pedro Lessa - Cinelândia","Cinelândia","Rio de Janeiro","RJ","http://www.lacumbuca.com/"
"lacumbuca-bala-rosa-audicao-do-disco-se-essa-rua-fosse-minha-2026-05-15-19-00-ccs-moviment","Bala Rosa: Audição do Disco ""Se Essa Rua Fosse Minha""","2026-05-15","19:00","2026-05-15T19:00:00-03:00","grátis","true","CCS Movimento - Avenida Mem de Sá, 215 A - Lapa","Lapa","Rio de Janeiro","RJ","http://www.lacumbuca.com/"
"lacumbuca-joao-sabia-2026-05-15-19-30-teatro-rival-rua-alvaro-alvim-33-cinelandia","João Sabiá","2026-05-15","19:30","2026-05-15T19:30:00-03:00","a partir de 65 meia","false","Teatro Rival - Rua Álvaro Alvim, 33 - Cinelândia","Cinelândia","Rio de Janeiro","RJ","http://www.lacumbuca.com/"
"lacumbuca-pasodesombra-gambiarra-yasmin-porto-luizinho-salles-2026-05-15-20-00-audio-rebel","Pasodesombra / Gambiarra (Yasmin Porto & Luizinho Salles)","2026-05-15","20:00","2026-05-15T20:00:00-03:00","25 antecipado","false","Audio Rebel - Rua Visconde Silva, 55 - Botafogo","Botafogo","Rio de Janeiro","RJ","http://www.lacumbuca.com/"
"lacumbuca-don-l-participacao-leall-dg-da-gloria-2026-05-15-20-00-circo-voador-lapa","Don L - Participação: Leall / DG da Glória","2026-05-15","20:00","2026-05-15T20:00:00-03:00","70 meia 1º lote","false","Circo Voador - Lapa","Lapa","Rio de Janeiro","RJ","http://www.lacumbuca.com/"
"lacumbuca-lu-carvalho-2026-05-15-20-00-teatro-bangu-rua-fonseca-240-espaco-174-bangu","Lu Carvalho","2026-05-15","20:00","2026-05-15T20:00:00-03:00","a partir de 45 meia","false","Teatro Bangu - Rua Fonseca, 240 / Espaço 174 - Bangu","Bangu","Rio de Janeiro","RJ","http://www.lacumbuca.com/"
"lacumbuca-mototaxi-adaga-2026-05-15-20-00-espaco-barricada-dce-uff-avenida-visconde-do-rio","mototaxi / Adaga","2026-05-15","20:00","2026-05-15T20:00:00-03:00","20 antecipado, 30 na hora","false","Espaço Barricada - DCE/UFF - Avenida Visconde do Rio Branco, 625 - São Domingos - Niterói","Niterói","Rio de Janeiro","RJ","http://www.lacumbuca.com/"
"lacumbuca-wanda-sa-2026-05-15-20-00-acaso-cultural-rua-vicente-de-sousa-16-botafogo","Wanda Sá","2026-05-15","20:00","2026-05-15T20:00:00-03:00","55 meia","false","Acaso Cultural - Rua Vicente de Sousa, 16 - Botafogo","Botafogo","Rio de Janeiro","RJ","http://www.lacumbuca.com/"
"lacumbuca-joca-jadidi-dada-joaozinho-djs-2026-05-15-20-00-bar-da-gentalha-rua-general-osor","Joca / Jadidi / Dada Joãozinho / DJs","2026-05-15","20:00","2026-05-15T20:00:00-03:00","20 1º lote","false","Bar da Gentalha - Rua General Osório, 11 - São Domingos - Niterói","Niterói","Rio de Janeiro","RJ","http://www.lacumbuca.com/"
"lacumbuca-ensemble-phoenix-2026-05-15-20-00-solar-de-botafogo-rua-general-polidoro-180-bot","Ensemble PHOENIX","2026-05-15","20:00","2026-05-15T20:00:00-03:00","110 meia","false","Solar de Botafogo - Rua General Polidoro, 180 - Botafogo","Botafogo","Rio de Janeiro","RJ","http://www.lacumbuca.com/"
"lacumbuca-hollywood-original-venelop-black-out-festival-campo-minado-2026-05-15-20-00-stig","Hollywood Original / Venelop / Black Out (Festival Campo Minado)","2026-05-15","20:00","2026-05-15T20:00:00-03:00","20 antecipado","false","Stigmata Studio - Travessa do Comércio, 16 - Arco do Teles - Praça XV","Praça XV","Rio de Janeiro","RJ","http://www.lacumbuca.com/"
"lacumbuca-paulla-iscarlett-black-rare-preta-belle-lohanna-alves-bxdelas-2026-05-15-20-00-e","Paulla / Iscarlett / Black Rare / Preta Belle / Lohanna Alves (BXDelas)","2026-05-15","20:00","2026-05-15T20:00:00-03:00","grátis","true","Espaço BXD In Cena - Rua Prata, 35 - Coelho da Rocha - São João de Meriti","São João de Meriti","Rio de Janeiro","RJ","http://www.lacumbuca.com/"
"lacumbuca-duo-mutual-duo-frank-vis-seht-zahn-somalab-2026-05-15-20-00-neu-rua-carlos-halfe","Duo Mutual / Duo Frank Vis & Seht Zahn / SomaLab","2026-05-15","20:00","2026-05-15T20:00:00-03:00","15 antecipado, 20 1º lote, 25 2º lote","false","Neu - Rua Carlos Halfeld, 230 - Icaraí - Niterói","Niterói","Rio de Janeiro","RJ","http://www.lacumbuca.com/"
"lacumbuca-pos-skate-dj-insira-o-nome-thenightporter-dejaneura-sustentaculo-2026-05-15-20-0","Pós Skate / DJ \[Insira o Nome\] / Thenightporter / DeJaneura (Sustentáculo)","2026-05-15","20:00","2026-05-15T20:00:00-03:00","15 antecipado, 25 na hora","false","Escritório - Rua da Constituição, 64 - Centro","Centro","Rio de Janeiro","RJ","http://www.lacumbuca.com/"
"lacumbuca-festival-paredao-arranque-mc-morena-gugs-dj-pedrita-dj-gaby-leao-jamaicaxias-vit","Festival Paredão - Arranque!: MC Morena / Gugs / DJ Pedrita / DJ Gaby Leão / JamaiCaxias / Vitrola Aberta","2026-05-15","20:30","2026-05-15T20:30:00-03:00","grátis","true","CCBB - Rua Primeiro de Março, 66 - Centro","Centro","Rio de Janeiro","RJ","http://www.lacumbuca.com/"
"lacumbuca-jota-pe-participacao-lenine-os-garotin-2026-05-15-21-00-vivo-rio-av-infante-dom-","Jota.Pê - Participação: Lenine & Os Garotin","2026-05-15","21:00","2026-05-15T21:00:00-03:00","a partir de 70 meia","false","Vivo Rio - Av. Infante Dom Henrique, 85 - Parque do Flamengo","Parque do Flamengo","Rio de Janeiro","RJ","http://www.lacumbuca.com/"
"lacumbuca-jovens-ateus-mundo-video-dj-guarana-jesus-2026-05-15-21-00-trauma-rua-do-carmo-5","Jovens Ateus / Mundo Vídeo / DJ Guaraná Jesus","2026-05-15","21:00","2026-05-15T21:00:00-03:00","30 promocional, 40 1º lote, 50 2º lote, 60 3º lote","false","Trauma - Rua do Carmo, 58 - Centro","Centro","Rio de Janeiro","RJ","http://www.lacumbuca.com/"
"lacumbuca-ze-renato-2026-05-15-21-00-manouche-jockey-club-rua-jardim-botanico-983-jardim-b","Zé Renato","2026-05-15","21:00","2026-05-15T21:00:00-03:00","90 meia","false","Manouche - Jockey Club - Rua Jardim Botânico, 983 - Jardim Botânico","Jardim Botânico","Rio de Janeiro","RJ","http://www.lacumbuca.com/"
"lacumbuca-simone-mazzer-2026-05-15-22-00-mansao-l-d-rua-andre-cavalcanti-58-lapa","Simone Mazzer","2026-05-15","22:00","2026-05-15T22:00:00-03:00","30","false","Mansão L&D - Rua André Cavalcanti, 58 - Lapa","Lapa","Rio de Janeiro","RJ","http://www.lacumbuca.com/"
"lacumbuca-emicida-debate-sobre-literatura-festival-livro-e-companhia-no-rio-2026-05-16-11-","Emicida: Debate Sobre Literatura (Festival Livro é Companhia no Rio)","2026-05-16","11:00","2026-05-16T11:00:00-03:00","grátis","true","Museu do Amanhã - Praça Mauá, 1 - Centro","Centro","Rio de Janeiro","RJ","http://www.lacumbuca.com/"
"lacumbuca-abertura-expo-tiao-um-fotografo-da-providencia-vizinha-faladeira-bloco-coracao-d","Abertura Expo""Tião: Um Fotógrafo da Providência”: Vizinha Faladeira / Bloco Coração das Meninas / Fala Meu Louro","2026-05-16","12:00","2026-05-16T12:00:00-03:00","grátis","true","Museu de Arte do Rio - Praça Mauá, 5 - Centro","Centro","Rio de Janeiro","RJ","http://www.lacumbuca.com/"
"lacumbuca-tomaz-miranda-2026-05-16-14-00-al-farabi-rua-do-mercado-34-boulevard-olimpico-pr","Tomaz Miranda","2026-05-16","14:00","2026-05-16T14:00:00-03:00","grátis","true","Al Farabi - Rua do Mercado, 34 - Boulevard Olímpico - Praça XV","Praça XV","Rio de Janeiro","RJ","http://www.lacumbuca.com/"
"lacumbuca-youn-2026-05-16-15-00-sesc-madureira-rua-ewbank-da-camara-90-madureira","Yoùn","2026-05-16","15:00","2026-05-16T15:00:00-03:00","7,50 meia","false","SESC Madureira - Rua Ewbank da Câmara, 90 - Madureira","Madureira","Rio de Janeiro","RJ","http://www.lacumbuca.com/"
"lacumbuca-pos-sismo-repressao-social-espermogramix-pacto-social-atentado-violento-inercia-","Pós Sismo / Repressão Social / Espermogrämix / Pacto Social / Atentado Violento / Inércia / Lacrau / Os Vigaristas / ARD / Sub Atitude / Boca Podre (Mundo no Kaos - 20 Anos)","2026-05-16","16:00","2026-05-16T16:00:00-03:00","grátis","true","Garage Grindhouse - Rua Ceará, 154 - Praça da Bandeira","Praça da Bandeira","Rio de Janeiro","RJ","http://www.lacumbuca.com/"
"lacumbuca-facing-fear-os-bagacas-sullster-triplex-s-a-a-outra-sao-goncalo-rock-2026-05-16-","Facing Fear / Os Bagaças / Sullster / Triplex S.A. / A Outra (São Gonçalo Rock)","2026-05-16","16:00","2026-05-16T16:00:00-03:00","1 kg alimento não perecível","false","Roxx Music Bar - Rua Coronel Serrado, 926 - Zé Garoto - São Gonçalo","São Gonçalo","Rio de Janeiro","RJ","http://www.lacumbuca.com/"
"lacumbuca-paqueta-experimenta-axys-fabio-bola-gambutrol-hidrovoda-lee-markito-romero-fritt","Paquetá Experimenta: Axys / Fábio Bola / Gambutrol / HidroVoda / Lee Markito / Romero Fritto (Lucas Vasconcellos) / Vórtice X","2026-05-16","17:00","2026-05-16T17:00:00-03:00","25","false","Casa Vó - Praia das Gaivotas - Paquetá","Paquetá","Rio de Janeiro","RJ","http://www.lacumbuca.com/"
"lacumbuca-theo-bial-2026-05-16-17-00-centro-de-referencia-da-musica-carioca-rua-conde-de-b","Theo Bial","2026-05-16","17:00","2026-05-16T17:00:00-03:00","30 meia","false","Centro de Referência da Música Carioca - Rua Conde de Bonfim, 824 - Tijuca","Tijuca","Rio de Janeiro","RJ","http://www.lacumbuca.com/"
"lacumbuca-gloria-groove-2026-05-16-18-00-praca-maua-centro","Gloria Groove","2026-05-16","18:00","2026-05-16T18:00:00-03:00","grátis","true","Praça Mauá - Centro","Centro","Rio de Janeiro","RJ","http://www.lacumbuca.com/"
"lacumbuca-egocentric-molecules-sangria-humanizer-rage-metal-fest-2026-05-16-18-00-estudio-","Egocentric Molecules / Sangria / Humanizer (Rage Metal Fest)","2026-05-16","18:00","2026-05-16T18:00:00-03:00","20 1º lote","false","Estúdio Hanoi - Rua Paulo Barreto, 16 - Botafogo","Botafogo","Rio de Janeiro","RJ","http://www.lacumbuca.com/"
"lacumbuca-abronca-favela-fashion-2026-05-16-18-00-visao-vdg-hostel-sol-e-mar-rua-major-toj","ABRONCA (Favela Fashion)","2026-05-16","18:00","2026-05-16T18:00:00-03:00","a partir de 10","false","Visão VDG / Hostel Sol e Mar - Rua Major Toja Martinez Filho, 126 / Cobertura - Vidigal","Vidigal","Rio de Janeiro","RJ","http://www.lacumbuca.com/"
"lacumbuca-fausto-fawcett-chelpa-ferro-pesadelo-ambicioso-djs-chico-dub-bernardo-pauleira-2","Fausto Fawcett & Chelpa Ferro: ""Pesadelo Ambicioso"" / DJs Chico Dub & Bernardo Pauleira","2026-05-16","18:00","2026-05-16T18:00:00-03:00","grátis","true","Rato BranKo - Rua Joaquim Silva, 71 - Lapa","Lapa","Rio de Janeiro","RJ","http://www.lacumbuca.com/"
"lacumbuca-guga-bruno-melvin-ribeiro-edson-montibeller-fernando-aranha-marcello-cals-pet-so","Guga Bruno & Melvin Ribeiro & Edson Montibeller & Fernando Aranha & Marcello Cals: ""Pet Sounds"" - 60 Anos","2026-05-16","19:00","2026-05-16T19:00:00-03:00","12","false","Vizinha 123 - Rua Henrique de Novaes, 123 - Botafogo","Botafogo","Rio de Janeiro","RJ","http://www.lacumbuca.com/"
"lacumbuca-varukers-devotos-korja-asfixia-social-2026-05-16-19-00-cordao-da-bola-preta-rua-","Varukers / Devotos / Korja / Asfixia Social","2026-05-16","19:00","2026-05-16T19:00:00-03:00","60 meia 1º lote, 80 meia 2º lote","false","Cordão da Bola Preta - Rua da Relação, 3 - Lapa","Lapa","Rio de Janeiro","RJ","http://www.lacumbuca.com/"
"lacumbuca-os-paralamas-do-sucesso-capitao-coruja-2026-05-16-19-00-bangu-shopping-estaciona","Os Paralamas do Sucesso / Capitão Coruja","2026-05-16","19:00","2026-05-16T19:00:00-03:00","a partir de 30","false","Bangu Shopping – Estacionamento - Rua Fonseca, 240 – Bangu","Rua Fonseca, 240 – Bangu","Rio de Janeiro","RJ","http://www.lacumbuca.com/"
"lacumbuca-cliva-skorno-pavio-2026-05-16-19-00-estancia-66-bar-rua-estancia-66-padre-miguel","Cliva / Skorno / Pavio","2026-05-16","19:00","2026-05-16T19:00:00-03:00","","false","Estância 66 Bar - Rua Estância, 66 - Padre Miguel","Padre Miguel","Rio de Janeiro","RJ","http://www.lacumbuca.com/"
"lacumbuca-maravis-2026-05-16-19-00-rock-experience-club-rua-do-riachuelo-20-lapa","Maravis","2026-05-16","19:00","2026-05-16T19:00:00-03:00","40","false","Rock Experience Club - Rua do Riachuelo, 20 - Lapa","Lapa","Rio de Janeiro","RJ","http://www.lacumbuca.com/"
"lacumbuca-gonzalo-gomez-blenio-blues-band-2026-05-16-19-00-mississippi-delta-blues-bar-rua","Gonzalo Gomez & Blenio Blues Band","2026-05-16","19:00","2026-05-16T19:00:00-03:00","a partir de 35","false","Mississippi Delta Blues Bar - Rua Pedro Ernesto, 89 - Gamboa","Gamboa","Rio de Janeiro","RJ","http://www.lacumbuca.com/"
"lacumbuca-tunico-quarteto-2026-05-16-19-00-indecente-cafe-rua-felicio-dos-santos-3-santa-t","Tunico Quarteto","2026-05-16","19:00","2026-05-16T19:00:00-03:00","contribuição voluntária","false","Indecente Café - Rua Felício dos Santos, 3 - Santa Teresa","Santa Teresa","Rio de Janeiro","RJ","http://www.lacumbuca.com/"
"lacumbuca-marina-sena-festival-led-luz-na-educacao-2026-05-16-19-30-armazem-3-avenida-rodr","Marina Sena (Festival LED - Luz na Educação)","2026-05-16","19:30","2026-05-16T19:30:00-03:00","INGRESSOS ESGOTADOS","false","Armazém 3 - Avenida Rodrigues Alves - Píer Mauá","Píer Mauá","Rio de Janeiro","RJ","http://www.lacumbuca.com/"
"lacumbuca-antonio-zambujo-participacao-chico-chico-diogo-zambujo-2026-05-16-20-00-circo-vo","Antonio Zambujo - Participação: Chico Chico / Diogo Zambujo","2026-05-16","20:00","2026-05-16T20:00:00-03:00","80 meia 1º lote","false","Circo Voador - Lapa","Lapa","Rio de Janeiro","RJ","http://www.lacumbuca.com/"
"lacumbuca-sandra-pera-2026-05-16-20-00-blue-note-rio-avenida-atlantica-1910-copacabana","Sandra Pêra","2026-05-16","20:00","2026-05-16T20:00:00-03:00","a partir de 60 meia","false","Blue Note Rio - Avenida Atlântica, 1910 - Copacabana","Copacabana","Rio de Janeiro","RJ","http://www.lacumbuca.com/"
"lacumbuca-the-cigarettes-fugere-2026-05-16-20-00-neu-rua-carlos-halfeld-230-icarai-niteroi","The Cigarettes / Fugere","2026-05-16","20:00","2026-05-16T20:00:00-03:00","20","false","Neu - Rua Carlos Halfeld, 230 - Icaraí - Niterói","Niterói","Rio de Janeiro","RJ","http://www.lacumbuca.com/"
"lacumbuca-pavio-skorno-cliva-2026-05-16-20-00-estancia-66-bar-rua-estancia-66-padre-miguel","Pavio / Skorno / Cliva","2026-05-16","20:00","2026-05-16T20:00:00-03:00","10","false","Estância 66 Bar - Rua Estância, 66 - Padre Miguel","Padre Miguel","Rio de Janeiro","RJ","http://www.lacumbuca.com/"
"lacumbuca-dj-nyack-2zdinizz-festa-lapa-black-2026-05-16-20-00-passeio-publico-rua-do-passe","DJ Nyack / 2ZDinizz (Festa Lapa Black)","2026-05-16","20:00","2026-05-16T20:00:00-03:00","a partir de 15","false","Passeio Público - Rua do Passeio - Cinelândia","Cinelândia","Rio de Janeiro","RJ","http://www.lacumbuca.com/"
"lacumbuca-julia-victoria-2026-05-16-20-00-audio-rebel-rua-visconde-silva-55-botafogo","Julia Victoria","2026-05-16","20:00","2026-05-16T20:00:00-03:00","30 antecipado","false","Audio Rebel - Rua Visconde Silva, 55 - Botafogo","Botafogo","Rio de Janeiro","RJ","http://www.lacumbuca.com/"
"lacumbuca-bface-lucas-pedro-2026-05-16-20-00-escritorio-rua-da-constituicao-64-centro","BFace / Lucas Pedro","2026-05-16","20:00","2026-05-16T20:00:00-03:00","15","false","Escritório - Rua da Constituição, 64 - Centro","Centro","Rio de Janeiro","RJ","http://www.lacumbuca.com/"
"lacumbuca-peyote-crowns-santo-insano-2026-05-16-20-00-emporio-encantado-praca-sargento-eud","Peyote / Crowns / Santo Insano","2026-05-16","20:00","2026-05-16T20:00:00-03:00","contribuição voluntária","false","Empório Encantado - Praça Sargento Eudóxio Passos, 30 - Encantado","Encantado","Rio de Janeiro","RJ","http://www.lacumbuca.com/"
"lacumbuca-festival-paredao-arranque-bloquinho-delas-dj-eva-de-lc-destemida-idd-iasmin-turb","Festival Paredão - Arranque!: Bloquinho Delas / DJ Eva de LC / Destemida IDD & Iasmin Turbininha / Dj Larinhx / DJ Gramboy / DJ Tamy / DJ Marcelinho da Lua","2026-05-16","20:30","2026-05-16T20:30:00-03:00","grátis","true","CCBB - Rua Primeiro de Março, 66 - Centro","Centro","Rio de Janeiro","RJ","http://www.lacumbuca.com/"
"lacumbuca-emicida-participacao-projota-rashid-borges-2026-05-16-21-00-vivo-rio-av-infante-","Emicida - Participação: Projota & Rashid & Borges","2026-05-16","21:00","2026-05-16T21:00:00-03:00","152,50 meia","false","Vivo Rio - Av. Infante Dom Henrique, 85 - Parque do Flamengo","Parque do Flamengo","Rio de Janeiro","RJ","http://www.lacumbuca.com/"
"lacumbuca-mexican-steppers-lyda-aguas-gorilla-zen-tagu-selecta-rio-dub-session-2026-05-16-","Mexican Steppers & Lyda Aguas / Gorilla Zen & Tagu Selecta (Rio Dub Session)","2026-05-16","21:00","2026-05-16T21:00:00-03:00","20 antecipado","false","Havana 59 - Rua do Lavradio, 168 - Lapa","Lapa","Rio de Janeiro","RJ","http://www.lacumbuca.com/"
"lacumbuca-pagode-do-traz-2026-05-16-21-00-praca-da-harmonia-gamboa","Pagode do Traz","2026-05-16","21:00","2026-05-16T21:00:00-03:00","grátis","true","Praça da Harmonia - Gamboa","Gamboa","Rio de Janeiro","RJ","http://www.lacumbuca.com/"
"lacumbuca-carol-maia-janine-dudi-padi-lorena-moura-antonia-muricy-ruy-duarte-2026-05-16-22","Carol Maia / Janine / Dudi Padi / Lorena Moura / Antônia Muricy / Ruy Duarte","2026-05-16","22:00","2026-05-16T22:00:00-03:00","30 antecipado, 40 na hora","false","Acervo Bar - Edifício Touring - Avenida Rodrigues Alves, 10 - Praça Mauá","Praça Mauá","Rio de Janeiro","RJ","http://www.lacumbuca.com/"
"lacumbuca-men-at-work-2026-05-16-22-00-qualistage-via-parque-shopping-avenida-ayrton-senna","Men at Work","2026-05-16","22:00","2026-05-16T22:00:00-03:00","a partir de 250 meia","false","Qualistage - Via Parque Shopping - Avenida Ayrton Senna, 3000 - Barra da Tijuca","Barra da Tijuca","Rio de Janeiro","RJ","http://www.lacumbuca.com/"
"lacumbuca-frank-vis-seht-zahn-mario-del-nunzio-marcio-gibson-pershephonyx-anti-uruca-machi","Frank Vis / Seht Zahn / Mario Del Nunzio / Marcio Gibson / Pershephonyx (Anti-Uruca Machine)","2026-05-16","22:00","2026-05-16T22:00:00-03:00","20 antecipado","false","Diversa - Rua do Rezende, 14 - Lapa","Lapa","Rio de Janeiro","RJ","http://www.lacumbuca.com/"
"lacumbuca-emanuelle-araujo-participacao-davi-moraes-2026-05-16-22-30-blue-note-rio-avenida","Emanuelle Araújo - Participação: Davi Moraes","2026-05-16","22:30","2026-05-16T22:30:00-03:00","a partir de 60 meia","false","Blue Note Rio - Avenida Atlântica, 1910 - Copacabana","Copacabana","Rio de Janeiro","RJ","http://www.lacumbuca.com/"
"lacumbuca-ingrid-schiavo-luiz-mare-samba-do-ze-varanda-cultural-2026-05-16-casa-bosque-est","Ingrid Schiavo / Luiz Maré / Samba do Zé (Varanda Cultural)","2026-05-16","","","","false","Casa Bosque - Estrada da Caroba, 499 - Campo Grande","Campo Grande","Rio de Janeiro","RJ","http://www.lacumbuca.com/"
"lacumbuca-elly-sil-djs-sarau-plural-2026-05-17-10-00-centro-cultural-laurinda-santos-lobo-","Elly / Sil / DJs (Sarau Plural)","2026-05-17","10:00","2026-05-17T10:00:00-03:00","grátis","true","Centro Cultural Laurinda Santos Lobo - Rua Monte Alegre, 306 - Santa Teresa","Santa Teresa","Rio de Janeiro","RJ","http://www.lacumbuca.com/"
"lacumbuca-roda-do-theo-bial-2026-05-17-14-00-al-farabi-rua-do-mercado-34-boulevard-olimpic","Roda do Theo Bial","2026-05-17","14:00","2026-05-17T14:00:00-03:00","grátis","true","Al Farabi - Rua do Mercado, 34 - Boulevard Olímpico - Praça XV","Praça XV","Rio de Janeiro","RJ","http://www.lacumbuca.com/"
"lacumbuca-bloom-in-ruinz-barricada-tdah-black-out-kal-oak-calopsita-dent-podri-off-dead-as","Bloom in Ruinz / Barricada / TDAH / Black Out / Kal Oak / Calopsita / Dent Podri / Off Dead / Ashtrall / Líbera / Snake Shot / Neon Desert / Ass Flavour (Festival Painkiller)","2026-05-17","14:00","2026-05-17T14:00:00-03:00","grátis","true","Heavy Beer Bar - Rua Ceará, 104 - Praça da Bandeira","Praça da Bandeira","Rio de Janeiro","RJ","http://www.lacumbuca.com/"
"lacumbuca-cara-de-porco-voiced-hydrah-d-o-p-s-subalternos-imundos-moto-festival-rato-no-ri","Cara de Porco / Voiced / Hydrah / D.O.P.S. / Subalternos / Imundos / Moto (Festival Rato no Rio)","2026-05-17","14:30","2026-05-17T14:30:00-03:00","10 meia","false","Lona Hermeto Pascoal - Praça Primeiro de Maio, s/n - Bangu","Bangu","Rio de Janeiro","RJ","http://www.lacumbuca.com/"
"lacumbuca-letrux-dj-set-dj-negralha-eduardo-santana-participacao-antonio-neves-domingo-sol","Letrux: DJ Set / DJ Negralha & Eduardo Santana - Participação: Antonio Neves (Domingo Solar)","2026-05-17","15:00","2026-05-17T15:00:00-03:00","grátis","true","Solar dos Abacaxis - Rua do Senado, 48 - Centro","Centro","Rio de Janeiro","RJ","http://www.lacumbuca.com/"
"lacumbuca-tha-mello-rua-40-os-bagacas-pensar-demais-tiago-dezordi-chapahall-souto-maior-cr","Tha Mello / Rua 40 / Os Bagaças / Pensar Demais / Tiago Dezordi / Chapahall / Souto Maior / Crentes em Murphy (Festival de Bandas Independentes)","2026-05-17","16:00","2026-05-17T16:00:00-03:00","25 antecipado, 30 na hora","false","Rock Experience Club - Rua do Riachuelo, 20 - Lapa","Lapa","Rio de Janeiro","RJ","http://www.lacumbuca.com/"
"lacumbuca-helltrench-egocentric-molecules-disola-evilness-tdah-for-life-dent-podri-mortus-","Helltrench / Egocentric Molecules / Disola / Evilness / TDAH / For Life / Dent Podri / Mortus","2026-05-17","16:20","2026-05-17T16:20:00-03:00","grátis","true","Garage Grindhouse - Rua Ceará, 154 - Praça da Bandeira","Praça da Bandeira","Rio de Janeiro","RJ","http://www.lacumbuca.com/"
"lacumbuca-paqueta-experimenta-2026-05-17-17-00-casa-vo-praia-das-gaivotas-paqueta","Paquetá Experimenta:","2026-05-17","17:00","2026-05-17T17:00:00-03:00","","false","Casa Vó - Praia das Gaivotas - Paquetá","Paquetá","Rio de Janeiro","RJ","http://www.lacumbuca.com/"
"lacumbuca-vante-dois-infinitos-ever-rain-batalha-das-bandas-2026-05-17-17-00-planet-music-","Vante! / Dois Infinitos / Ever Rain (Batalha das Bandas)","2026-05-17","17:00","2026-05-17T17:00:00-03:00","10","false","Planet Music - Avenida Ernani Cardoso, 66 - Cascadura","Cascadura","Rio de Janeiro","RJ","http://www.lacumbuca.com/"
"lacumbuca-xepa-gloriosa-cortejo-do-trabalhador-2026-05-17-17-00-largo-da-xepa-monumento-a-","Xepa Gloriosa: Cortejo do Trabalhador","2026-05-17","17:00","2026-05-17T17:00:00-03:00","grátis","true","Largo da Xepa - Monumento a Pedro Álvares Cabral - Glória","Glória","Rio de Janeiro","RJ","http://www.lacumbuca.com/"
"lacumbuca-pretinho-da-serrinha-participacao-maria-bethania-2026-05-17-18-00-vivo-rio-av-in","Pretinho da Serrinha - Participação: Maria Bethânia","2026-05-17","18:00","2026-05-17T18:00:00-03:00","a partir de 80 meia","false","Vivo Rio - Av. Infante Dom Henrique, 85 - Parque do Flamengo","Parque do Flamengo","Rio de Janeiro","RJ","http://www.lacumbuca.com/"
"lacumbuca-tiago-rosas-2026-05-17-20-00-audio-rebel-rua-visconde-silva-55-botafogo","Tiago Rosas","2026-05-17","20:00","2026-05-17T20:00:00-03:00","30 antecipado","false","Audio Rebel - Rua Visconde Silva, 55 - Botafogo","Botafogo","Rio de Janeiro","RJ","http://www.lacumbuca.com/"
"lacumbuca-rosa-ciavatta-2026-05-17-20-00-galpao-ladeira-das-artes-rua-conselheiro-lampreia","Rosa Ciavatta","2026-05-17","20:00","2026-05-17T20:00:00-03:00","25 meia","false","Galpão Ladeira das Artes - Rua Conselheiro Lampreia 225 - Cosme Velho","Cosme Velho","Rio de Janeiro","RJ","http://www.lacumbuca.com/"
"lacumbuca-nova-orquestra-toca-bruno-mars-2026-05-18-19-00-theatro-municipal-cinelandia-cen","Nova Orquestra Toca Bruno Mars","2026-05-18","19:00","2026-05-18T19:00:00-03:00","a partir de 5 meia","false","Theatro Municipal - Cinelândia - Centro","Centro","Rio de Janeiro","RJ","http://www.lacumbuca.com/"
"lacumbuca-sofar-sounds-rj-2026-05-18-19-00-galpao-ladeira-das-artes-rua-conselheiro-lampre","Sofar Sounds RJ:","2026-05-18","19:00","2026-05-18T19:00:00-03:00","62","false","Galpão Ladeira das Artes - Rua Conselheiro Lampreia 225 - Cosme Velho","Cosme Velho","Rio de Janeiro","RJ","http://www.lacumbuca.com/"
"lacumbuca-joanna-ceica-moreno-2026-05-18-19-00-imperator-rua-dias-da-cruz-170-meier","Joanna & Ceiça Moreno","2026-05-18","19:00","2026-05-18T19:00:00-03:00","2,50 meia","false","Imperator - Rua Dias da Cruz, 170 - Méier","Méier","Rio de Janeiro","RJ","http://www.lacumbuca.com/"
"lacumbuca-wolfgang-perez-com-carol-maia-pedro-fonte-paulo-emmery-luis-magalhaes-2026-05-18","Wolfgang Perez (com Carol Maia, Pedro Fonte, Paulo Emmery, Luis Magalhães)","2026-05-18","20:00","2026-05-18T20:00:00-03:00","25 antecipado","false","Audio Rebel - Rua Visconde Silva, 55 - Botafogo","Botafogo","Rio de Janeiro","RJ","http://www.lacumbuca.com/"
"lacumbuca-leandro-sapucahy-2026-05-19-18-30-teatro-joao-caetano-praca-tiradentes-s-n-centr","Leandro Sapucahy","2026-05-19","18:30","2026-05-19T18:30:00-03:00","2,50 meia","false","Teatro João Caetano - Praça Tiradentes, s/n - Centro","Centro","Rio de Janeiro","RJ","http://www.lacumbuca.com/"
"lacumbuca-marina-iris-2026-05-19-19-00-sesc-tijuca-r-barao-de-mesquita-539-tijuca","Marina Íris","2026-05-19","19:00","2026-05-19T19:00:00-03:00","7,50 meia","false","SESC Tijuca - R. Barão de Mesquita, 539 - Tijuca","Tijuca","Rio de Janeiro","RJ","http://www.lacumbuca.com/"
"lacumbuca-yuval-2026-05-19-19-00-eleninha-rua-pacheco-leao-780-horto","Yuval","2026-05-19","19:00","2026-05-19T19:00:00-03:00","","false","Eleninha - Rua Pacheco Leão, 780 - Horto","Horto","Rio de Janeiro","RJ","http://www.lacumbuca.com/"
"lacumbuca-bianca-gismonti-trio-2026-05-19-19-00-sesc-copacabana-rua-domingos-ferreira-160-","Bianca Gismonti Trio","2026-05-19","19:00","2026-05-19T19:00:00-03:00","7,50 meia","false","SESC Copacabana - Rua Domingos Ferreira, 160 - Copacabana","Copacabana","Rio de Janeiro","RJ","http://www.lacumbuca.com/"
"lacumbuca-choro-batucada-2026-05-19-19-00-glorioso-cultural-rua-do-catete-95-catete","Choro Batucada","2026-05-19","19:00","2026-05-19T19:00:00-03:00","25 promocional, 30 antecipado, 40 na hora","false","Glorioso Cultural - Rua do Catete, 95 - Catete","Catete","Rio de Janeiro","RJ","http://www.lacumbuca.com/"
"lacumbuca-rodrigo-castro-2026-05-19-19-30-audio-rebel-rua-visconde-silva-55-botafogo","Rodrigo Castro","2026-05-19","19:30","2026-05-19T19:30:00-03:00","30 antecipado","false","Audio Rebel - Rua Visconde Silva, 55 - Botafogo","Botafogo","Rio de Janeiro","RJ","http://www.lacumbuca.com/"
"lacumbuca-bento-gil-2026-05-19-20-00-teatro-do-jockey-jockey-club-brasileiro-avenida-barto","Bento Gil","2026-05-19","20:00","2026-05-19T20:00:00-03:00","60 meia","false","Teatro do Jockey - Jockey Club Brasileiro - Avenida Bartolomeu Mitre, 1110 – Leblon","Avenida Bartolomeu Mitre, 1110 – Leblon","Rio de Janeiro","RJ","http://www.lacumbuca.com/"
"lacumbuca-cancelado-simone-francis-hime-2026-05-19-20-00-teatro-ipanema-rua-prudente-de-mo","CANCELADO: Simone & Francis Hime","2026-05-19","20:00","2026-05-19T20:00:00-03:00","INGRESSOS ESGOTADOS","false","Teatro Ipanema - Rua Prudente de Morais, 824 - Ipanema","Ipanema","Rio de Janeiro","RJ","http://www.lacumbuca.com/"
"lacumbuca-tori-helena-peres-jamnouche-2026-05-19-20-00-manouche-jockey-club-rua-jardim-bot","Tori / Helena Peres (Jamnouche)","2026-05-19","20:00","2026-05-19T20:00:00-03:00","35 1º lote, 40 2º lote, 45 3º lote","false","Manouche - Jockey Club - Rua Jardim Botânico, 983 - Jardim Botânico","Jardim Botânico","Rio de Janeiro","RJ","http://www.lacumbuca.com/"
"lacumbuca-thiago-pantaleao-2026-05-19-20-00-teatro-glaucio-gill-praca-cardeal-arcoverde-s-","Thiago Pantaleão","2026-05-19","20:00","2026-05-19T20:00:00-03:00","5 meia","false","Teatro Glaucio Gill - Praça Cardeal Arcoverde, s/n - Copacabana","Copacabana","Rio de Janeiro","RJ","http://www.lacumbuca.com/"
"lacumbuca-afroribeirinhos-participacao-dani-vallejo-2026-05-19-20-00-havana-59-rua-do-lavr","Afroribeirinhos - Participação: Dani Vallejo","2026-05-19","20:00","2026-05-19T20:00:00-03:00","contribuição voluntária","false","Havana 59 - Rua do Lavradio, 168 - Lapa","Lapa","Rio de Janeiro","RJ","http://www.lacumbuca.com/"
"lacumbuca-xenia-franca-2026-05-20-18-00-biblioteca-parque-estadual-avenida-presidente-varg","Xênia França","2026-05-20","18:00","2026-05-20T18:00:00-03:00","grátis","true","Biblioteca Parque Estadual - Avenida Presidente Vargas, 1261 - Centro","Centro","Rio de Janeiro","RJ","http://www.lacumbuca.com/"
"lacumbuca-renato-teixeira-2026-05-20-19-00-imperator-rua-dias-da-cruz-170-meier","Renato Teixeira","2026-05-20","19:00","2026-05-20T19:00:00-03:00","2,50 meia","false","Imperator - Rua Dias da Cruz, 170 - Méier","Méier","Rio de Janeiro","RJ","http://www.lacumbuca.com/"
"lacumbuca-joana-queiroz-2026-05-20-19-00-indecente-cafe-rua-felicio-dos-santos-3-santa-ter","Joana Queiroz","2026-05-20","19:00","2026-05-20T19:00:00-03:00","contribuição voluntária","false","Indecente Café - Rua Felício dos Santos, 3 - Santa Teresa","Santa Teresa","Rio de Janeiro","RJ","http://www.lacumbuca.com/"
"lacumbuca-mnth-yantra-2026-05-20-20-00-audio-rebel-rua-visconde-silva-55-botafogo","MNTH / Yantra","2026-05-20","20:00","2026-05-20T20:00:00-03:00","25 antecipado","false","Audio Rebel - Rua Visconde Silva, 55 - Botafogo","Botafogo","Rio de Janeiro","RJ","http://www.lacumbuca.com/"
"lacumbuca-marcos-campello-sergio-krakowski-alex-zhem-lee-hodel-rodrigo-girafa-free-at-last","Marcos Campello / Sérgio Krakowski / Alex Zhem / Lee Hodel / Rodrigo Girafa (Free At Last)","2026-05-20","20:00","2026-05-20T20:00:00-03:00","20","false","Escritório - Rua da Constituição, 64 - Centro","Centro","Rio de Janeiro","RJ","http://www.lacumbuca.com/"
"lacumbuca-pepe-passis-participacao-lucas-videla-ale-2026-05-20-20-00-motocerva-rua-do-reze","Pepe & Passis - Participação: Lucas Videla & Ale","2026-05-20","20:00","2026-05-20T20:00:00-03:00","grátis até 21h, 15 após","true","MotoCerva - Rua do Rezende, 16 - Lapa","Lapa","Rio de Janeiro","RJ","http://www.lacumbuca.com/"
"lacumbuca-leonardo-lichote-letrux-bate-papo-sobre-o-disco-sad-sexy-silly-songs-2026-05-20-","Leonardo Lichote & Letrux: Bate-Papo Sobre o Disco ""Sad Sexy Silly Songs""","2026-05-20","20:30","2026-05-20T20:30:00-03:00","50 meia","false","Manouche - Jockey Club - Rua Jardim Botânico, 983 - Jardim Botânico","Jardim Botânico","Rio de Janeiro","RJ","http://www.lacumbuca.com/"
"lacumbuca-joao-brasil-convidados-2026-05-20-21-00-d-edge-rio-avenida-rodrigues-alves-293-s","João Brasil & Convidados","2026-05-20","21:00","2026-05-20T21:00:00-03:00","90 2º lote","false","D-Edge Rio - Avenida Rodrigues Alves, 293 - Saúde","Saúde","Rio de Janeiro","RJ","http://www.lacumbuca.com/"
"lacumbuca-rootscidade-participacao-marco-homobono-mc-lapide-lotus-mc-caue-rimador-2026-05-","Rootscidade - Participação: Marco Homobono & MC Lápide & Lótus & MC Cauê Rimador","2026-05-21","17:00","2026-05-21T17:00:00-03:00","grátis","true","Ao Lado do Terminal Rodoviário João Goulart - Avenida Visconde do Rio Branco - Centro - Niterói","Niterói","Rio de Janeiro","RJ","http://www.lacumbuca.com/"
"lacumbuca-batalha-do-real-aori-tigrao-lis-mc-materia-prima-ogermano-dj-pachu-2026-05-21-18","Batalha do Real: Aori / Tigrão / Lis MC / Matéria Prima / OGermano / DJ Pachu","2026-05-21","18:00","2026-05-21T18:00:00-03:00","grátis","true","Biblioteca Parque Estadual - Avenida Presidente Vargas, 1261 - Centro","Centro","Rio de Janeiro","RJ","http://www.lacumbuca.com/"
"lacumbuca-itapuca-dub-ptah-220-dubs-2026-05-21-18-00-ao-lado-do-terminal-rodoviario-joao-g","Itapuca Dub & Ptah 220 Dubs","2026-05-21","18:00","2026-05-21T18:00:00-03:00","grátis","true","Ao Lado do Terminal Rodoviário João Goulart - Avenida Visconde do Rio Branco - Centro - Niterói","Niterói","Rio de Janeiro","RJ","http://www.lacumbuca.com/"
"lacumbuca-sandra-bele-quintas-no-bndes-2026-05-21-19-00-bndes-av-republica-do-chile-100-ce","Sandra Belê (Quintas no BNDES)","2026-05-21","19:00","2026-05-21T19:00:00-03:00","grátis","true","BNDES - Av. República do Chile, 100 - Centro","Centro","Rio de Janeiro","RJ","http://www.lacumbuca.com/"
"lacumbuca-jessica-ellen-enjoyce-2026-05-21-19-00-sesc-ramos-rua-teixeira-franco-38-ramos","Jéssica Ellen & Enjoyce","2026-05-21","19:00","2026-05-21T19:00:00-03:00","7,50 meia","false","SESC Ramos - Rua Teixeira Franco, 38 - Ramos","Ramos","Rio de Janeiro","RJ","http://www.lacumbuca.com/"
"lacumbuca-rayane-fortes-2026-05-21-19-00-dolores-club-rua-do-lavradio-10-centro","Rayane Fortes","2026-05-21","19:00","2026-05-21T19:00:00-03:00","30 meia antecipado, 40 na hora","false","Dolores Club - Rua do Lavradio, 10 - Centro","Centro","Rio de Janeiro","RJ","http://www.lacumbuca.com/"
"lacumbuca-bola-sound-bullet-2026-05-21-19-00-teatro-domingos-oliveira-planetario-avenida-p","Bola / Sound Bullet","2026-05-21","19:00","2026-05-21T19:00:00-03:00","20 meia","false","Teatro Domingos Oliveira - Planetário - Avenida Padre Leonel Franca, 240 - Gávea","Gávea","Rio de Janeiro","RJ","http://www.lacumbuca.com/"
"lacumbuca-pedro-luis-2026-05-21-19-00-teatro-municipal-de-niteroi-rua-xv-de-novembro-35-ce","Pedro Luís","2026-05-21","19:00","2026-05-21T19:00:00-03:00","30 meia","false","Teatro Municipal de Niterói - Rua XV de Novembro, 35 - Centro - Niterói","Niterói","Rio de Janeiro","RJ","http://www.lacumbuca.com/"
"lacumbuca-marquinhos-de-oswaldo-cruz-2026-05-21-19-00-sala-nelson-pereira-dos-santos-av-vi","Marquinhos de Oswaldo Cruz","2026-05-21","19:00","2026-05-21T19:00:00-03:00","grátis","true","Sala Nelson Pereira dos Santos - Av. Visconde do Rio Branco, 880 - São Domingos - Niterói","Niterói","Rio de Janeiro","RJ","http://www.lacumbuca.com/"
"lacumbuca-kim-pereira-trio-madelyn-grant-2026-05-21-19-00-eleninha-rua-pacheco-leao-780-ho","Kim Pereira Trio & Madelyn Grant","2026-05-21","19:00","2026-05-21T19:00:00-03:00","","false","Eleninha - Rua Pacheco Leão, 780 - Horto","Horto","Rio de Janeiro","RJ","http://www.lacumbuca.com/"
"lacumbuca-wolfgang-perez-pedro-fonte-2026-05-21-19-00-indecente-cafe-rua-felicio-dos-santo","Wolfgang Pérez & Pedro Fonte","2026-05-21","19:00","2026-05-21T19:00:00-03:00","contribuição voluntária","false","Indecente Café - Rua Felício dos Santos, 3 - Santa Teresa","Santa Teresa","Rio de Janeiro","RJ","http://www.lacumbuca.com/"
"lacumbuca-meio-fio-2026-05-21-19-00-acervo-bar-edificio-touring-avenida-rodrigues-alves-10","Meio Fio","2026-05-21","19:00","2026-05-21T19:00:00-03:00","25","false","Acervo Bar - Edifício Touring - Avenida Rodrigues Alves, 10 - Praça Mauá","Praça Mauá","Rio de Janeiro","RJ","http://www.lacumbuca.com/"
"lacumbuca-baixio-das-almas-2026-05-21-19-30-espaco-sergio-porto-rua-humaita-163-humaita","Baixio das Almas","2026-05-21","19:30","2026-05-21T19:30:00-03:00","30 meia","false","Espaço Sérgio Porto - Rua Humaitá, 163 - Humaitá","Humaitá","Rio de Janeiro","RJ","http://www.lacumbuca.com/"
"lacumbuca-xangai-2026-05-21-19-30-teatro-rival-rua-alvaro-alvim-33-cinelandia","Xangai","2026-05-21","19:30","2026-05-21T19:30:00-03:00","70 meia setor A, 60 meia setor B","false","Teatro Rival - Rua Álvaro Alvim, 33 - Cinelândia","Cinelândia","Rio de Janeiro","RJ","http://www.lacumbuca.com/"
"lacumbuca-mu-chebabi-2026-05-21-20-00-blue-note-rio-avenida-atlantica-1910-copacabana","Mu Chebabi","2026-05-21","20:00","2026-05-21T20:00:00-03:00","a partir de 60 meia","false","Blue Note Rio - Avenida Atlântica, 1910 - Copacabana","Copacabana","Rio de Janeiro","RJ","http://www.lacumbuca.com/"
"lacumbuca-deaf-kids-2026-05-21-20-00-audio-rebel-rua-visconde-silva-55-botafogo","Deaf Kids","2026-05-21","20:00","2026-05-21T20:00:00-03:00","25 antecipado","false","Audio Rebel - Rua Visconde Silva, 55 - Botafogo","Botafogo","Rio de Janeiro","RJ","http://www.lacumbuca.com/"
"lacumbuca-d4crvz-seasac-audicao-do-disco-a-travessia-do-deserto-sem-agua-2026-05-21-20-00-","D4crvz & Seasac: Audição do Disco ""A Travessia do Deserto sem Água""","2026-05-21","20:00","2026-05-21T20:00:00-03:00","grátis","true","Escritório - Rua da Constituição, 64 - Centro","Centro","Rio de Janeiro","RJ","http://www.lacumbuca.com/"
"lacumbuca-robert-plant-2026-05-21-21-00-vivo-rio-av-infante-dom-henrique-85-parque-do-flam","Robert Plant","2026-05-21","21:00","2026-05-21T21:00:00-03:00","INGRESSOS ESGOTADOS","false","Vivo Rio - Av. Infante Dom Henrique, 85 - Parque do Flamengo","Parque do Flamengo","Rio de Janeiro","RJ","http://www.lacumbuca.com/"
"lacumbuca-julia-joia-2026-05-21-21-00-elena-horto-rua-pacheco-leao-758-jardim-botanico","Julia Joia","2026-05-21","21:00","2026-05-21T21:00:00-03:00","","false","Elena Horto - Rua Pacheco Leão, 758 - Jardim Botânico","Jardim Botânico","Rio de Janeiro","RJ","http://www.lacumbuca.com/"
"lacumbuca-baixada-sonora-2026-05-22-14-00-sesc-duque-de-caxias-rua-general-argolo-47-25-de","Baixada Sonora","2026-05-22","14:00","2026-05-22T14:00:00-03:00","grátis","true","SESC Duque de Caxias - Rua General Argolo, 47 - 25 de Agosto - Duque de Caxias","Duque de Caxias","Rio de Janeiro","RJ","http://www.lacumbuca.com/"
"lacumbuca-marcelle-britto-2026-05-22-18-00-al-farabi-rua-do-mercado-34-boulevard-olimpico-","Marcelle Britto","2026-05-22","18:00","2026-05-22T18:00:00-03:00","grátis","true","Al Farabi - Rua do Mercado, 34 - Boulevard Olímpico - Praça XV","Praça XV","Rio de Janeiro","RJ","http://www.lacumbuca.com/"
"lacumbuca-linha-2-capella-musik-audicao-do-disco-djs-2026-05-22-18-00-estudio-hanoi-rua-pa","Linha 2 / Capella Musik: Audição do Disco / DJs","2026-05-22","18:00","2026-05-22T18:00:00-03:00","15 1º lote","false","Estúdio Hanoi - Rua Paulo Barreto, 16 - Botafogo","Botafogo","Rio de Janeiro","RJ","http://www.lacumbuca.com/"
"lacumbuca-adriana-calcanhotto-trinka-jongo-da-serrinha-festival-remexe-rio-2026-05-22-18-0","Adriana Calcanhotto / Trinka / Jongo da Serrinha (Festival Remexe Rio)","2026-05-22","18:00","2026-05-22T18:00:00-03:00","grátis","true","Praça XV - Centro","Centro","Rio de Janeiro","RJ","http://www.lacumbuca.com/"
"lacumbuca-neymar-dias-trio-sextas-instrumentais-2026-05-22-19-00-bndes-av-republica-do-chi","Neymar Dias Trio (Sextas Instrumentais)","2026-05-22","19:00","2026-05-22T19:00:00-03:00","grátis","true","BNDES - Av. República do Chile, 100 - Centro","Centro","Rio de Janeiro","RJ","http://www.lacumbuca.com/"
"lacumbuca-daira-2026-05-22-19-00-dolores-club-rua-do-lavradio-10-centro","Daíra","2026-05-22","19:00","2026-05-22T19:00:00-03:00","30 meia antecipado, 40 meia na hora","false","Dolores Club - Rua do Lavradio, 10 - Centro","Centro","Rio de Janeiro","RJ","http://www.lacumbuca.com/"
"lacumbuca-linda-ramalho-2026-05-22-19-00-centro-de-referencia-da-musica-carioca-rua-conde-","Linda Ramalho","2026-05-22","19:00","2026-05-22T19:00:00-03:00","30 meia","false","Centro de Referência da Música Carioca - Rua Conde de Bonfim, 824 - Tijuca","Tijuca","Rio de Janeiro","RJ","http://www.lacumbuca.com/"
"lacumbuca-marina-iris-2026-05-22-19-00-sesc-sao-goncalo-av-pres-kennedy-755-estrela-do-nor","Marina Íris","2026-05-22","19:00","2026-05-22T19:00:00-03:00","7,50 meia","false","SESC São Gonçalo - Av. Pres. Kennedy, 755 - Estrela do Norte - São Gonçalo","São Gonçalo","Rio de Janeiro","RJ","http://www.lacumbuca.com/"
"lacumbuca-quarteto-wanderlust-2026-05-22-19-00-espaco-cenaculo-rua-almirante-tamandare-66-","Quarteto Wanderlust","2026-05-22","19:00","2026-05-22T19:00:00-03:00","15 meia","false","Espaço Cenáculo - Rua Almirante Tamandaré, 66 - Flamengo","Flamengo","Rio de Janeiro","RJ","http://www.lacumbuca.com/"
"lacumbuca-raflow-distrito-23-g-arrow-2026-05-22-19-00-lona-hermeto-pascoal-praca-primeiro-","Raflow / Distrito 23 / G-Arrow","2026-05-22","19:00","2026-05-22T19:00:00-03:00","20 meia","false","Lona Hermeto Pascoal - Praça Primeiro de Maio, s/n - Bangu","Bangu","Rio de Janeiro","RJ","http://www.lacumbuca.com/"
"lacumbuca-the-brendas-amantes-ausentes-milk-honey-2026-05-22-19-00-diversa-rua-do-rezende-","The Brendas / Amantes Ausentes / Milk Honey","2026-05-22","19:00","2026-05-22T19:00:00-03:00","25 antecipado","false","Diversa - Rua do Rezende, 14 - Lapa","Lapa","Rio de Janeiro","RJ","http://www.lacumbuca.com/"
"lacumbuca-mantra-jazz-2026-05-22-19-00-indecente-cafe-rua-felicio-dos-santos-3-santa-teres","Mantra Jazz","2026-05-22","19:00","2026-05-22T19:00:00-03:00","contribuição voluntária","false","Indecente Café - Rua Felício dos Santos, 3 - Santa Teresa","Santa Teresa","Rio de Janeiro","RJ","http://www.lacumbuca.com/"
"lacumbuca-djs-taty-menendes-mariana-moyses-2026-05-22-19-00-escritorio-rua-da-constituicao","DJs Taty Menendes & Mariana Moysés","2026-05-22","19:00","2026-05-22T19:00:00-03:00","grátis até 21h, 20 após","true","Escritório - Rua da Constituição, 64 - Centro","Centro","Rio de Janeiro","RJ","http://www.lacumbuca.com/"
"lacumbuca-guedz-vazz-dandara-silva-the-rapper-dibovbz-vam-djs-2026-05-22-19-30-ccs-movimen","Guedz & Vazz / Dandara / Silva The Rapper / Dibovbz & Vam / DJs","2026-05-22","19:30","2026-05-22T19:30:00-03:00","grátis","true","CCS Movimento - Avenida Mem de Sá, 215 A - Lapa","Lapa","Rio de Janeiro","RJ","http://www.lacumbuca.com/"
"lacumbuca-maui-2026-05-22-20-00-sesi-jacarepagua-avenida-geremario-dantas-940-freguesia-ja","Maui","2026-05-22","20:00","2026-05-22T20:00:00-03:00","20 meia","false","SESI Jacarepaguá - Avenida Geremário Dantas, 940 - Freguesia - Jacarepaguá","Jacarepaguá","Rio de Janeiro","RJ","http://www.lacumbuca.com/"
"lacumbuca-luccas-carlos-matchola-ogermano-2026-05-22-20-00-circo-voador-lapa","Luccas Carlos / Matchola & OGermano","2026-05-22","20:00","2026-05-22T20:00:00-03:00","80 meia 1º lote","false","Circo Voador - Lapa","Lapa","Rio de Janeiro","RJ","http://www.lacumbuca.com/"
"lacumbuca-dani-bessa-os-pecados-tropicais-2026-05-22-20-00-audio-rebel-rua-visconde-silva-","Dani Bessa / Os Pecados Tropicais","2026-05-22","20:00","2026-05-22T20:00:00-03:00","35 antecipado","false","Audio Rebel - Rua Visconde Silva, 55 - Botafogo","Botafogo","Rio de Janeiro","RJ","http://www.lacumbuca.com/"
"lacumbuca-henrique-cazes-2026-05-22-20-00-acaso-cultural-rua-vicente-de-sousa-16-botafogo","Henrique Cazes","2026-05-22","20:00","2026-05-22T20:00:00-03:00","55 meia","false","Acaso Cultural - Rua Vicente de Sousa, 16 - Botafogo","Botafogo","Rio de Janeiro","RJ","http://www.lacumbuca.com/"
"lacumbuca-festa-horror-fati-cabaret-des-creatures-males-2026-05-22-20-00-neu-rua-carlos-ha","Festa Horror Fati - Cabaret des Créatures Mâles","2026-05-22","20:00","2026-05-22T20:00:00-03:00","15 antecipado, 20 1º lote, 25 2º lote","false","Neu - Rua Carlos Halfeld, 230 - Icaraí - Niterói","Niterói","Rio de Janeiro","RJ","http://www.lacumbuca.com/"
"lacumbuca-julius-rodriguez-2026-05-22-20-00-blue-note-rio-avenida-atlantica-1910-copacaban","Julius Rodriguez","2026-05-22","20:00","2026-05-22T20:00:00-03:00","a partir de 70 meia","false","Blue Note Rio - Avenida Atlântica, 1910 - Copacabana","Copacabana","Rio de Janeiro","RJ","http://www.lacumbuca.com/"
"lacumbuca-obl1ve-2026-05-22-20-00-o-pecado-mora-ao-lado-rua-hilario-ribeiro-196-praca-da-b","Obl1ve","2026-05-22","20:00","2026-05-22T20:00:00-03:00","grátis","true","O Pecado Mora Ao Lado - Rua Hilário Ribeiro, 196 - Praça da Bandeira","Praça da Bandeira","Rio de Janeiro","RJ","http://www.lacumbuca.com/"
"lacumbuca-primal-2026-05-22-20-00-espaco-barricada-dce-uff-avenida-visconde-do-rio-branco-","Primal","2026-05-22","20:00","2026-05-22T20:00:00-03:00","grátis","true","Espaço Barricada - DCE/UFF - Avenida Visconde do Rio Branco, 625 - São Domingos - Niterói","Niterói","Rio de Janeiro","RJ","http://www.lacumbuca.com/"
"lacumbuca-douglas-bastos-hugo-ojuara-victor-alves-mpb-sessions-2026-05-22-20-30-clube-boqu","Douglas Bastos / Hugo Ojuara / Victor Alves (MPB Sessions)","2026-05-22","20:30","2026-05-22T20:30:00-03:00","grátis antecipado, 25 1º lote","true","Clube Boqueirão - Rua Jardel Jercolis, 50 - Glória","Glória","Rio de Janeiro","RJ","http://www.lacumbuca.com/"
"lacumbuca-elba-ramalho-forro-do-kiko-arraia-da-fundicao-2026-05-22-21-00-fundicao-progress","Elba Ramalho / Forró do Kiko (Arraiá da Fundição)","2026-05-22","21:00","2026-05-22T21:00:00-03:00","60 meia","false","Fundição Progresso - Lapa","Lapa","Rio de Janeiro","RJ","http://www.lacumbuca.com/"
"lacumbuca-lykke-li-wolf-alice-2026-05-22-21-00-vivo-rio-av-infante-dom-henrique-85-parque-","Lykke Li / Wolf Alice","2026-05-22","21:00","2026-05-22T21:00:00-03:00","245 meia","false","Vivo Rio - Av. Infante Dom Henrique, 85 - Parque do Flamengo","Parque do Flamengo","Rio de Janeiro","RJ","http://www.lacumbuca.com/"
"lacumbuca-ze-renato-2026-05-22-21-00-manouche-jockey-club-rua-jardim-botanico-983-jardim-b","Zé Renato","2026-05-22","21:00","2026-05-22T21:00:00-03:00","90 meia","false","Manouche - Jockey Club - Rua Jardim Botânico, 983 - Jardim Botânico","Jardim Botânico","Rio de Janeiro","RJ","http://www.lacumbuca.com/"
"lacumbuca-noites-de-dub-jf-viegas-2026-05-22-22-00-trauma-rua-do-carmo-58-centro","Noites de Dub: JF & Viegas","2026-05-22","22:00","2026-05-22T22:00:00-03:00","10 antecipado, 20 1º lote, 30 até 01h, 50 após, grátis após 04h20","true","Trauma - Rua do Carmo, 58 - Centro","Centro","Rio de Janeiro","RJ","http://www.lacumbuca.com/"
"lacumbuca-julius-rodriguez-2026-05-22-22-30-blue-note-rio-avenida-atlantica-1910-copacaban","Julius Rodriguez","2026-05-22","22:30","2026-05-22T22:30:00-03:00","a partir de 70 meia","false","Blue Note Rio - Avenida Atlântica, 1910 - Copacabana","Copacabana","Rio de Janeiro","RJ","http://www.lacumbuca.com/"
"lacumbuca-bebadafonte-2026-05-23-14-00-al-farabi-rua-do-mercado-34-boulevard-olimpico-prac","Bebadafonte","2026-05-23","14:00","2026-05-23T14:00:00-03:00","grátis","true","Al Farabi - Rua do Mercado, 34 - Boulevard Olímpico - Praça XV","Praça XV","Rio de Janeiro","RJ","http://www.lacumbuca.com/"
"lacumbuca-le-garagem-2026-05-23-14-00-motocerva-rua-do-rezende-16-lapa","Le Garagem","2026-05-23","14:00","2026-05-23T14:00:00-03:00","grátis","true","MotoCerva - Rua do Rezende, 16 - Lapa","Lapa","Rio de Janeiro","RJ","http://www.lacumbuca.com/"
"lacumbuca-oeste-jazz-ensemble-2026-05-23-14-00-museu-bispo-do-rosario-estrada-rodrigues-ca","Oeste Jazz Ensemble","2026-05-23","14:00","2026-05-23T14:00:00-03:00","grátis","true","Museu Bispo do Rosário - Estrada Rodrigues Caldas, 3400 - Taquara","Taquara","Rio de Janeiro","RJ","http://www.lacumbuca.com/"
"lacumbuca-gregorio-duvivier-apresenta-aos-pes-da-letra-juze-2026-05-23-15-00-pilotis-do-ma","Gregório Duvivier Apresenta ""Aos Pés da Letra"" / Juzé","2026-05-23","15:00","2026-05-23T15:00:00-03:00","grátis","true","Pilotis do MAM - Av. Infante Dom Henrique, 85 - Parque do Flamengo","Parque do Flamengo","Rio de Janeiro","RJ","http://www.lacumbuca.com/"
"lacumbuca-timbalada-2026-05-23-15-00-ilha-itanhanga-estrada-da-barra-793-barra-da-tijuca","Timbalada","2026-05-23","15:00","2026-05-23T15:00:00-03:00","100 2º lote","false","Ilha Itanhangá - Estrada da Barra, 793 - Barra da Tijuca","Barra da Tijuca","Rio de Janeiro","RJ","http://www.lacumbuca.com/"
"lacumbuca-dj-jorge-lz-2026-05-23-16-00-patas-cafe-rua-almirante-cochrane-39-tijuca","DJ Jorge LZ","2026-05-23","16:00","2026-05-23T16:00:00-03:00","grátis","true","Patas Café - Rua Almirante Cochrane, 39 - Tijuca","Tijuca","Rio de Janeiro","RJ","http://www.lacumbuca.com/"
"lacumbuca-zeca-baleiro-bia-caboz-tocaia-maracatu-na-praca-festival-remexe-rio-2026-05-23-1","Zeca Baleiro / Bia Caboz / Tocaia / Maracatu na Praça (Festival Remexe Rio)","2026-05-23","17:30","2026-05-23T17:30:00-03:00","grátis","true","Praça XV - Centro","Centro","Rio de Janeiro","RJ","http://www.lacumbuca.com/"
"lacumbuca-noites-do-sertao-diego-assuf-dj-tranzimbah-2026-05-23-17-30-baratos-da-ribeiro-r","Noites do Sertão / Diego Assuf / DJ Tranzimbah","2026-05-23","17:30","2026-05-23T17:30:00-03:00","grátis","true","Baratos da Ribeiro - Rua Dezenove de Fevereiro, 90 - Botafogo","Botafogo","Rio de Janeiro","RJ","http://www.lacumbuca.com/"
"lacumbuca-velhas-virgens-2026-05-23-18-00-tt-garage-estrada-do-joa-3425-joa","Velhas Virgens","2026-05-23","18:00","2026-05-23T18:00:00-03:00","50 3º lote","false","TT Garage - Estrada do Joá, 3425 - Joá","Joá","Rio de Janeiro","RJ","http://www.lacumbuca.com/"
"lacumbuca-budang-litrao-mare-morta-2026-05-23-18-00-heavy-beer-bar-rua-ceara-104-praca-da-","Budang / Liträo / Maré Morta","2026-05-23","18:00","2026-05-23T18:00:00-03:00","50 antecipado","false","Heavy Beer Bar - Rua Ceará, 104 - Praça da Bandeira","Praça da Bandeira","Rio de Janeiro","RJ","http://www.lacumbuca.com/"
"lacumbuca-pitiko-maui-hugo-ojuara-2026-05-23-18-00-galpao-ladeira-das-artes-rua-conselheir","Pitiko / Maui / Hugo Ojuara","2026-05-23","18:00","2026-05-23T18:00:00-03:00","30 meia 1º lote","false","Galpão Ladeira das Artes - Rua Conselheiro Lampreia 225 - Cosme Velho","Cosme Velho","Rio de Janeiro","RJ","http://www.lacumbuca.com/"
"lacumbuca-klinsh-expresso-da-noite-alcahol-sobrinhos-do-tio-patinhas-dr-silvana-cia-batera","Klinsh / Expresso da Noite / Alcahol / Sobrinhos do Tio Patinhas / Dr. Silvana & Cia. (Baterapalooza)","2026-05-23","18:00","2026-05-23T18:00:00-03:00","grátis","true","Empório Encantado - Praça Sargento Eudóxio Passos, 30 - Encantado","Encantado","Rio de Janeiro","RJ","http://www.lacumbuca.com/"
"lacumbuca-leonardo-nascimento-blues-band-2026-05-23-18-00-lona-carlos-zefiro-estrada-marec","Leonardo Nascimento Blues Band","2026-05-23","18:00","2026-05-23T18:00:00-03:00","15 meia","false","Lona Carlos Zéfiro - Estrada Marechal Alencastro - Anchieta","Anchieta","Rio de Janeiro","RJ","http://www.lacumbuca.com/"
"lacumbuca-venuz-v-garage-band-fake-honey-sudano-festival-camadas-2026-05-23-19-00-bar-da-g","Venuz / V Garage Band / Fake Honey / Sudano (Festival Camadas)","2026-05-23","19:00","2026-05-23T19:00:00-03:00","20 1º lote, 25 2º lote, 30 3º lote","false","Bar da Gentalha - Rua General Osório, 11 - São Domingos - Niterói","Niterói","Rio de Janeiro","RJ","http://www.lacumbuca.com/"
"lacumbuca-zeca-veloso-2026-05-23-19-00-hotel-emiliano-sala-charles-avenida-atlantica-3804-","Zeca Veloso","2026-05-23","19:00","2026-05-23T19:00:00-03:00","800 (show beneficiente)","false","Hotel Emiliano - Sala Charles - Avenida Atlântica, 3804 - Copacabana","Copacabana","Rio de Janeiro","RJ","http://www.lacumbuca.com/"
"lacumbuca-micanga-vicios-da-placa-mae-tenebrium-2026-05-23-19-00-audio-rebel-rua-visconde-","Miçanga / Vícios da Placa Mãe / Tenebrium","2026-05-23","19:00","2026-05-23T19:00:00-03:00","25 antecipado","false","Audio Rebel - Rua Visconde Silva, 55 - Botafogo","Botafogo","Rio de Janeiro","RJ","http://www.lacumbuca.com/"
"lacumbuca-tunico-2026-05-23-19-00-indecente-cafe-rua-felicio-dos-santos-3-santa-teresa","Tunico","2026-05-23","19:00","2026-05-23T19:00:00-03:00","contribuição voluntária","false","Indecente Café - Rua Felício dos Santos, 3 - Santa Teresa","Santa Teresa","Rio de Janeiro","RJ","http://www.lacumbuca.com/"
"lacumbuca-luis-kiari-2026-05-23-20-00-casa-julieta-de-serpa-jclub-praia-do-flamengo-340-fl","Luis Kiari","2026-05-23","20:00","2026-05-23T20:00:00-03:00","60 meia","false","Casa Julieta de Serpa - JClub - Praia do Flamengo, 340 - Flamengo","Flamengo","Rio de Janeiro","RJ","http://www.lacumbuca.com/"
"lacumbuca-forrocacana-forro-de-pife-2026-05-23-20-00-circo-voador-lapa","Forróçacana / Forró de Pife","2026-05-23","20:00","2026-05-23T20:00:00-03:00","70 meia 1º lote","false","Circo Voador - Lapa","Lapa","Rio de Janeiro","RJ","http://www.lacumbuca.com/"
"lacumbuca-elymar-santos-2026-05-23-20-00-bangu-shopping-estacionamento-rua-fonseca-240-ban","Elymar Santos","2026-05-23","20:00","2026-05-23T20:00:00-03:00","a partir de 50 meia","false","Bangu Shopping – Estacionamento - Rua Fonseca, 240 – Bangu","Rua Fonseca, 240 – Bangu","Rio de Janeiro","RJ","http://www.lacumbuca.com/"
"lacumbuca-bebeto-2026-05-23-20-00-arena-renato-russo-parque-poeta-manuel-bandeira-s-n-coco","Bebeto","2026-05-23","20:00","2026-05-23T20:00:00-03:00","20 meia","false","Arena Renato Russo - Parque Poeta Manuel Bandeira, s/nº - Cocotá - Ilha do Governador","Ilha do Governador","Rio de Janeiro","RJ","http://www.lacumbuca.com/"
"lacumbuca-cris-delanno-2026-05-23-20-00-vinicius-bar-rua-vinicius-de-moraes-39-ipanema","Cris Delanno","2026-05-23","20:00","2026-05-23T20:00:00-03:00","70 meia","false","Vinícius Bar - Rua Vinícius de Moraes, 39 - Ipanema","Ipanema","Rio de Janeiro","RJ","http://www.lacumbuca.com/"
"lacumbuca-eduardo-santana-dora-sanches-ludom-djs-gloria-jazz-2026-05-23-20-00-passeio-publ","Eduardo Santana / Dora Sanches / Ludom / DJs (Glória Jazz)","2026-05-23","20:00","2026-05-23T20:00:00-03:00","grátis antecipado até 22h, 10 após","true","Passeio Público - Rua do Passeio - Cinelândia","Cinelândia","Rio de Janeiro","RJ","http://www.lacumbuca.com/"
"lacumbuca-edu-aguiar-alcides-sodre-todas-as-esquinas-do-mundo-2026-05-23-20-00-acaso-cultu","Edu Aguiar & Alcides Sodré: ""Todas as Esquinas do Mundo""","2026-05-23","20:00","2026-05-23T20:00:00-03:00","60 meia térreo, 55 meia mezanino","false","Acaso Cultural - Rua Vicente de Sousa, 16 - Botafogo","Botafogo","Rio de Janeiro","RJ","http://www.lacumbuca.com/"
"lacumbuca-alexis-sauer-clauky-boom-dani-sauer-luizinho-salles-yasmin-porto-rave-poetica-20","Alexis Sauer / Clauky Boom / Dani Sauer / Luizinho Salles / Yasmin Porto (Rave Poética)","2026-05-23","20:00","2026-05-23T20:00:00-03:00","contribuição voluntária sugerida a partir de 10","false","Vinhos Daqui - Rua Corrêa Dutra, 99 / Loja 3 - Catete","Catete","Rio de Janeiro","RJ","http://www.lacumbuca.com/"
"lacumbuca-juju-rude-lion-dornelas-noite-reggae-2026-05-23-20-00-espaco-bxd-in-cena-rua-pra","Juju Rude / Lion Dornelas (Noite Reggae)","2026-05-23","20:00","2026-05-23T20:00:00-03:00","grátis","true","Espaço BXD In Cena - Rua Prata, 35 - Coelho da Rocha - São João de Meriti","São João de Meriti","Rio de Janeiro","RJ","http://www.lacumbuca.com/"
"lacumbuca-obl1ve-dark-walk-2026-05-23-20-00-planet-music-avenida-ernani-cardoso-66-cascadu","Obl1ve / Dark Walk","2026-05-23","20:00","2026-05-23T20:00:00-03:00","grátis","true","Planet Music - Avenida Ernani Cardoso, 66 - Cascadura","Cascadura","Rio de Janeiro","RJ","http://www.lacumbuca.com/"
"lacumbuca-ratazanas-insanas-madame-salame-clausula-2026-05-23-20-00-neu-rua-carlos-halfeld","Ratazanas Insanas / Madame Salame / Cláusula","2026-05-23","20:00","2026-05-23T20:00:00-03:00","15 promocional, 20 1º lote, 25 2º lote","false","Neu - Rua Carlos Halfeld, 230 - Icaraí - Niterói","Niterói","Rio de Janeiro","RJ","http://www.lacumbuca.com/"
"lacumbuca-david-beat-atletas-2026-05-23-20-00-escritorio-rua-da-constituicao-64-centro","David Beat / Atletas","2026-05-23","20:00","2026-05-23T20:00:00-03:00","15 antecipado, 25 na hora","false","Escritório - Rua da Constituição, 64 - Centro","Centro","Rio de Janeiro","RJ","http://www.lacumbuca.com/"
"lacumbuca-mato-seco-2026-05-23-20-00-cordao-da-bola-preta-rua-da-relacao-3-lapa","Mato Seco","2026-05-23","20:00","2026-05-23T20:00:00-03:00","100 meia 2º lote","false","Cordão da Bola Preta - Rua da Relação, 3 - Lapa","Lapa","Rio de Janeiro","RJ","http://www.lacumbuca.com/"
"lacumbuca-fresno-skore-2026-05-23-21-00-fundicao-progresso-lapa","Fresno / Skore","2026-05-23","21:00","2026-05-23T21:00:00-03:00","90 meia 2º lote","false","Fundição Progresso - Lapa","Lapa","Rio de Janeiro","RJ","http://www.lacumbuca.com/"
"lacumbuca-fagner-2026-05-23-21-00-vivo-rio-av-infante-dom-henrique-85-parque-do-flamengo","Fagner","2026-05-23","21:00","2026-05-23T21:00:00-03:00","a partir de 80 meia","false","Vivo Rio - Av. Infante Dom Henrique, 85 - Parque do Flamengo","Parque do Flamengo","Rio de Janeiro","RJ","http://www.lacumbuca.com/"
"lacumbuca-tirica-participacao-billa-mc-trem-astro-errege-2026-05-23-21-00-casa-groov-rua-s","Tiriça - Participação: Billa MC / Trem Astro / Erregê","2026-05-23","21:00","2026-05-23T21:00:00-03:00","","false","Casa Groov - Rua Salinópolis, 28 - Taquara - Jacarepaguá","Jacarepaguá","Rio de Janeiro","RJ","http://www.lacumbuca.com/"
"lacumbuca-oriente-2026-05-23-21-00-parque-avenida-borges-de-medeiros-s-n-lagoa","Oriente","2026-05-23","21:00","2026-05-23T21:00:00-03:00","a partir de 60","false","Parque - Avenida Borges de Medeiros, s/n - Lagoa","Lagoa","Rio de Janeiro","RJ","http://www.lacumbuca.com/"
"lacumbuca-bangarang-sound-system-2026-05-23-22-00-motocerva-rua-do-rezende-16-lapa","Bangarang Sound System","2026-05-23","22:00","2026-05-23T22:00:00-03:00","15 antecipado","false","MotoCerva - Rua do Rezende, 16 - Lapa","Lapa","Rio de Janeiro","RJ","http://www.lacumbuca.com/"
"lacumbuca-nego-jairo-alani-kiah-beatriz-pimenta-djs-festa-noites-de-funk-2026-05-23-22-00-","Nego Jairo / Alani / Kiah / Beatriz Pimenta / DJs (Festa Noites de Funk)","2026-05-23","22:00","2026-05-23T22:00:00-03:00","grátis até 23h, 15 após","true","Trauma - Rua do Carmo, 58 - Centro","Centro","Rio de Janeiro","RJ","http://www.lacumbuca.com/"
"lacumbuca-dudu-machado-2026-05-24-14-00-botafogo-rio-de-janeiro","Dudu Machado","2026-05-24","14:00","2026-05-24T14:00:00-03:00","50 1º lote, 60 2º lote, 70 3º lote","false","Botafogo - Rio de Janeiro","Rio de Janeiro","Rio de Janeiro","RJ","http://www.lacumbuca.com/"
"lacumbuca-morulla-2026-05-24-15-00-sesc-tijuca-r-barao-de-mesquita-539-tijuca","Mórulla","2026-05-24","15:00","2026-05-24T15:00:00-03:00","grátis","true","SESC Tijuca - R. Barão de Mesquita, 539 - Tijuca","Tijuca","Rio de Janeiro","RJ","http://www.lacumbuca.com/"
"lacumbuca-marina-iris-baile-black-bom-2026-05-24-15-00-muhcab-rua-pedro-ernesto-80-gamboa","Marina Íris / Baile Black Bom","2026-05-24","15:00","2026-05-24T15:00:00-03:00","grátis","true","MUHCAB - Rua Pedro Ernesto, 80 - Gamboa","Gamboa","Rio de Janeiro","RJ","http://www.lacumbuca.com/"
"lacumbuca-rancore-r-sigma-2026-05-24-16-00-cordao-da-bola-preta-rua-da-relacao-3-lapa","Rancore / R.Sigma","2026-05-24","16:00","2026-05-24T16:00:00-03:00","80 2º lote","false","Cordão da Bola Preta - Rua da Relação, 3 - Lapa","Lapa","Rio de Janeiro","RJ","http://www.lacumbuca.com/"
"lacumbuca-abbusai-rakydia-libera-princesos-cassia-novello-the-neon-desert-solaries-festiva","Abbusai / Rakydia / Líbera / Princesos / Cássia Novello / The Neon Desert / Soláries (Festival de Bandas Independentes)","2026-05-24","16:00","2026-05-24T16:00:00-03:00","25 antecipado, 30 na hora","false","Rock Experience Club - Rua do Riachuelo, 20 - Lapa","Lapa","Rio de Janeiro","RJ","http://www.lacumbuca.com/"
"lacumbuca-lorenzo-blues-band-blenders-gabriel-sales-gastando-a-sola-casa-groov-autoral-202","Lorenzo Blues Band / Blenders / Gabriel Sales / Gastando a Sola (Casa Groov Autoral)","2026-05-24","17:00","2026-05-24T17:00:00-03:00","grátis","true","Casa Groov - Rua Salinópolis, 28 - Taquara - Jacarepaguá","Jacarepaguá","Rio de Janeiro","RJ","http://www.lacumbuca.com/"
"lacumbuca-gilsoul-limusine-negra-dida-nascimento-djs-reggae-donana-2026-05-24-17-00-centro","Gilsoul & Limusine Negra / Dida Nascimento / DJs (Reggae Donana)","2026-05-24","17:00","2026-05-24T17:00:00-03:00","grátis","true","Centro Cultural Donana - Rua Aguapeí, 197 - Areia Branca - Belford Roxo","Belford Roxo","Rio de Janeiro","RJ","http://www.lacumbuca.com/"
"lacumbuca-pierre-aderne-rua-das-pretas-alice-caymmi-natasha-llerena-lenna-bahule-festival-","Pierre Aderne: Rua das Pretas / Alice Caymmi / Natasha Llerena & Lenna Bahule (Festival Remexe Rio - Sarau Decolonial de Poesia)","2026-05-24","17:30","2026-05-24T17:30:00-03:00","grátis","true","Praça XV - Centro","Centro","Rio de Janeiro","RJ","http://www.lacumbuca.com/"
"lacumbuca-medium-bebe-feio-austera-vertigem-noise-fest-2026-05-24-18-00-heavy-beer-bar-rua","Medium / Bebê Feio / Austera (Vertigem Noise Fest)","2026-05-24","18:00","2026-05-24T18:00:00-03:00","20 1º lote, 30 2º lote, 40 na hora","false","Heavy Beer Bar - Rua Ceará, 104 - Praça da Bandeira","Praça da Bandeira","Rio de Janeiro","RJ","http://www.lacumbuca.com/"
"lacumbuca-manchester-fluminense-adaga-dent-podri-2026-05-24-19-30-audio-rebel-rua-visconde","Manchester Fluminense / Adaga / Dent Podri","2026-05-24","19:30","2026-05-24T19:30:00-03:00","30 antecipado","false","Audio Rebel - Rua Visconde Silva, 55 - Botafogo","Botafogo","Rio de Janeiro","RJ","http://www.lacumbuca.com/"
"lacumbuca-elba-ramalho-2026-05-24-20-00-mercado-municipal-rua-santo-antonio-53-centro-nite","Elba Ramalho","2026-05-24","20:00","2026-05-24T20:00:00-03:00","1 kg alimento não perecível","false","Mercado Municipal - Rua Santo Antônio, 53 - Centro - Niterói","Niterói","Rio de Janeiro","RJ","http://www.lacumbuca.com/"
"lacumbuca-cordao-do-boitata-doralyce-jongo-da-serrinha-songoro-cosongo-marcelo-mimoso-mari","Cordão do Boitatá / Doralyce / Jongo da Serrinha / Songoro Cosongo / Marcelo Mimoso / Mariana Baltar / Marina Íris / Silvério Pontes (Aniversário da Jandira Feghali - Uma Noite em Solidariedade à Cuba)","2026-05-25","18:00","2026-05-25T18:00:00-03:00","grátis","true","Circo Voador - Lapa","Lapa","Rio de Janeiro","RJ","http://www.lacumbuca.com/"
"lacumbuca-lounjazz-2026-05-25-18-00-calcada-do-teatro-municipal-de-niteroi-rua-xv-de-novem","LounJazz","2026-05-25","18:00","2026-05-25T18:00:00-03:00","grátis","true","Calçada do Teatro Municipal de Niterói - Rua XV de Novembro, 35 - Centro - Niterói","Niterói","Rio de Janeiro","RJ","http://www.lacumbuca.com/"
"lacumbuca-dejavu-session-varios-musicos-convidados-2026-05-25-19-00-casa-savana-rua-cameri","Dejavu Session (vários músicos convidados)","2026-05-25","19:00","2026-05-25T19:00:00-03:00","INGRESSOS ESGOTADOS","false","Casa Savana - Rua Camerino, 162 - Centro","Centro","Rio de Janeiro","RJ","http://www.lacumbuca.com/"
"lacumbuca-jaques-morelenbaum-cellosam3atrio-2026-05-25-20-00-vinicius-bar-rua-vinicius-de-","Jaques Morelenbaum & CelloSam3aTrio","2026-05-25","20:00","2026-05-25T20:00:00-03:00","70 meia","false","Vinícius Bar - Rua Vinícius de Moraes, 39 - Ipanema","Ipanema","Rio de Janeiro","RJ","http://www.lacumbuca.com/"
"lacumbuca-lydia-lunch-2026-05-25-20-00-audio-rebel-rua-visconde-silva-55-botafogo","Lydia Lunch (!!!!!!!!!!!!!!!!!!!!!!!!!!!!!!!!!!!)","2026-05-25","20:00","2026-05-25T20:00:00-03:00","INGRESSOS ESGOTADOS","false","Audio Rebel - Rua Visconde Silva, 55 - Botafogo","Botafogo","Rio de Janeiro","RJ","http://www.lacumbuca.com/"
"lacumbuca-tim-dahl-matt-nelson-convidam-eduardo-manso-marcelo-callado-2026-05-25-22-00-aud","Tim Dahl & Matt Nelson Convidam Eduardo Manso & Marcelo Callado","2026-05-25","22:00","2026-05-25T22:00:00-03:00","35 antecipado, 50 na hora","false","Audio Rebel - Rua Visconde Silva, 55 - Botafogo","Botafogo","Rio de Janeiro","RJ","http://www.lacumbuca.com/"
"lacumbuca-projeto-disconcertos-dodo-azevedo-conversa-sobre-discos-diversos-2026-05-26-14-0","Projeto Disconcertos: Dodô Azevedo Conversa Sobre Discos Diversos","2026-05-26","14:00","2026-05-26T14:00:00-03:00","grátis","true","Instituto Nise da Silveira - Bosque D. Ivone Lara - Rua Dr. Leal, s/n° - Engenho de Dentro","Engenho de Dentro","Rio de Janeiro","RJ","http://www.lacumbuca.com/"
"lacumbuca-joanna-2026-05-26-18-30-teatro-joao-caetano-praca-tiradentes-s-n-centro","Joanna","2026-05-26","18:30","2026-05-26T18:30:00-03:00","2,50 meia","false","Teatro João Caetano - Praça Tiradentes, s/n - Centro","Centro","Rio de Janeiro","RJ","http://www.lacumbuca.com/"
"lacumbuca-josiel-konrad-tia-caroll-igor-prado-circuito-sesc-jazz-blues-2026-05-26-19-00-se","Josiel Konrad / Tia Caroll & Igor Prado (Circuito Sesc Jazz & Blues)","2026-05-26","19:00","2026-05-26T19:00:00-03:00","INGRESSOS ESGOTADOS","false","SESC Ginástico - Avenida Graça Aranha, 187 - Centro","Centro","Rio de Janeiro","RJ","http://www.lacumbuca.com/"
"lacumbuca-moreno-veloso-domenico-lancellotti-raya-mantuano-flavio-delli-traquilo-rj-2026-0","Moreno Veloso & Domenico Lancellotti / Raya & Mantuano / Flavio Delli (Traquilo RJ)","2026-05-26","19:00","2026-05-26T19:00:00-03:00","50 1º lote","false","Clube dos Democráticos - R. Riachuelo, 91 - Lapa","Lapa","Rio de Janeiro","RJ","http://www.lacumbuca.com/"
"lacumbuca-spiritual-jazz-joana-saraiva-bruno-di-lullo-fabio-lima-joao-di-sabatto-2026-05-2","Spiritual Jazz (Joana Saraiva, Bruno di Lullo, Fábio Lima, João di Sabatto)","2026-05-26","19:00","2026-05-26T19:00:00-03:00","","false","Eleninha - Rua Pacheco Leão, 780 - Horto","Horto","Rio de Janeiro","RJ","http://www.lacumbuca.com/"
"lacumbuca-renato-teixeira-2026-05-26-19-00-teatro-arthur-azevedo-rua-victor-alves-454-camp","Renato Teixeira","2026-05-26","19:00","2026-05-26T19:00:00-03:00","2,50 meia","false","Teatro Arthur Azevedo - Rua Victor Alves, 454 - Campo Grande","Campo Grande","Rio de Janeiro","RJ","http://www.lacumbuca.com/"
"lacumbuca-choro-batucada-2026-05-26-19-00-glorioso-cultural-rua-do-catete-95-catete","Choro Batucada","2026-05-26","19:00","2026-05-26T19:00:00-03:00","25 promocional, 30 normal, 40 na hora","false","Glorioso Cultural - Rua do Catete, 95 - Catete","Catete","Rio de Janeiro","RJ","http://www.lacumbuca.com/"
"lacumbuca-lydia-lunch-sessao-extra-corram-2026-05-26-19-30-audio-rebel-rua-visconde-silva-","Lydia Lunch (SESSÃO EXTRA - CORRAM!)","2026-05-26","19:30","2026-05-26T19:30:00-03:00","INGRESSOS ESGOTADOS","false","Audio Rebel - Rua Visconde Silva, 55 - Botafogo","Botafogo","Rio de Janeiro","RJ","http://www.lacumbuca.com/"
"lacumbuca-cancelado-simone-francis-hime-2026-05-26-20-00-teatro-ipanema-rua-prudente-de-mo","CANCELADO: Simone & Francis Hime","2026-05-26","20:00","2026-05-26T20:00:00-03:00","INGRESSOS ESGOTADOS","false","Teatro Ipanema - Rua Prudente de Morais, 824 - Ipanema","Ipanema","Rio de Janeiro","RJ","http://www.lacumbuca.com/"
"lacumbuca-the-beautiful-now-akarusso-haidden-2026-05-26-20-00-audio-rebel-rua-visconde-sil","The Beautiful Now / Akarusso & Haidden","2026-05-26","20:00","2026-05-26T20:00:00-03:00","35 antecipado","false","Audio Rebel - Rua Visconde Silva, 55 - Botafogo","Botafogo","Rio de Janeiro","RJ","http://www.lacumbuca.com/"
"lacumbuca-paulo-aragao-2026-05-26-20-00-teatro-ipanema-rua-prudente-de-morais-824-ipanema","Paulo Aragão","2026-05-26","20:00","2026-05-26T20:00:00-03:00","50 meia","false","Teatro Ipanema - Rua Prudente de Morais, 824 - Ipanema","Ipanema","Rio de Janeiro","RJ","http://www.lacumbuca.com/"
"lacumbuca-quinteto-guanabara-2026-05-27-18-00-solar-do-jambeiro-rua-pres-domiciano-195-ing","Quinteto Guanabara","2026-05-27","18:00","2026-05-27T18:00:00-03:00","grátis","true","Solar do Jambeiro - Rua Pres. Domiciano, 195 - Ingá - Niterói","Niterói","Rio de Janeiro","RJ","http://www.lacumbuca.com/"
"lacumbuca-kena-jazz-quinteto-jazz-no-mercado-2026-05-27-19-00-novo-mercado-sao-jose-rua-da","Kena Jazz Quinteto (Jazz no Mercado)","2026-05-27","19:00","2026-05-27T19:00:00-03:00","grátis","true","Novo Mercado São José - Rua das Laranjeiras, 90 - Laranjeiras","Laranjeiras","Rio de Janeiro","RJ","http://www.lacumbuca.com/"
"lacumbuca-ze-bigode-orquestra-participacao-jef-rodriguez-2026-05-27-19-00-casa-savana-rua-","Zé Bigode Orquestra - Participação: Jef Rodriguez","2026-05-27","19:00","2026-05-27T19:00:00-03:00","20 2º lote","false","Casa Savana - Rua Camerino, 162 - Centro","Centro","Rio de Janeiro","RJ","http://www.lacumbuca.com/"
"lacumbuca-omar-coleman-igor-prado-blues-etilicos-cris-crochemore-circuito-sesc-jazz-blues-","Omar Coleman & Igor Prado / Blues Etílicos & Cris Crochemore (Circuito Sesc Jazz & Blues)","2026-05-27","19:00","2026-05-27T19:00:00-03:00","INGRESSOS ESGOTADOS","false","SESC Ginástico - Avenida Graça Aranha, 187 - Centro","Centro","Rio de Janeiro","RJ","http://www.lacumbuca.com/"
"lacumbuca-vera-fischer-era-clubber-natalia-lebeis-le-almeida-gueersh-noites-abmi-showcase-","Vera Fischer Era Clubber / Natália Lebeis / Lê Almeida / Gueersh (Noites ABMI: Showcase Sub Pop)","2026-05-27","19:00","2026-05-27T19:00:00-03:00","(show fechado para convidados)","false","Audio Rebel - Rua Visconde Silva, 55 - Botafogo","Botafogo","Rio de Janeiro","RJ","http://www.lacumbuca.com/"
"lacumbuca-cep-20-000-breno-goes-natascha-felix-gambiarra-yasmin-porto-luizinho-salles-2026","CEP 20.000: Breno Goés / Natascha Félix / Gambiarra (Yasmin Porto & Luizinho Salles)","2026-05-27","19:00","2026-05-27T19:00:00-03:00","10 meia","false","Espaço Sérgio Porto - Rua Humaitá, 163 - Humaitá","Humaitá","Rio de Janeiro","RJ","http://www.lacumbuca.com/"
"lacumbuca-detonautas-2026-05-27-19-00-teatro-armando-gonzaga-avenida-gen-oswaldo-cordeiro-","Detonautas","2026-05-27","19:00","2026-05-27T19:00:00-03:00","2,50 meia","false","Teatro Armando Gonzaga - Avenida Gen. Oswaldo Cordeiro Farias, 511 - Marechal Hermes","Marechal Hermes","Rio de Janeiro","RJ","http://www.lacumbuca.com/"
"lacumbuca-joana-queiroz-2026-05-27-19-00-indecente-cafe-rua-felicio-dos-santos-3-santa-ter","Joana Queiroz","2026-05-27","19:00","2026-05-27T19:00:00-03:00","contribuição voluntária","false","Indecente Café - Rua Felício dos Santos, 3 - Santa Teresa","Santa Teresa","Rio de Janeiro","RJ","http://www.lacumbuca.com/"
"lacumbuca-jorge-drexler-2026-05-27-20-00-circo-voador-lapa","Jorge Drexler","2026-05-27","20:00","2026-05-27T20:00:00-03:00","INGRESSOS ESGOTADOS","false","Circo Voador - Lapa","Lapa","Rio de Janeiro","RJ","http://www.lacumbuca.com/"
"lacumbuca-cancelado-mark-farners-american-band-2026-05-27-20-00-teatro-clara-nunes-shoppin","CANCELADO: Mark Farners American Band","2026-05-27","20:00","2026-05-27T20:00:00-03:00","","false","Teatro Clara Nunes – Shopping da Gávea - Rua Marquês de São Vicente, 52 / 3º Piso – Gávea","Rua Marquês de São Vicente, 52 / 3º Piso – Gávea","Rio de Janeiro","RJ","http://www.lacumbuca.com/"
"lacumbuca-cancelado-maria-beraldo-2026-05-27-20-30-manouche-jockey-club-rua-jardim-botanic","CANCELADO: Maria Beraldo","2026-05-27","20:30","2026-05-27T20:30:00-03:00","60 meia","false","Manouche - Jockey Club - Rua Jardim Botânico, 983 - Jardim Botânico","Jardim Botânico","Rio de Janeiro","RJ","http://www.lacumbuca.com/"
"lacumbuca-orquestra-de-ukuleles-da-ufrj-2026-06-02-18-00-arte-sesc-rua-marques-de-abrantes","Orquestra de Ukuleles da UFRJ","2026-06-02","18:00","2026-06-02T18:00:00-03:00","grátis","true","Arte SESC - Rua Marquês de Abrantes, 99 - Flamengo","Flamengo","Rio de Janeiro","RJ","http://www.lacumbuca.com/"
"lacumbuca-di-sabatto-jazz-2026-06-02-19-00-eleninha-rua-pacheco-leao-780-horto","Di Sabatto Jazz","2026-06-02","19:00","2026-06-02T19:00:00-03:00","","false","Eleninha - Rua Pacheco Leão, 780 - Horto","Horto","Rio de Janeiro","RJ","http://www.lacumbuca.com/"
"lacumbuca-rosa-marya-colin-2026-06-02-19-00-sesc-tijuca-r-barao-de-mesquita-539-tijuca","Rosa Marya Colin","2026-06-02","19:00","2026-06-02T19:00:00-03:00","7,50 meia","false","SESC Tijuca - R. Barão de Mesquita, 539 - Tijuca","Tijuca","Rio de Janeiro","RJ","http://www.lacumbuca.com/"
"lacumbuca-marina-iris-2026-06-02-19-00-sesc-copacabana-rua-domingos-ferreira-160-copacaban","Marina Íris","2026-06-02","19:00","2026-06-02T19:00:00-03:00","7,50 meia","false","SESC Copacabana - Rua Domingos Ferreira, 160 - Copacabana","Copacabana","Rio de Janeiro","RJ","http://www.lacumbuca.com/"
"lacumbuca-carol-biazin-2026-06-02-20-00-teatro-riachuelo-rua-do-passeio-40-cinelandia","Carol Biazin","2026-06-02","20:00","2026-06-02T20:00:00-03:00","a partir de 80 meia","false","Teatro Riachuelo - Rua do Passeio, 40 - Cinelândia","Cinelândia","Rio de Janeiro","RJ","http://www.lacumbuca.com/"
"lacumbuca-nubya-garcia-2026-06-02-20-00-manouche-jockey-club-rua-jardim-botanico-983-jardi","Nubya Garcia","2026-06-02","20:00","2026-06-02T20:00:00-03:00","INGRESSOS ESGOTADOS","false","Manouche - Jockey Club - Rua Jardim Botânico, 983 - Jardim Botânico","Jardim Botânico","Rio de Janeiro","RJ","http://www.lacumbuca.com/"
"lacumbuca-joyce-passarinho-urbano-50-anos-2026-06-02-20-00-teatro-ipanema-rua-prudente-de-","Joyce: ""Passarinho Urbano"" - 50 Anos","2026-06-02","20:00","2026-06-02T20:00:00-03:00","50 meia","false","Teatro Ipanema - Rua Prudente de Morais, 824 - Ipanema","Ipanema","Rio de Janeiro","RJ","http://www.lacumbuca.com/"
"lacumbuca-nao-recomendados-2026-06-02-20-00-teatro-glaucio-gill-praca-cardeal-arcoverde-s-","Não Recomendados","2026-06-02","20:00","2026-06-02T20:00:00-03:00","2,50 meia","false","Teatro Glaucio Gill - Praça Cardeal Arcoverde, s/n - Copacabana","Copacabana","Rio de Janeiro","RJ","http://www.lacumbuca.com/"
"lacumbuca-nubya-garcia-2026-06-02-22-30-manouche-jockey-club-rua-jardim-botanico-983-jardi","Nubya Garcia","2026-06-02","22:30","2026-06-02T22:30:00-03:00","150 meia","false","Manouche - Jockey Club - Rua Jardim Botânico, 983 - Jardim Botânico","Jardim Botânico","Rio de Janeiro","RJ","http://www.lacumbuca.com/"
"lacumbuca-dalto-2026-06-03-19-00-teatro-do-sesi-av-graca-aranha-1-centro","Dalto","2026-06-03","19:00","2026-06-03T19:00:00-03:00","20 meia","false","Teatro do SESI - Av. Graça Aranha, 1 - Centro","Centro","Rio de Janeiro","RJ","http://www.lacumbuca.com/"
"lacumbuca-dimitri-br-2026-06-03-19-00-centro-de-referencia-da-musica-carioca-rua-conde-de-","Dimitri BR","2026-06-03","19:00","2026-06-03T19:00:00-03:00","20 meia","false","Centro de Referência da Música Carioca - Rua Conde de Bonfim, 824 - Tijuca","Tijuca","Rio de Janeiro","RJ","http://www.lacumbuca.com/"
"lacumbuca-mahmundi-jaloo-1-10-anos-2026-06-03-20-00-circo-voador-lapa","Mahmundi / Jaloo: ""#1"" - 10 Anos","2026-06-03","20:00","2026-06-03T20:00:00-03:00","70 meia 1º lote","false","Circo Voador - Lapa","Lapa","Rio de Janeiro","RJ","http://www.lacumbuca.com/"
"lacumbuca-carol-biazin-2026-06-03-20-00-teatro-riachuelo-rua-do-passeio-40-cinelandia","Carol Biazin","2026-06-03","20:00","2026-06-03T20:00:00-03:00","a partir de 80 meia","false","Teatro Riachuelo - Rua do Passeio, 40 - Cinelândia","Cinelândia","Rio de Janeiro","RJ","http://www.lacumbuca.com/"
"lacumbuca-bruna-lucchesi-participacao-bullshark-mariko-reid-2026-06-03-20-00-audio-rebel-r","Bruna Lucchesi - Participação: Bullshark & Mariko Reid","2026-06-03","20:00","2026-06-03T20:00:00-03:00","30 antecipado, 40 na hora","false","Audio Rebel - Rua Visconde Silva, 55 - Botafogo","Botafogo","Rio de Janeiro","RJ","http://www.lacumbuca.com/"
"lacumbuca-mike-stern-2026-06-03-20-00-blue-note-rio-avenida-atlantica-1910-copacabana","Mike Stern","2026-06-03","20:00","2026-06-03T20:00:00-03:00","a partir de 95 meia","false","Blue Note Rio - Avenida Atlântica, 1910 - Copacabana","Copacabana","Rio de Janeiro","RJ","http://www.lacumbuca.com/"
"lacumbuca-samba-da-volta-2026-06-03-20-00-sdv-rua-da-constituicao-54-centro","Samba da Volta","2026-06-03","20:00","2026-06-03T20:00:00-03:00","15","false","SDV - Rua da Constituição, 54 - Centro","Centro","Rio de Janeiro","RJ","http://www.lacumbuca.com/"
"lacumbuca-vintage-culture-village-copa-do-mundo-2026-06-03-21-00-jockey-club-rua-jardim-bo","Vintage Culture (Village - Copa do Mundo)","2026-06-03","21:00","2026-06-03T21:00:00-03:00","a partir de 270 meia","false","Jockey Club - Rua Jardim Botânico, 1003 - Jardim Botânico","Jardim Botânico","Rio de Janeiro","RJ","http://www.lacumbuca.com/"
"lacumbuca-mike-stern-2026-06-03-22-30-blue-note-rio-avenida-atlantica-1910-copacabana","Mike Stern","2026-06-03","22:30","2026-06-03T22:30:00-03:00","a partir de 95 meia","false","Blue Note Rio - Avenida Atlântica, 1910 - Copacabana","Copacabana","Rio de Janeiro","RJ","http://www.lacumbuca.com/"
"lacumbuca-bumba-meu-boi-brilho-de-lucas-o-xaxadinho-gloriosa-orquestra-da-guanabara-edmils","Bumba Meu Boi Brilho de Lucas / O Xaxadinho / Gloriosa Orquestra da Guanabara / Edmilson dos Teclados / Festa Xêpa (Glorioso Folguedo Junino)","2026-06-04","16:00","2026-06-04T16:00:00-03:00","30 1º lote, 40 2º lote, 50 3º lote, 60 4º lote ou na hora","false","Helênico Atlético Clube - Rua Itapiru, 1305 - Rio Comprido","Rio Comprido","Rio de Janeiro","RJ","http://www.lacumbuca.com/"
"lacumbuca-esdras-nogueira-marcus-moraes-2026-06-04-17-00-casa-museu-eva-klabin-avenida-epi","Esdras Nogueira & Marcus Moraes","2026-06-04","17:00","2026-06-04T17:00:00-03:00","30 meia","false","Casa Museu Eva Klabin - Avenida Epitácio Pessoa, 2480 - Lagoa","Lagoa","Rio de Janeiro","RJ","http://www.lacumbuca.com/"
"lacumbuca-suraras-do-tapajos-2026-06-04-19-00-centro-de-referencia-da-musica-carioca-rua-c","Suraras do Tapajós","2026-06-04","19:00","2026-06-04T19:00:00-03:00","15 meia","false","Centro de Referência da Música Carioca - Rua Conde de Bonfim, 824 - Tijuca","Tijuca","Rio de Janeiro","RJ","http://www.lacumbuca.com/"
"lacumbuca-kim-pereira-trio-2026-06-04-19-00-eleninha-rua-pacheco-leao-780-horto","Kim Pereira Trio","2026-06-04","19:00","2026-06-04T19:00:00-03:00","","false","Eleninha - Rua Pacheco Leão, 780 - Horto","Horto","Rio de Janeiro","RJ","http://www.lacumbuca.com/"
"lacumbuca-naiara-martins-participacao-daniel-cahon-2026-06-04-19-30-espaco-sergio-porto-ru","Naiara Martins - Participação: Daniel Cahon","2026-06-04","19:30","2026-06-04T19:30:00-03:00","30 meia","false","Espaço Sérgio Porto - Rua Humaitá, 163 - Humaitá","Humaitá","Rio de Janeiro","RJ","http://www.lacumbuca.com/"
"lacumbuca-furacao-2000-village-copa-do-mundo-2026-06-04-20-00-jockey-club-rua-jardim-botan","Furacão 2000 (Village - Copa do Mundo)","2026-06-04","20:00","2026-06-04T20:00:00-03:00","a partir de 170 meia","false","Jockey Club - Rua Jardim Botânico, 1003 - Jardim Botânico","Jardim Botânico","Rio de Janeiro","RJ","http://www.lacumbuca.com/"
"lacumbuca-homenagem-a-victor-assis-brasil-otavio-castro-fernando-amorim-alex-rocha-roberto","Homenagem a Victor Assis Brasil (Otávio Castro, Fernando Amorim, Alex Rocha, Roberto Rutigliano)","2026-06-04","20:00","2026-06-04T20:00:00-03:00","50 antecipado","false","Audio Rebel - Rua Visconde Silva, 55 - Botafogo","Botafogo","Rio de Janeiro","RJ","http://www.lacumbuca.com/"
"lacumbuca-mike-stern-2026-06-04-20-00-blue-note-rio-avenida-atlantica-1910-copacabana","Mike Stern","2026-06-04","20:00","2026-06-04T20:00:00-03:00","a partir de 95 meia","false","Blue Note Rio - Avenida Atlântica, 1910 - Copacabana","Copacabana","Rio de Janeiro","RJ","http://www.lacumbuca.com/"
"lacumbuca-nicole-cyrne-2026-06-04-21-00-elena-horto-rua-pacheco-leao-758-jardim-botanico","Nicole Cyrne","2026-06-04","21:00","2026-06-04T21:00:00-03:00","","false","Elena Horto - Rua Pacheco Leão, 758 - Jardim Botânico","Jardim Botânico","Rio de Janeiro","RJ","http://www.lacumbuca.com/"
"lacumbuca-mike-stern-2026-06-04-22-30-blue-note-rio-avenida-atlantica-1910-copacabana","Mike Stern","2026-06-04","22:30","2026-06-04T22:30:00-03:00","a partir de 95 meia","false","Blue Note Rio - Avenida Atlântica, 1910 - Copacabana","Copacabana","Rio de Janeiro","RJ","http://www.lacumbuca.com/"
"lacumbuca-bnegao-canta-dorival-caymmi-2026-06-05-18-00-sesc-niteroi-rua-padre-anchieta-56-","BNegão Canta Dorival Caymmi","2026-06-05","18:00","2026-06-05T18:00:00-03:00","7,50 meia","false","SESC Niterói - Rua Padre Anchieta, 56 - São Domingos - Niterói","Niterói","Rio de Janeiro","RJ","http://www.lacumbuca.com/"
"lacumbuca-show-do-livro-1985-o-ano-que-repaginou-a-musica-brasileira-2026-06-05-19-00-cent","Show do Livro ""1985 - O Ano Que Repaginou A Música Brasileira""","2026-06-05","19:00","2026-06-05T19:00:00-03:00","30 meia","false","Centro de Referência da Música Carioca - Rua Conde de Bonfim, 824 - Tijuca","Tijuca","Rio de Janeiro","RJ","http://www.lacumbuca.com/"
"lacumbuca-micanga-fred-nascimento-2026-06-05-19-00-baratos-da-ribeiro-rua-dezenove-de-feve","Miçanga / Fred Nascimento","2026-06-05","19:00","2026-06-05T19:00:00-03:00","grátis","true","Baratos da Ribeiro - Rua Dezenove de Fevereiro, 90 - Botafogo","Botafogo","Rio de Janeiro","RJ","http://www.lacumbuca.com/"
"lacumbuca-cliff-sonho-liquido-interfone-quebrado-economic-freedom-fighters-cookie-brilha-f","Cliff / Sonho Líquido / Interfone Quebrado / Economic Freedom Fighters (Cookie Brilha Festival)","2026-06-05","19:00","2026-06-05T19:00:00-03:00","20 antecipado, 35 na hora","false","Escritório - Rua da Constituição, 64 - Centro","Centro","Rio de Janeiro","RJ","http://www.lacumbuca.com/"
"lacumbuca-ava-rocha-participacao-jonas-sa-2026-06-05-19-30-teatro-rival-rua-alvaro-alvim-3","Ava Rocha - Participação: Jonas Sá","2026-06-05","19:30","2026-06-05T19:30:00-03:00","70 meia setor A, 60 meia setor B","false","Teatro Rival - Rua Álvaro Alvim, 33 - Cinelândia","Cinelândia","Rio de Janeiro","RJ","http://www.lacumbuca.com/"
"lacumbuca-fafa-de-belem-participacao-manoel-cordeiro-suraras-do-tapajos-2026-06-05-20-00-c","Fafá de Belém - Participação: Manoel Cordeiro / Suraras do Tapajós","2026-06-05","20:00","2026-06-05T20:00:00-03:00","80 meia 1º lote","false","Circo Voador - Lapa","Lapa","Rio de Janeiro","RJ","http://www.lacumbuca.com/"
"lacumbuca-seu-jorge-pretinho-da-serrinha-djs-nelson-motta-rodrigo-penna-village-copa-do-mu","Seu Jorge / Pretinho da Serrinha / DJs Nelson Motta & Rodrigo Penna (Village - Copa do Mundo)","2026-06-05","20:00","2026-06-05T20:00:00-03:00","a partir de 100 meia","false","Jockey Club - Rua Jardim Botânico, 1003 - Jardim Botânico","Jardim Botânico","Rio de Janeiro","RJ","http://www.lacumbuca.com/"
"lacumbuca-walfredo-em-busca-da-simbiose-2026-06-05-20-00-audio-rebel-rua-visconde-silva-55","Walfredo em Busca da Simbiose","2026-06-05","20:00","2026-06-05T20:00:00-03:00","30 antecipado, 40 na hora","false","Audio Rebel - Rua Visconde Silva, 55 - Botafogo","Botafogo","Rio de Janeiro","RJ","http://www.lacumbuca.com/"
"lacumbuca-beto-saroldi-2026-06-05-20-00-blue-note-rio-avenida-atlantica-1910-copacabana","Beto Saroldi","2026-06-05","20:00","2026-06-05T20:00:00-03:00","a partir de 60 meia","false","Blue Note Rio - Avenida Atlântica, 1910 - Copacabana","Copacabana","Rio de Janeiro","RJ","http://www.lacumbuca.com/"
"lacumbuca-cancelado-telefunkers-cesar-ninne-2026-06-05-20-00-musicorum-rua-farani-18-botaf","CANCELADO: Telefunkers / César Ninne","2026-06-05","20:00","2026-06-05T20:00:00-03:00","30","false","Musicorum - Rua Farani, 18 - Botafogo","Botafogo","Rio de Janeiro","RJ","http://www.lacumbuca.com/"
"lacumbuca-esdras-bedai-mestra-nita-de-cotijuba-dj-letto-som-do-mangue-2026-06-06-12-00-alt","Esdras Bedai / Mestra Nita de Cotijuba / DJ Letto (Som do Mangue)","2026-06-06","12:00","2026-06-06T12:00:00-03:00","grátis","true","Altura da Praia da Glória - Aterro do Flamengo","Aterro do Flamengo","Rio de Janeiro","RJ","http://www.lacumbuca.com/"
"lacumbuca-todas-as-cores-pijama-eletrico-canela-de-velho-pagode-da-gigi-djs-2026-06-06-12-","Todas as Cores / Pijama Elétrico / Canela de Velho / Pagode da Gigi / DJs","2026-06-06","12:00","2026-06-06T12:00:00-03:00","grátis","true","Rua do Senado - Centro","Centro","Rio de Janeiro","RJ","http://www.lacumbuca.com/"
"lacumbuca-kombs-os-romeros-luannova-santo-insano-chucky-ramirez-os-traidores-do-movimento-","Kombs / Os Romeros / Luannova / Santo Insano / Chucky Ramirez & Os Traidores do Movimento","2026-06-06","16:00","2026-06-06T16:00:00-03:00","grátis","true","Empório Encantado - Praça Sargento Eudóxio Passos, 30 - Encantado","Encantado","Rio de Janeiro","RJ","http://www.lacumbuca.com/"
"lacumbuca-forro-da-taylor-samba-da-alvorada-arraial-do-cardosao-2026-06-06-16-00-quadra-do","Forró da Taylor / Samba da Alvorada (Arraial do Cardosão)","2026-06-06","16:00","2026-06-06T16:00:00-03:00","contribuição voluntária","false","Quadra do Cardosão - Rua Cardoso Júnior, 420 - Laranjeiras","Laranjeiras","Rio de Janeiro","RJ","http://www.lacumbuca.com/"
"lacumbuca-bnegao-canta-dorival-caymmi-2026-06-06-16-00-sesc-sao-joao-de-meriti-av-automove","BNegão Canta Dorival Caymmi","2026-06-06","16:00","2026-06-06T16:00:00-03:00","7,50 meia","false","SESC São João de Meriti - Av. Automóvel Clube, 66 - Centro - São João de Meriti","São João de Meriti","Rio de Janeiro","RJ","http://www.lacumbuca.com/"
"lacumbuca-diabo-de-saia-postvmo-cover-spellgarden-trachoma-helltrentch-woman-noise-fest-20","Diabo de Saia / Póstvmo / Cover / Spellgarden / Trachoma / Helltrentch (Woman Noise Fest)","2026-06-06","17:00","2026-06-06T17:00:00-03:00","15 1º lote, 20 2º lote, 35 3º lote","false","Garage Grindhouse - Rua Ceará, 154 - Praça da Bandeira","Praça da Bandeira","Rio de Janeiro","RJ","http://www.lacumbuca.com/"
"lacumbuca-cordao-do-prata-preta-arraia-dos-vizinhos-2026-06-06-17-00-museu-do-amanha-praca","Cordão do Prata Preta (Arraiá dos Vizinhos)","2026-06-06","17:00","2026-06-06T17:00:00-03:00","grátis","true","Museu do Amanhã - Praça Mauá, 1 - Centro","Centro","Rio de Janeiro","RJ","http://www.lacumbuca.com/"
"lacumbuca-kalunga-loop-2026-06-06-17-00-teatro-ruth-de-souza-parque-das-ruinas-rua-murtinh","Kalunga Loop","2026-06-06","17:00","2026-06-06T17:00:00-03:00","10 meia","false","Teatro Ruth de Souza - Parque das Ruínas - Rua Murtinho Nobre, 169 - Santa Teresa","Santa Teresa","Rio de Janeiro","RJ","http://www.lacumbuca.com/"
"lacumbuca-lauryn-hill-wyclef-jean-the-score-30-anos-participacao-yg-marley-zion-marley-lud","Lauryn Hill & Wyclef Jean: ""The Score"" - 30 Anos - Participação: YG Marley & Zion Marley / Ludmilla (Global Citizen Live)","2026-06-06","18:00","2026-06-06T18:00:00-03:00","grátis","true","Praia de Botafogo","","Rio de Janeiro","RJ","http://www.lacumbuca.com/"
"lacumbuca-festival-ritual-metalico-2026-06-06-18-00-arena-gilberto-gil-av-marechal-fontene","Festival Ritual Metálico:","2026-06-06","18:00","2026-06-06T18:00:00-03:00","","false","Arena Gilberto Gil - Av. Marechal Fontenelle, 5000 - Realengo","Realengo","Rio de Janeiro","RJ","http://www.lacumbuca.com/"
"lacumbuca-alcione-zeca-pagodinho-jorge-aragao-participacao-martinho-da-vila-2026-06-06-19-","Alcione & Zeca Pagodinho & Jorge Aragão - Participação: Martinho da Vila","2026-06-06","19:00","2026-06-06T19:00:00-03:00","a partir de 87,50 meia","false","Estádio do Maracanã","","Rio de Janeiro","RJ","http://www.lacumbuca.com/"
"lacumbuca-metal-jam-2026-06-06-20-00-circo-voador-lapa","Metal Jam","2026-06-06","20:00","2026-06-06T20:00:00-03:00","70 meia 1º lote","false","Circo Voador - Lapa","Lapa","Rio de Janeiro","RJ","http://www.lacumbuca.com/"
"lacumbuca-festival-raizes-que-tocam-2026-06-06-20-00-lona-hermeto-pascoal-praca-primeiro-d","Festival Raízes Que Tocam:","2026-06-06","20:00","2026-06-06T20:00:00-03:00","20 1º lote, 25 2º lote","false","Lona Hermeto Pascoal - Praça Primeiro de Maio, s/n - Bangu","Bangu","Rio de Janeiro","RJ","http://www.lacumbuca.com/"
"lacumbuca-helltrench-terrorstorm-goatlord-estado-de-excecao-regorge-2026-06-06-20-00-empor","Helltrench / Terrorstorm / Goatlord / Estado de Exceção / Regorge","2026-06-06","20:00","2026-06-06T20:00:00-03:00","contribuição voluntária","false","Empório Encantado - Praça Sargento Eudóxio Passos, 30 - Encantado","Encantado","Rio de Janeiro","RJ","http://www.lacumbuca.com/"
"lacumbuca-flautas-hermeticas-carlos-malta-andrea-ernest-dias-aline-goncalves-eduardo-neves","Flautas Herméticas (Carlos Malta, Andrea Ernest Dias, Aline Gonçalves, Eduardo Neves)","2026-06-06","20:00","2026-06-06T20:00:00-03:00","60 meia","false","Acaso Cultural - Rua Vicente de Sousa, 16 - Botafogo","Botafogo","Rio de Janeiro","RJ","http://www.lacumbuca.com/"
"lacumbuca-liz-rosa-leo-amuedo-2026-06-06-20-00-dolores-club-rua-do-lavradio-10-centro","Liz Rosa & Leo Amuedo","2026-06-06","20:00","2026-06-06T20:00:00-03:00","40 meia","false","Dolores Club - Rua do Lavradio, 10 - Centro","Centro","Rio de Janeiro","RJ","http://www.lacumbuca.com/"
"lacumbuca-tocaia-edmilson-dos-teclados-caio-vargas-trio-djs-arraial-do-lemo-2026-06-06-20-","Tocaia / Edmilson dos Teclados / Caio Vargas Trio / DJs (Arraial do Lemô)","2026-06-06","20:00","2026-06-06T20:00:00-03:00","50 meia 1º lote","false","Quadra da São Clemente - Avenida Presidente Vargas, 3102 - Cidade Nova","Cidade Nova","Rio de Janeiro","RJ","http://www.lacumbuca.com/"
"lacumbuca-camila-paredes-2026-06-06-20-00-teatro-cesgranrio-rua-santa-alexandrina-1011-rio","Camila Paredes","2026-06-06","20:00","2026-06-06T20:00:00-03:00","35 meia","false","Teatro Cesgranrio - Rua Santa Alexandrina, 1011 - Rio Comprido","Rio Comprido","Rio de Janeiro","RJ","http://www.lacumbuca.com/"
"lacumbuca-hydrah-estranho-eu-dois-infinitos-2026-06-06-20-00-diversa-rua-da-carioca-54-cen","Hydrah / Estranho Eu / Dois Infinitos","2026-06-06","20:00","2026-06-06T20:00:00-03:00","15 antecipado","false","Diversa - Rua da Carioca, 54 - Centro","Centro","Rio de Janeiro","RJ","http://www.lacumbuca.com/"
"lacumbuca-marcos-sacramento-ze-paulo-becker-2026-06-06-20-00-teatro-rival-rua-alvaro-alvim","Marcos Sacramento & Zé Paulo Becker","2026-06-06","20:00","2026-06-06T20:00:00-03:00","50 meia","false","Teatro Rival - Rua Álvaro Alvim, 33 - Cinelândia","Cinelândia","Rio de Janeiro","RJ","http://www.lacumbuca.com/"
"lacumbuca-lia-paris-2026-06-06-20-00-blue-note-rio-avenida-atlantica-1910-copacabana","Lia Paris","2026-06-06","20:00","2026-06-06T20:00:00-03:00","a partir de 60 meia","false","Blue Note Rio - Avenida Atlântica, 1910 - Copacabana","Copacabana","Rio de Janeiro","RJ","http://www.lacumbuca.com/"
"lacumbuca-blitz-2026-06-06-20-00-tijuca-tenis-clube-rua-conde-de-bonfim-451-tijuca","Blitz","2026-06-06","20:00","2026-06-06T20:00:00-03:00","INGRESSOS ESGOTADOS","false","Tijuca Tênis Clube - Rua Conde de Bonfim, 451 - Tijuca","Tijuca","Rio de Janeiro","RJ","http://www.lacumbuca.com/"
"lacumbuca-drogma-sorosoro-glote-2026-06-06-20-00-escritorio-rua-da-constituicao-64-centro","Drogma / Sorosoro / Glote","2026-06-06","20:00","2026-06-06T20:00:00-03:00","15 antecipado, 20 na hora","false","Escritório - Rua da Constituição, 64 - Centro","Centro","Rio de Janeiro","RJ","http://www.lacumbuca.com/"
"lacumbuca-chococorn-and-the-sugarcanes-ourico-2026-06-06-20-00-audio-rebel-rua-visconde-si","Chococorn and The Sugarcanes / ouriço","2026-06-06","20:00","2026-06-06T20:00:00-03:00","INGRESSOS ESGOTADOS","false","Audio Rebel - Rua Visconde Silva, 55 - Botafogo","Botafogo","Rio de Janeiro","RJ","http://www.lacumbuca.com/"
"lacumbuca-baila-jazz-crispy-rio-brass-band-meio-fio-2026-06-06-20-30-marina-rio-lounge-rua","Baila Jazz / Crispy Rio Brass Band / Meio Fio","2026-06-06","20:30","2026-06-06T20:30:00-03:00","20 1º lote, 30 2º lote","false","Marina Rio Lounge - Rua Jardel Jercolis, 50 - Glória","Glória","Rio de Janeiro","RJ","http://www.lacumbuca.com/"
"lacumbuca-tim-bernardes-2026-06-06-21-00-vivo-rio-av-infante-dom-henrique-85-parque-do-fla","Tim Bernardes","2026-06-06","21:00","2026-06-06T21:00:00-03:00","INGRESSOS ESGOTADOS","false","Vivo Rio - Av. Infante Dom Henrique, 85 - Parque do Flamengo","Parque do Flamengo","Rio de Janeiro","RJ","http://www.lacumbuca.com/"
"lacumbuca-anavitoria-2026-06-06-21-30-qualistage-via-parque-shopping-avenida-ayrton-senna-","Anavitória","2026-06-06","21:30","2026-06-06T21:30:00-03:00","a partir de 90 meia","false","Qualistage - Via Parque Shopping - Avenida Ayrton Senna, 3000 - Barra da Tijuca","Barra da Tijuca","Rio de Janeiro","RJ","http://www.lacumbuca.com/"
"lacumbuca-chococorn-and-the-sugarcanes-ourico-2026-06-06-22-30-audio-rebel-rua-visconde-si","Chococorn and The Sugarcanes / ouriço","2026-06-06","22:30","2026-06-06T22:30:00-03:00","30 promocional, 35 1º lote, 40 2º lote, 50 3º lote","false","Audio Rebel - Rua Visconde Silva, 55 - Botafogo","Botafogo","Rio de Janeiro","RJ","http://www.lacumbuca.com/"
"lacumbuca-hale-chicko-noise-black-out-rock-zine-fest-2026-06-07-14-00-arena-fernando-torre","Halé / Chicko Noise / Black Out (Rock Zine Fest)","2026-06-07","14:00","2026-06-07T14:00:00-03:00","10 1º lote, 20 2º lote, 30 na hora","false","Arena Fernando Torres - Rua Doutor Bernardino, s/n - Parque de Madureira","Parque de Madureira","Rio de Janeiro","RJ","http://www.lacumbuca.com/"
"lacumbuca-the-neon-desert-sangria-flesh-to-the-worms-resto-inverno-antropia-purgatory-limo","The Neon Desert / Sangria / Flesh To The Worms / Resto / Inverno / Antropia / Purgatory / Limo / DWO / Disola / Hydrah / Luannova / Epitáfone / Saldo Groove (Let´s Rock Fest)","2026-06-07","15:00","2026-06-07T15:00:00-03:00","grátis","true","Garage Grindhouse - Rua Ceará, 154 - Praça da Bandeira","Praça da Bandeira","Rio de Janeiro","RJ","http://www.lacumbuca.com/"
"lacumbuca-quarteto-urubatan-2026-06-07-16-00-eleninha-rua-pacheco-leao-780-horto","Quarteto Urubatan","2026-06-07","16:00","2026-06-07T16:00:00-03:00","","false","Eleninha - Rua Pacheco Leão, 780 - Horto","Horto","Rio de Janeiro","RJ","http://www.lacumbuca.com/"
"lacumbuca-jardim-saturno-caramelos-da-suburbia-dois-ou-dez-magujam-ever-rain-mauren-mcgee-","Jardim Saturno / Caramelos da Subúrbia / Dois ou Dez / Magujam / Ever Rain / Mauren McGee","2026-06-07","16:00","2026-06-07T16:00:00-03:00","35 2º lote","false","Macaco Caolho - Rua Capitão Salomão, 57 - Humaitá","Humaitá","Rio de Janeiro","RJ","http://www.lacumbuca.com/"
"lacumbuca-dona-penha-calopsita-paperhead-mokambo-radioativa-tadeu-callegari-2026-06-07-16-","Dona Penha / Calopsita / Paperhead / Mokambo / Radioativa / Tadeu Callegari","2026-06-07","16:00","2026-06-07T16:00:00-03:00","35 2º lote","false","Bulldog Rock Bar - Estrada do Pau-Ferro, 389 - Pechincha - Jacarepaguá","Jacarepaguá","Rio de Janeiro","RJ","http://www.lacumbuca.com/"
"lacumbuca-chococorn-and-the-sugarcanes-ourico-manchester-fluminense-2026-06-07-17-00-bar-d","Chococorn and The Sugarcanes / ouriço / Manchester Fluminense","2026-06-07","17:00","2026-06-07T17:00:00-03:00","30 1º lote, 40 2º lote, 50 3º lote","false","Bar da Gentalha - Rua General Osório, 11 - São Domingos - Niterói","Niterói","Rio de Janeiro","RJ","http://www.lacumbuca.com/"
"lacumbuca-kalunga-loop-2026-06-07-17-00-teatro-ruth-de-souza-parque-das-ruinas-rua-murtinh","Kalunga Loop","2026-06-07","17:00","2026-06-07T17:00:00-03:00","10 meia","false","Teatro Ruth de Souza - Parque das Ruínas - Rua Murtinho Nobre, 169 - Santa Teresa","Santa Teresa","Rio de Janeiro","RJ","http://www.lacumbuca.com/"
"lacumbuca-terreiro-de-crioulo-2026-06-07-18-00-sesc-niteroi-rua-padre-anchieta-56-sao-domi","Terreiro de Crioulo","2026-06-07","18:00","2026-06-07T18:00:00-03:00","grátis","true","SESC Niterói - Rua Padre Anchieta, 56 - São Domingos - Niterói","Niterói","Rio de Janeiro","RJ","http://www.lacumbuca.com/"
"lacumbuca-quem-e-voce-alice-quedalivre-kassel-2026-06-07-18-00-vizinha-123-rua-henrique-de","Quem é Você, Alice? / quedalivre / Kassel","2026-06-07","18:00","2026-06-07T18:00:00-03:00","35 3º lote","false","Vizinha 123 - Rua Henrique de Novaes, 123 - Botafogo","Botafogo","Rio de Janeiro","RJ","http://www.lacumbuca.com/"
"lacumbuca-biah-clarisse-freitas-teresa-tarrago-bel-cortez-2026-06-07-18-30-teatro-gaylussa","Biah / Clarisse Freitas / Teresa Tarragó / Bel Cortez","2026-06-07","18:30","2026-06-07T18:30:00-03:00","30 meia","false","Teatro GayLussac - Rua Coronel João Brandão, 87 - São Francisco - Niterói","Niterói","Rio de Janeiro","RJ","http://www.lacumbuca.com/"
"lacumbuca-dulce-quental-2026-06-07-19-00-dolores-club-rua-do-lavradio-10-centro","Dulce Quental","2026-06-07","19:00","2026-06-07T19:00:00-03:00","50 meia","false","Dolores Club - Rua do Lavradio, 10 - Centro","Centro","Rio de Janeiro","RJ","http://www.lacumbuca.com/"
"lacumbuca-tim-bernardes-2026-06-07-20-00-vivo-rio-av-infante-dom-henrique-85-parque-do-fla","Tim Bernardes","2026-06-07","20:00","2026-06-07T20:00:00-03:00","INGRESSOS ESGOTADOS","false","Vivo Rio - Av. Infante Dom Henrique, 85 - Parque do Flamengo","Parque do Flamengo","Rio de Janeiro","RJ","http://www.lacumbuca.com/"
"lacumbuca-norte-cartel-malvina-fardo-baca-fest-2026-06-07-20-00-audio-rebel-rua-visconde-s","Norte Cartel / Malvina / Fardo (Baca Fest)","2026-06-07","20:00","2026-06-07T20:00:00-03:00","30 antecipado, 40 na hora","false","Audio Rebel - Rua Visconde Silva, 55 - Botafogo","Botafogo","Rio de Janeiro","RJ","http://www.lacumbuca.com/"
"lacumbuca-os-paralamas-do-sucesso-joao-fera-homenagem-e-titulo-de-doutor-honoris-causa-202","Os Paralamas do Sucesso & João Fera: Homenagem e Título de Doutor Honoris Causa","2026-06-09","14:00","2026-06-09T14:00:00-03:00","grátis","true","UFRRJ - Auditório Gustavo Dutra (Pavilhão Central / P1) - Zona Rural - BR-465 - Km 7 - Seropédica","Seropédica","Rio de Janeiro","RJ","http://www.lacumbuca.com/"
"lacumbuca-orquestra-carioca-de-flautas-2026-06-09-19-00-imperator-rua-dias-da-cruz-170-mei","Orquestra Carioca de Flautas","2026-06-09","19:00","2026-06-09T19:00:00-03:00","2,50 meia","false","Imperator - Rua Dias da Cruz, 170 - Méier","Méier","Rio de Janeiro","RJ","http://www.lacumbuca.com/"
"lacumbuca-boogarins-2026-06-09-19-00-sesc-tijuca-r-barao-de-mesquita-539-tijuca","Boogarins","2026-06-09","19:00","2026-06-09T19:00:00-03:00","7,50 meia","false","SESC Tijuca - R. Barão de Mesquita, 539 - Tijuca","Tijuca","Rio de Janeiro","RJ","http://www.lacumbuca.com/"
"lacumbuca-ale-2026-06-09-20-00-audio-rebel-rua-visconde-silva-55-botafogo","Alê","2026-06-09","20:00","2026-06-09T20:00:00-03:00","25 antecipado","false","Audio Rebel - Rua Visconde Silva, 55 - Botafogo","Botafogo","Rio de Janeiro","RJ","http://www.lacumbuca.com/"
"lacumbuca-cristina-clara-2026-06-09-20-00-manouche-jockey-club-rua-jardim-botanico-983-jar","Cristina Clara","2026-06-09","20:00","2026-06-09T20:00:00-03:00","80 meia","false","Manouche - Jockey Club - Rua Jardim Botânico, 983 - Jardim Botânico","Jardim Botânico","Rio de Janeiro","RJ","http://www.lacumbuca.com/"
"lacumbuca-mark-lettieri-group-2026-06-09-20-00-blue-note-rio-avenida-atlantica-1910-copaca","Mark Lettieri Group","2026-06-09","20:00","2026-06-09T20:00:00-03:00","a partir de 70 meia","false","Blue Note Rio - Avenida Atlântica, 1910 - Copacabana","Copacabana","Rio de Janeiro","RJ","http://www.lacumbuca.com/"
"lacumbuca-joyce-passarinho-urbano-50-anos-2026-06-09-20-00-teatro-ipanema-rua-prudente-de-","Joyce: ""Passarinho Urbano"" - 50 Anos","2026-06-09","20:00","2026-06-09T20:00:00-03:00","50 meia","false","Teatro Ipanema - Rua Prudente de Morais, 824 - Ipanema","Ipanema","Rio de Janeiro","RJ","http://www.lacumbuca.com/"
"lacumbuca-mr-dan-mc-luanna-djs-yolo-love-party-africanize-2026-06-09-21-00-quadra-da-sao-c","Mr. Dan / MC Luanna / DJs (Yolo Love Party & Africanize)","2026-06-09","21:00","2026-06-09T21:00:00-03:00","a partir de 50","false","Quadra da São Clemente - Avenida Presidente Vargas, 3102 - Cidade Nova","Cidade Nova","Rio de Janeiro","RJ","http://www.lacumbuca.com/"
"lacumbuca-mark-lettieri-group-2026-06-09-22-30-blue-note-rio-avenida-atlantica-1910-copaca","Mark Lettieri Group","2026-06-09","22:30","2026-06-09T22:30:00-03:00","a partir de 70 meia","false","Blue Note Rio - Avenida Atlântica, 1910 - Copacabana","Copacabana","Rio de Janeiro","RJ","http://www.lacumbuca.com/"
"lacumbuca-veronica-ferriani-2026-06-10-19-00-centro-de-referencia-da-musica-carioca-rua-co","Verônica Ferriani","2026-06-10","19:00","2026-06-10T19:00:00-03:00","30 meia","false","Centro de Referência da Música Carioca - Rua Conde de Bonfim, 824 - Tijuca","Tijuca","Rio de Janeiro","RJ","http://www.lacumbuca.com/"
"lacumbuca-batucada-tamarindo-2026-06-10-19-00-sesc-tijuca-r-barao-de-mesquita-539-tijuca","Batucada Tamarindo","2026-06-10","19:00","2026-06-10T19:00:00-03:00","7,50 meia","false","SESC Tijuca - R. Barão de Mesquita, 539 - Tijuca","Tijuca","Rio de Janeiro","RJ","http://www.lacumbuca.com/"
"lacumbuca-arthur-martins-2026-06-10-20-00-audio-rebel-rua-visconde-silva-55-botafogo","Arthur Martins","2026-06-10","20:00","2026-06-10T20:00:00-03:00","30 antecipado, 40 na hora","false","Audio Rebel - Rua Visconde Silva, 55 - Botafogo","Botafogo","Rio de Janeiro","RJ","http://www.lacumbuca.com/"
"lacumbuca-tori-quintas-no-bndes-2026-06-11-19-00-bndes-av-republica-do-chile-100-centro","Tori (Quintas no BNDES)","2026-06-11","19:00","2026-06-11T19:00:00-03:00","grátis","true","BNDES - Av. República do Chile, 100 - Centro","Centro","Rio de Janeiro","RJ","http://www.lacumbuca.com/"
"lacumbuca-wanda-sa-2026-06-11-19-00-dolores-club-rua-do-lavradio-10-centro","Wanda Sá","2026-06-11","19:00","2026-06-11T19:00:00-03:00","50 meia","false","Dolores Club - Rua do Lavradio, 10 - Centro","Centro","Rio de Janeiro","RJ","http://www.lacumbuca.com/"
"lacumbuca-gilson-peranzzetta-2026-06-11-19-00-centro-de-referencia-da-musica-carioca-rua-c","Gilson Peranzzetta","2026-06-11","19:00","2026-06-11T19:00:00-03:00","25 meia","false","Centro de Referência da Música Carioca - Rua Conde de Bonfim, 824 - Tijuca","Tijuca","Rio de Janeiro","RJ","http://www.lacumbuca.com/"
"lacumbuca-deya-mota-2026-06-11-19-00-espaco-sergio-porto-rua-humaita-163-humaita","Deya Mota","2026-06-11","19:00","2026-06-11T19:00:00-03:00","25 meia","false","Espaço Sérgio Porto - Rua Humaitá, 163 - Humaitá","Humaitá","Rio de Janeiro","RJ","http://www.lacumbuca.com/"
"lacumbuca-mulheres-de-chico-2026-06-11-19-30-teatro-rival-rua-alvaro-alvim-33-cinelandia","Mulheres de Chico","2026-06-11","19:30","2026-06-11T19:30:00-03:00","70 meia setor A, 60 meia setor B","false","Teatro Rival - Rua Álvaro Alvim, 33 - Cinelândia","Cinelândia","Rio de Janeiro","RJ","http://www.lacumbuca.com/"
"lacumbuca-ze-ibarra-gravacao-do-dvd-2026-06-11-20-00-teatro-carlos-gomes-praca-tiradentes","Zé Ibarra: Gravação do DVD","2026-06-11","20:00","2026-06-11T20:00:00-03:00","80 meia","false","Teatro Carlos Gomes - Praça Tiradentes","Praça Tiradentes","Rio de Janeiro","RJ","http://www.lacumbuca.com/"
"lacumbuca-carol-saboya-2026-06-11-20-00-blue-note-rio-avenida-atlantica-1910-copacabana","Carol Saboya","2026-06-11","20:00","2026-06-11T20:00:00-03:00","a partir de 60 meia","false","Blue Note Rio - Avenida Atlântica, 1910 - Copacabana","Copacabana","Rio de Janeiro","RJ","http://www.lacumbuca.com/"
"lacumbuca-natalia-lebeis-lauiz-2026-06-11-20-00-audio-rebel-rua-visconde-silva-55-botafogo","Natália Lebeis / Lauiz","2026-06-11","20:00","2026-06-11T20:00:00-03:00","25 antecipado, 35 na hora","false","Audio Rebel - Rua Visconde Silva, 55 - Botafogo","Botafogo","Rio de Janeiro","RJ","http://www.lacumbuca.com/"
"lacumbuca-x-in-accent-2026-06-11-22-00-rock-experience-club-rua-do-riachuelo-20-lapa","X in Accent","2026-06-11","22:00","2026-06-11T22:00:00-03:00","30 meia","false","Rock Experience Club - Rua do Riachuelo, 20 - Lapa","Lapa","Rio de Janeiro","RJ","http://www.lacumbuca.com/"
"lacumbuca-tali-2026-06-11-22-30-blue-note-rio-avenida-atlantica-1910-copacabana","Tali","2026-06-11","22:30","2026-06-11T22:30:00-03:00","a partir de 60 meia","false","Blue Note Rio - Avenida Atlântica, 1910 - Copacabana","Copacabana","Rio de Janeiro","RJ","http://www.lacumbuca.com/"
"lacumbuca-show-dia-dos-namorados-2026-06-12-17-00-ccbb-rua-primeiro-de-marco-66-centro","Show Dia dos Namorados:","2026-06-12","17:00","2026-06-12T17:00:00-03:00","grátis","true","CCBB - Rua Primeiro de Março, 66 - Centro","Centro","Rio de Janeiro","RJ","http://www.lacumbuca.com/"
"lacumbuca-conterraneos-2026-06-12-17-00-sesc-sao-joao-de-meriti-av-automovel-clube-66-cent","Conterrâneos","2026-06-12","17:00","2026-06-12T17:00:00-03:00","5 meia","false","SESC São João de Meriti - Av. Automóvel Clube, 66 - Centro - São João de Meriti","São João de Meriti","Rio de Janeiro","RJ","http://www.lacumbuca.com/"
"lacumbuca-selvagens-a-procura-de-lei-2026-06-12-19-00-galpao-ladeira-das-artes-rua-conselh","Selvagens à Procura de Lei","2026-06-12","19:00","2026-06-12T19:00:00-03:00","50 meia 1º lote","false","Galpão Ladeira das Artes - Rua Conselheiro Lampreia 225 - Cosme Velho","Cosme Velho","Rio de Janeiro","RJ","http://www.lacumbuca.com/"
"lacumbuca-cristovao-bastos-rogerio-caetano-sextas-instrumentais-2026-06-12-19-00-bndes-av-","Cristóvão Bastos & Rogério Caetano (Sextas Instrumentais)","2026-06-12","19:00","2026-06-12T19:00:00-03:00","grátis","true","BNDES - Av. República do Chile, 100 - Centro","Centro","Rio de Janeiro","RJ","http://www.lacumbuca.com/"
"lacumbuca-kena-jazz-quarteto-2026-06-12-19-00-casa-264-rua-general-andrade-neves-264-sao-d","Kena Jazz Quarteto","2026-06-12","19:00","2026-06-12T19:00:00-03:00","20 1º lote, 30 2º lote","false","Casa 264 - Rua General Andrade Neves, 264 - São Domingos - Niterói","Niterói","Rio de Janeiro","RJ","http://www.lacumbuca.com/"
"lacumbuca-luisa-sonza-pabllo-vittar-village-copa-do-mundo-2026-06-12-20-00-jockey-club-rua","Luísa Sonza / Pabllo Vittar (Village - Copa do Mundo)","2026-06-12","20:00","2026-06-12T20:00:00-03:00","a partir de 95 meia","false","Jockey Club - Rua Jardim Botânico, 1003 - Jardim Botânico","Jardim Botânico","Rio de Janeiro","RJ","http://www.lacumbuca.com/"
"lacumbuca-roda-de-santa-rita-2026-06-12-20-00-acaso-cultural-rua-vicente-de-sousa-16-botaf","Roda de Santa Rita","2026-06-12","20:00","2026-06-12T20:00:00-03:00","40 meia 1º lote","false","Acaso Cultural - Rua Vicente de Sousa, 16 - Botafogo","Botafogo","Rio de Janeiro","RJ","http://www.lacumbuca.com/"
"lacumbuca-rogerio-skylab-joao-gordo-brutal-brega-cytoteka-2026-06-12-20-00-circo-voador-la","Rogério Skylab / João Gordo: ""Brutal Brega"" / Cytoteka","2026-06-12","20:00","2026-06-12T20:00:00-03:00","70 meia 1º lote","false","Circo Voador - Lapa","Lapa","Rio de Janeiro","RJ","http://www.lacumbuca.com/"
"lacumbuca-leoni-milton-guedes-2026-06-12-20-00-ribalta-avenida-das-americas-9650-barra-da-","Leoni / Milton Guedes","2026-06-12","20:00","2026-06-12T20:00:00-03:00","a partir de 120","false","Ribalta - Avenida das Américas, 9650 - Barra da Tijuca","Barra da Tijuca","Rio de Janeiro","RJ","http://www.lacumbuca.com/"
"lacumbuca-hiran-2026-06-12-20-00-teatro-do-jockey-jockey-club-brasileiro-avenida-bartolome","Hiran","2026-06-12","20:00","2026-06-12T20:00:00-03:00","50 meia","false","Teatro do Jockey - Jockey Club Brasileiro - Avenida Bartolomeu Mitre, 1110 – Leblon","Avenida Bartolomeu Mitre, 1110 – Leblon","Rio de Janeiro","RJ","http://www.lacumbuca.com/"
"lacumbuca-tacy-2026-06-12-20-00-teatro-brigitte-blair-rua-miguel-lemos-51-copacabana","Tacy","2026-06-12","20:00","2026-06-12T20:00:00-03:00","60 meia","false","Teatro Brigitte Blair - Rua Miguel Lemos, 51 - Copacabana","Copacabana","Rio de Janeiro","RJ","http://www.lacumbuca.com/"
"lacumbuca-indiana-nomma-2026-06-12-20-00-blue-note-rio-avenida-atlantica-1910-copacabana","Indiana Nomma","2026-06-12","20:00","2026-06-12T20:00:00-03:00","a partir de 60 meia","false","Blue Note Rio - Avenida Atlântica, 1910 - Copacabana","Copacabana","Rio de Janeiro","RJ","http://www.lacumbuca.com/"
"lacumbuca-sergio-krakowski-bernardo-ramos-participacao-marcelo-galter-bruno-aguilar-2026-0","Sergio Krakowski & Bernardo Ramos - Participação: Marcelo Galter & Bruno Aguilar","2026-06-12","20:00","2026-06-12T20:00:00-03:00","35","false","Recipiente Porongo - Rua Pinheiro Guimarães, 34 - Botafogo","Botafogo","Rio de Janeiro","RJ","http://www.lacumbuca.com/"
"lacumbuca-kid-abelha-2026-06-12-21-00-rio-arena-av-embaixador-abelardo-bueno-3401-barra-da","Kid Abelha","2026-06-12","21:00","2026-06-12T21:00:00-03:00","a partir de 145 meia","false","Rio Arena - Av. Embaixador Abelardo Bueno, 3401 - Barra da Tijuca","Barra da Tijuca","Rio de Janeiro","RJ","http://www.lacumbuca.com/"
"lacumbuca-tespra-lis-mc-maui-djs-2026-06-12-21-00-mauacba-skate-coffee-praca-xv-n-2-loja-b","Tespra / Lis MC / Maui / DJs","2026-06-12","21:00","2026-06-12T21:00:00-03:00","15 1º lote, 20 2º lote","false","Mauacba Skate Coffee - Praça XV, nº 2 loja B1 (antigo Bob´s) - Centro","Centro","Rio de Janeiro","RJ","http://www.lacumbuca.com/"
"lacumbuca-ifatoki-maira-freitas-jazz-das-minas-2026-06-12-21-00-manouche-jockey-club-rua-j","Ifatoki (Maíra Freitas) & Jazz das Minas","2026-06-12","21:00","2026-06-12T21:00:00-03:00","60 meia","false","Manouche - Jockey Club - Rua Jardim Botânico, 983 - Jardim Botânico","Jardim Botânico","Rio de Janeiro","RJ","http://www.lacumbuca.com/"
"lacumbuca-chico-chico-participacao-ana-frango-eletrico-anelis-assumpcao-maria-bethania-202","Chico Chico - Participação: Ana Frango Elétrico & Anelis Assumpção & Maria Bethânia","2026-06-12","21:30","2026-06-12T21:30:00-03:00","a partir de 45 meia","false","Qualistage - Via Parque Shopping - Avenida Ayrton Senna, 3000 - Barra da Tijuca","Barra da Tijuca","Rio de Janeiro","RJ","http://www.lacumbuca.com/"
"lacumbuca-bloco-nao-monogamia-gostoso-demais-dia-dos-namorados-2026-06-12-22-00-gafieira-e","Bloco Não Monogamia Gostoso Demais: Dia dos Namorados","2026-06-12","22:00","2026-06-12T22:00:00-03:00","15 1º lote","false","Gafieira Elite - Rua Frei Caneca, 4 - Centro","Centro","Rio de Janeiro","RJ","http://www.lacumbuca.com/"
"lacumbuca-danni-carlos-2026-06-12-22-30-blue-note-rio-avenida-atlantica-1910-copacabana","Danni Carlos","2026-06-12","22:30","2026-06-12T22:30:00-03:00","a partir de 70 meia","false","Blue Note Rio - Avenida Atlântica, 1910 - Copacabana","Copacabana","Rio de Janeiro","RJ","http://www.lacumbuca.com/"
"lacumbuca-brasil-x-marrocos-arena-cardosao-sinfonica-ambulante-sambotica-djs-2026-06-13-14","Brasil x Marrocos - Arena Cardosão: Sinfônica Ambulante / Sambótica / DJs","2026-06-13","14:00","2026-06-13T14:00:00-03:00","contribuição voluntária","false","Quadra do Cardosão - Rua Cardoso Júnior, 420 - Laranjeiras","Laranjeiras","Rio de Janeiro","RJ","http://www.lacumbuca.com/"
"lacumbuca-brasil-x-marrocos-arena-senado-roda-de-santa-pagode-da-garagem-samba-de-ponta-ba","Brasil x Marrocos - Arena Senado: Roda de Santa / Pagode da Garagem / Samba de Ponta / Balança a Barca","2026-06-13","15:00","2026-06-13T15:00:00-03:00","grátis","true","Rua do Senado - Centro","Centro","Rio de Janeiro","RJ","http://www.lacumbuca.com/"
"lacumbuca-glote-funerea-fake-honey-2026-06-13-15-00-vizinha-123-rua-henrique-de-novaes-123","Glote / Funérea / Fake Honey","2026-06-13","15:00","2026-06-13T15:00:00-03:00","28 1º lote","false","Vizinha 123 - Rua Henrique de Novaes, 123 - Botafogo","Botafogo","Rio de Janeiro","RJ","http://www.lacumbuca.com/"
"lacumbuca-abronca-djs-2026-06-13-17-00-mauacba-skate-coffee-praca-xv-n-2-loja-b1-antigo-bo","ABRONCA / DJs","2026-06-13","17:00","2026-06-13T17:00:00-03:00","grátis antecipado, 20 1º lote","true","Mauacba Skate Coffee - Praça XV, nº 2 loja B1 (antigo Bob´s) - Centro","Centro","Rio de Janeiro","RJ","http://www.lacumbuca.com/"
"lacumbuca-kalunga-loop-2026-06-13-17-00-teatro-ruth-de-souza-parque-das-ruinas-rua-murtinh","Kalunga Loop","2026-06-13","17:00","2026-06-13T17:00:00-03:00","10 meia","false","Teatro Ruth de Souza - Parque das Ruínas - Rua Murtinho Nobre, 169 - Santa Teresa","Santa Teresa","Rio de Janeiro","RJ","http://www.lacumbuca.com/"
"lacumbuca-festival-necropsia-2026-06-13-17-30-casa-afro-rio-rua-acre-96-centro","Festival Necrópsia:","2026-06-13","17:30","2026-06-13T17:30:00-03:00","20 antecipado","false","Casa Afro Rio - Rua Acre, 96 - Centro","Centro","Rio de Janeiro","RJ","http://www.lacumbuca.com/"
"lacumbuca-terreiro-de-crioulo-2026-06-13-18-00-sesc-nova-iguacu-rua-dom-adriano-hipolito-1","Terreiro de Crioulo","2026-06-13","18:00","2026-06-13T18:00:00-03:00","grátis","true","SESC Nova Iguaçu - Rua Dom Adriano Hipólito, 10 - Moquetá - Nova Iguaçu","Nova Iguaçu","Rio de Janeiro","RJ","http://www.lacumbuca.com/"
"lacumbuca-golearte-brasil-x-marrocos-bloco-marimbondo-nao-respeita-digital-mandinga-dj-len","Golearte - Brasil x Marrocos: Bloco Marimbondo Não Respeita / Digital Mandinga / DJ Lencinho","2026-06-13","18:00","2026-06-13T18:00:00-03:00","grátis","true","Circo Voador - Lapa","Lapa","Rio de Janeiro","RJ","http://www.lacumbuca.com/"
"lacumbuca-crapula-versen-paranoid-kids-2026-06-13-20-00-o-pecado-mora-ao-lado-rua-hilario-","Crápula / Versen / Paranoid Kids","2026-06-13","20:00","2026-06-13T20:00:00-03:00","10 antecipado, 20 na hora","false","O Pecado Mora Ao Lado - Rua Hilário Ribeiro, 196 - Praça da Bandeira","Praça da Bandeira","Rio de Janeiro","RJ","http://www.lacumbuca.com/"
"lacumbuca-gangrena-gasosa-hatefulmurder-facing-fear-2026-06-13-21-00-heavy-beer-bar-rua-ce","Gangrena Gasosa / Hatefulmurder / Facing Fear","2026-06-13","21:00","2026-06-13T21:00:00-03:00","40 2º lote","false","Heavy Beer Bar - Rua Ceará, 104 - Praça da Bandeira","Praça da Bandeira","Rio de Janeiro","RJ","http://www.lacumbuca.com/"
"lacumbuca-azymuth-2026-06-13-22-30-blue-note-rio-avenida-atlantica-1910-copacabana","Azymuth","2026-06-13","22:30","2026-06-13T22:30:00-03:00","a partir de 60 meia","false","Blue Note Rio - Avenida Atlântica, 1910 - Copacabana","Copacabana","Rio de Janeiro","RJ","http://www.lacumbuca.com/"
"lacumbuca-festival-cultura-sabores-na-praca-2026-06-14-11-00-praca-valdir-vieira-estrada-d","Festival Cultura & Sabores na Praça:","2026-06-14","11:00","2026-06-14T11:00:00-03:00","grátis","true","Praça Valdir Vieira - Estrada do Cafundá, 3511 - Taquara","Taquara","Rio de Janeiro","RJ","http://www.lacumbuca.com/"
"lacumbuca-blue-ananse-2026-06-14-15-00-axo-arte-rua-silvino-montenegro-48-gamboa","Blue Ananse","2026-06-14","15:00","2026-06-14T15:00:00-03:00","","false","Axô Arte - Rua Silvino Montenegro, 48 - Gamboa","Gamboa","Rio de Janeiro","RJ","http://www.lacumbuca.com/"
"lacumbuca-roda-dos-suburbanistas-participacao-gabrielzinho-do-iraja-2026-06-14-15-00-sesc-","Roda dos Suburbanistas - Participação: Gabrielzinho do Irajá","2026-06-14","15:00","2026-06-14T15:00:00-03:00","5 meia","false","SESC Tijuca - R. Barão de Mesquita, 539 - Tijuca","Tijuca","Rio de Janeiro","RJ","http://www.lacumbuca.com/"
"lacumbuca-jupiter-strike-hollywood-original-baudolino-vante-br-101-abrahones-tay-2026-06-1","Jupiter Strike / Hollywood Original / Baudolino / Vante! / BR 101 / Abrahones / Tay","2026-06-14","16:00","2026-06-14T16:00:00-03:00","35 2º lote","false","Rock Experience Club - Rua do Riachuelo, 20 - Lapa","Lapa","Rio de Janeiro","RJ","http://www.lacumbuca.com/"
"lacumbuca-kalunga-loop-2026-06-14-17-00-teatro-ruth-de-souza-parque-das-ruinas-rua-murtinh","Kalunga Loop","2026-06-14","17:00","2026-06-14T17:00:00-03:00","10 meia","false","Teatro Ruth de Souza - Parque das Ruínas - Rua Murtinho Nobre, 169 - Santa Teresa","Santa Teresa","Rio de Janeiro","RJ","http://www.lacumbuca.com/"
"lacumbuca-azymuth-2026-06-14-19-00-blue-note-rio-avenida-atlantica-1910-copacabana","Azymuth","2026-06-14","19:00","2026-06-14T19:00:00-03:00","a partir de 60 meia","false","Blue Note Rio - Avenida Atlântica, 1910 - Copacabana","Copacabana","Rio de Janeiro","RJ","http://www.lacumbuca.com/"
"lacumbuca-delacruz-2026-06-14-20-00-vivo-rio-av-infante-dom-henrique-85-parque-do-flamengo","Delacruz","2026-06-14","20:00","2026-06-14T20:00:00-03:00","a partir de 95 meia","false","Vivo Rio - Av. Infante Dom Henrique, 85 - Parque do Flamengo","Parque do Flamengo","Rio de Janeiro","RJ","http://www.lacumbuca.com/"
"lacumbuca-antonia-medeiros-tici-2026-06-14-20-00-dolores-club-rua-do-lavradio-10-centro","Antonia Medeiros & Tici","2026-06-14","20:00","2026-06-14T20:00:00-03:00","60 meia","false","Dolores Club - Rua do Lavradio, 10 - Centro","Centro","Rio de Janeiro","RJ","http://www.lacumbuca.com/"
"lacumbuca-fernando-cappi-2026-06-14-20-00-audio-rebel-rua-visconde-silva-55-botafogo","Fernando Cappi","2026-06-14","20:00","2026-06-14T20:00:00-03:00","30 antecipado, 40 na hora","false","Audio Rebel - Rua Visconde Silva, 55 - Botafogo","Botafogo","Rio de Janeiro","RJ","http://www.lacumbuca.com/"
"lacumbuca-ntx-2026-06-15-18-30-teatro-fashion-mall-shopping-fashion-mall-estrada-da-gavea-","NTX","2026-06-15","18:30","2026-06-15T18:30:00-03:00","150 meia","false","Teatro Fashion Mall - Shopping Fashion Mall - Estrada da Gávea, 899 - São Conrado","São Conrado","Rio de Janeiro","RJ","http://www.lacumbuca.com/"
"lacumbuca-biab-2026-06-16-19-00-sesc-tijuca-r-barao-de-mesquita-539-tijuca","Biab","2026-06-16","19:00","2026-06-16T19:00:00-03:00","7,50 meia","false","SESC Tijuca - R. Barão de Mesquita, 539 - Tijuca","Tijuca","Rio de Janeiro","RJ","http://www.lacumbuca.com/"
"lacumbuca-dj-ze-pedro-convida-joanna-2026-06-16-20-00-blue-note-rio-avenida-atlantica-1910","DJ Zé Pedro Convida Joanna","2026-06-16","20:00","2026-06-16T20:00:00-03:00","a partir de 60 meia","false","Blue Note Rio - Avenida Atlântica, 1910 - Copacabana","Copacabana","Rio de Janeiro","RJ","http://www.lacumbuca.com/"
"lacumbuca-kleiton-kledir-2026-06-16-20-00-teatro-ipanema-rua-prudente-de-morais-824-ipanem","Kleiton & Kledir","2026-06-16","20:00","2026-06-16T20:00:00-03:00","50 meia","false","Teatro Ipanema - Rua Prudente de Morais, 824 - Ipanema","Ipanema","Rio de Janeiro","RJ","http://www.lacumbuca.com/"
"lacumbuca-liturgy-2026-06-17-20-00-audio-rebel-rua-visconde-silva-55-botafogo","Liturgy","2026-06-17","20:00","2026-06-17T20:00:00-03:00","45 antecipado","false","Audio Rebel - Rua Visconde Silva, 55 - Botafogo","Botafogo","Rio de Janeiro","RJ","http://www.lacumbuca.com/"
"lacumbuca-pedro-miranda-forro-da-gavea-2026-06-17-21-00-manouche-jockey-club-rua-jardim-bo","Pedro Miranda & Forró da Gávea","2026-06-17","21:00","2026-06-17T21:00:00-03:00","60 meia","false","Manouche - Jockey Club - Rua Jardim Botânico, 983 - Jardim Botânico","Jardim Botânico","Rio de Janeiro","RJ","http://www.lacumbuca.com/"
"lacumbuca-priscilla-frade-2026-06-18-18-00-sesc-tijuca-r-barao-de-mesquita-539-tijuca","Priscilla Frade","2026-06-18","18:00","2026-06-18T18:00:00-03:00","5 meia","false","SESC Tijuca - R. Barão de Mesquita, 539 - Tijuca","Tijuca","Rio de Janeiro","RJ","http://www.lacumbuca.com/"
"lacumbuca-lula-queiroga-quintas-no-bndes-2026-06-18-19-00-bndes-av-republica-do-chile-100-","Lula Queiroga (Quintas no BNDES)","2026-06-18","19:00","2026-06-18T19:00:00-03:00","grátis","true","BNDES - Av. República do Chile, 100 - Centro","Centro","Rio de Janeiro","RJ","http://www.lacumbuca.com/"
"lacumbuca-mauricio-einhorn-2026-06-18-19-00-centro-de-referencia-da-musica-carioca-rua-con","Maurício Einhorn","2026-06-18","19:00","2026-06-18T19:00:00-03:00","20 meia","false","Centro de Referência da Música Carioca - Rua Conde de Bonfim, 824 - Tijuca","Tijuca","Rio de Janeiro","RJ","http://www.lacumbuca.com/"
"lacumbuca-aturia-carimbo-2026-06-18-19-00-sesc-ramos-rua-teixeira-franco-38-ramos","Aturiá Carimbó","2026-06-18","19:00","2026-06-18T19:00:00-03:00","7,50 meia","false","SESC Ramos - Rua Teixeira Franco, 38 - Ramos","Ramos","Rio de Janeiro","RJ","http://www.lacumbuca.com/"
"lacumbuca-aurea-martins-cristovao-bastos-2026-06-18-19-30-teatro-rival-rua-alvaro-alvim-33","Áurea Martins & Cristóvão Bastos","2026-06-18","19:30","2026-06-18T19:30:00-03:00","70 meia setor A, 60 meia setor B","false","Teatro Rival - Rua Álvaro Alvim, 33 - Cinelândia","Cinelândia","Rio de Janeiro","RJ","http://www.lacumbuca.com/"
"lacumbuca-ana-spalter-carol-maia-2026-06-18-20-00-audio-rebel-rua-visconde-silva-55-botafo","Ana Spalter & Carol Maia","2026-06-18","20:00","2026-06-18T20:00:00-03:00","30 antecipado, 40 na hora","false","Audio Rebel - Rua Visconde Silva, 55 - Botafogo","Botafogo","Rio de Janeiro","RJ","http://www.lacumbuca.com/"
"lacumbuca-davi-moraes-2026-06-18-21-00-manouche-jockey-club-rua-jardim-botanico-983-jardim","Davi Moraes","2026-06-18","21:00","2026-06-18T21:00:00-03:00","80 meia","false","Manouche - Jockey Club - Rua Jardim Botânico, 983 - Jardim Botânico","Jardim Botânico","Rio de Janeiro","RJ","http://www.lacumbuca.com/"
"lacumbuca-brasil-x-haiti-arena-senado-casa-de-marimbondo-roda-me-encontra-la-samba-da-alvo","Brasil x Haiti - Arena Senado: Casa de Marimbondo / Roda Me Encontra, Lá / Samba da Alvorada / Bloco Traz a Caçamba","2026-06-19","14:00","2026-06-19T14:00:00-03:00","grátis","true","Rua do Senado - Centro","Centro","Rio de Janeiro","RJ","http://www.lacumbuca.com/"
"lacumbuca-ludmilla-village-copa-do-mundo-2026-06-19-16-00-jockey-club-rua-jardim-botanico-","Ludmilla (Village - Copa do Mundo)","2026-06-19","16:00","2026-06-19T16:00:00-03:00","a partir de 115 meia","false","Jockey Club - Rua Jardim Botânico, 1003 - Jardim Botânico","Jardim Botânico","Rio de Janeiro","RJ","http://www.lacumbuca.com/"
"lacumbuca-parmegianos-tempora-linha-chilena-2026-06-19-18-30-audio-rebel-rua-visconde-silv","Parmegianos / Tempora / Linha Chilena","2026-06-19","18:30","2026-06-19T18:30:00-03:00","25 antecipado","false","Audio Rebel - Rua Visconde Silva, 55 - Botafogo","Botafogo","Rio de Janeiro","RJ","http://www.lacumbuca.com/"
"lacumbuca-mauricio-einhorn-2026-06-19-20-00-casa-julieta-de-serpa-jclub-praia-do-flamengo-","Maurício Einhorn","2026-06-19","20:00","2026-06-19T20:00:00-03:00","60 meia","false","Casa Julieta de Serpa - JClub - Praia do Flamengo, 340 - Flamengo","Flamengo","Rio de Janeiro","RJ","http://www.lacumbuca.com/"
"lacumbuca-acao-direta-dischavizer-crust-krostah-uzomi-tear-2026-06-19-20-00-garage-grindho","Ação Direta / Dischavizer Crust / Krostah / Uzômi / Tear","2026-06-19","20:00","2026-06-19T20:00:00-03:00","20 antecipado, 30 na hora","false","Garage Grindhouse - Rua Ceará, 154 - Praça da Bandeira","Praça da Bandeira","Rio de Janeiro","RJ","http://www.lacumbuca.com/"
"lacumbuca-golearte-brasil-x-haiti-summer-eletro-bloco-africanoise-2026-06-19-20-00-circo-v","Golearte - Brasil x Haiti: Summer Eletro Bloco / Africanoise","2026-06-19","20:00","2026-06-19T20:00:00-03:00","grátis","true","Circo Voador - Lapa","Lapa","Rio de Janeiro","RJ","http://www.lacumbuca.com/"
"lacumbuca-sergio-krakowski-bernardo-ramos-participacao-reinaldo-boaventura-2026-06-19-20-0","Sergio Krakowski & Bernardo Ramos - Participação: Reinaldo Boaventura","2026-06-19","20:00","2026-06-19T20:00:00-03:00","35","false","Recipiente Porongo - Rua Pinheiro Guimarães, 34 - Botafogo","Botafogo","Rio de Janeiro","RJ","http://www.lacumbuca.com/"
"lacumbuca-matue-village-copa-do-mundo-2026-06-19-21-00-jockey-club-rua-jardim-botanico-100","Matuê (Village - Copa do Mundo)","2026-06-19","21:00","2026-06-19T21:00:00-03:00","a partir de 105 meia","false","Jockey Club - Rua Jardim Botânico, 1003 - Jardim Botânico","Jardim Botânico","Rio de Janeiro","RJ","http://www.lacumbuca.com/"
"lacumbuca-arraial-do-ccbb-raiz-do-sana-2026-06-20-13-00-ccbb-rua-primeiro-de-marco-66-cent","Arraial do CCBB: Raiz do Sana","2026-06-20","13:00","2026-06-20T13:00:00-03:00","grátis","true","CCBB - Rua Primeiro de Março, 66 - Centro","Centro","Rio de Janeiro","RJ","http://www.lacumbuca.com/"
"lacumbuca-festival-rio-refugia-2026-06-20-14-00-sesc-tijuca-r-barao-de-mesquita-539-tijuca","Festival Rio Refugia:","2026-06-20","14:00","2026-06-20T14:00:00-03:00","grátis","true","SESC Tijuca - R. Barão de Mesquita, 539 - Tijuca","Tijuca","Rio de Janeiro","RJ","http://www.lacumbuca.com/"
"lacumbuca-bumba-meu-boi-brilho-de-lucas-2026-06-20-16-00-pilotis-do-mam-av-infante-dom-hen","Bumba Meu Boi Brilho de Lucas","2026-06-20","16:00","2026-06-20T16:00:00-03:00","grátis","true","Pilotis do MAM - Av. Infante Dom Henrique, 85 - Parque do Flamengo","Parque do Flamengo","Rio de Janeiro","RJ","http://www.lacumbuca.com/"
"lacumbuca-rodrigo-coelho-marina-nemesio-joao-1958-2026-06-20-17-00-casa-museu-eva-klabin-a","Rodrigo Coelho & Marina Nemésio: ""João 1958""","2026-06-20","17:00","2026-06-20T17:00:00-03:00","","false","Casa Museu Eva Klabin - Avenida Epitácio Pessoa, 2480 - Lagoa","Lagoa","Rio de Janeiro","RJ","http://www.lacumbuca.com/"
"lacumbuca-mako-anne-amberget-2026-06-20-17-00-centro-de-referencia-da-musica-carioca-rua-c","Mako & Anne Amberget","2026-06-20","17:00","2026-06-20T17:00:00-03:00","30 meia","false","Centro de Referência da Música Carioca - Rua Conde de Bonfim, 824 - Tijuca","Tijuca","Rio de Janeiro","RJ","http://www.lacumbuca.com/"
"lacumbuca-trash-no-star-adaga-barbudos-malaios-2026-06-20-17-00-audio-rebel-rua-visconde-s","Trash No Star / Adaga / Barbudos Malaios","2026-06-20","17:00","2026-06-20T17:00:00-03:00","15 antecipado, 25 na hora","false","Audio Rebel - Rua Visconde Silva, 55 - Botafogo","Botafogo","Rio de Janeiro","RJ","http://www.lacumbuca.com/"
"lacumbuca-swell-geracao-021-melton-sello-vince-festival-geracao-mp3-good-vibes-2026-06-20-","Swell / Geração 021 / Melton Sello / Vince (Festival Geração MP3 + Good Vibes)","2026-06-20","18:00","2026-06-20T18:00:00-03:00","25 1º lote, 30 2º lote","false","Arena Gilberto Gil - Av. Marechal Fontenelle, 5000 - Realengo","Realengo","Rio de Janeiro","RJ","http://www.lacumbuca.com/"
"lacumbuca-retorika-30-dias-mal-me-quer-2026-06-20-18-00-bar-da-gentalha-rua-general-osorio","Retórika / 30 Dias / Mal Me Quer","2026-06-20","18:00","2026-06-20T18:00:00-03:00","15 1º lote, 20 2º lote, 25 3º lote","false","Bar da Gentalha - Rua General Osório, 11 - São Domingos - Niterói","Niterói","Rio de Janeiro","RJ","http://www.lacumbuca.com/"
"lacumbuca-manger-cadavre-ereboros-punhal-humanizer-2026-06-20-18-00-heavy-beer-bar-rua-cea","Manger Cadavre? / Ereboros / Punhal / Humanizer","2026-06-20","18:00","2026-06-20T18:00:00-03:00","40 antecipado","false","Heavy Beer Bar - Rua Ceará, 104 - Praça da Bandeira","Praça da Bandeira","Rio de Janeiro","RJ","http://www.lacumbuca.com/"
"lacumbuca-ladrao-ridja-mandacaru-flavio-inmars-2026-06-20-19-00-nosso-quintal-cultural-rua","Ladrão / Ridja / Mandacaru / Flávio Inmars","2026-06-20","19:00","2026-06-20T19:00:00-03:00","21","false","Nosso Quintal Cultural - Rua Sacramento Blake, 487 - Centro - Campo Grande","Campo Grande","Rio de Janeiro","RJ","http://www.lacumbuca.com/"
"lacumbuca-cumbieros-da-guanabara-2026-06-20-19-00-glorioso-cultural-rua-do-catete-95-catet","Cumbieros da Guanabara","2026-06-20","19:00","2026-06-20T19:00:00-03:00","20 promocional, 30 1º lote, 35 2º lote","false","Glorioso Cultural - Rua do Catete, 95 - Catete","Catete","Rio de Janeiro","RJ","http://www.lacumbuca.com/"
"lacumbuca-moyseis-marques-2026-06-20-19-30-teatro-rival-rua-alvaro-alvim-33-cinelandia","Moyseis Marques","2026-06-20","19:30","2026-06-20T19:30:00-03:00","70 meia setor A, 60 meia setor B","false","Teatro Rival - Rua Álvaro Alvim, 33 - Cinelândia","Cinelândia","Rio de Janeiro","RJ","http://www.lacumbuca.com/"
"lacumbuca-esdras-bedai-2026-06-20-20-00-dolores-club-rua-do-lavradio-10-centro","Esdras Bedai","2026-06-20","20:00","2026-06-20T20:00:00-03:00","30 meia","false","Dolores Club - Rua do Lavradio, 10 - Centro","Centro","Rio de Janeiro","RJ","http://www.lacumbuca.com/"
"lacumbuca-wagner-tiso-2026-06-20-20-00-blue-note-rio-avenida-atlantica-1910-copacabana","Wagner Tiso","2026-06-20","20:00","2026-06-20T20:00:00-03:00","a partir de 60 meia","false","Blue Note Rio - Avenida Atlântica, 1910 - Copacabana","Copacabana","Rio de Janeiro","RJ","http://www.lacumbuca.com/"
"lacumbuca-bnegao-bota-som-cumbia-combo-fuego-mintcho-garrammone-afroribeirinhos-letto-medo","BNegão Bota Som / Cumbia Combo Fuego (Mintcho Garrammone, Afroribeirinhos, Letto) (Medo & Delírio - A Festa)","2026-06-20","20:00","2026-06-20T20:00:00-03:00","70 meia 1º lote","false","Circo Voador - Lapa","Lapa","Rio de Janeiro","RJ","http://www.lacumbuca.com/"
"lacumbuca-lenine-2026-06-20-21-00-vivo-rio-av-infante-dom-henrique-85-parque-do-flamengo","Lenine","2026-06-20","21:00","2026-06-20T21:00:00-03:00","a partir de 80 meia","false","Vivo Rio - Av. Infante Dom Henrique, 85 - Parque do Flamengo","Parque do Flamengo","Rio de Janeiro","RJ","http://www.lacumbuca.com/"
"lacumbuca-wagner-tiso-2026-06-20-22-30-blue-note-rio-avenida-atlantica-1910-copacabana","Wagner Tiso","2026-06-20","22:30","2026-06-20T22:30:00-03:00","a partir de 60 meia","false","Blue Note Rio - Avenida Atlântica, 1910 - Copacabana","Copacabana","Rio de Janeiro","RJ","http://www.lacumbuca.com/"
"lacumbuca-arraial-do-ccbb-moyseis-marques-2026-06-21-13-00-ccbb-rua-primeiro-de-marco-66-c","Arraial do CCBB: Moyseis Marques","2026-06-21","13:00","2026-06-21T13:00:00-03:00","grátis","true","CCBB - Rua Primeiro de Março, 66 - Centro","Centro","Rio de Janeiro","RJ","http://www.lacumbuca.com/"
"lacumbuca-pink-punk-party-2026-06-21-14-00-taverna-do-troll-rua-renan-souza-silva-32-bom-p","Pink Punk Party:","2026-06-21","14:00","2026-06-21T14:00:00-03:00","10 1º lote, 15 2º lote","false","Taverna do Troll - Rua Renan Souza Silva, 32 - Bom Pastor - Belford Roxo","Belford Roxo","Rio de Janeiro","RJ","http://www.lacumbuca.com/"
"lacumbuca-festival-rio-refugia-2026-06-21-14-00-sesc-tijuca-r-barao-de-mesquita-539-tijuca","Festival Rio Refugia:","2026-06-21","14:00","2026-06-21T14:00:00-03:00","grátis","true","SESC Tijuca - R. Barão de Mesquita, 539 - Tijuca","Tijuca","Rio de Janeiro","RJ","http://www.lacumbuca.com/"
"lacumbuca-terreiro-de-crioulo-2026-06-21-15-00-sesc-madureira-rua-ewbank-da-camara-90-madu","Terreiro de Crioulo","2026-06-21","15:00","2026-06-21T15:00:00-03:00","grátis","true","SESC Madureira - Rua Ewbank da Câmara, 90 - Madureira","Madureira","Rio de Janeiro","RJ","http://www.lacumbuca.com/"
"lacumbuca-museu-nacional-208-anos-tocaia-2026-06-21-16-00-quinta-da-boa-vista-sao-cristova","Museu Nacional - 208 Anos: Tocaia","2026-06-21","16:00","2026-06-21T16:00:00-03:00","grátis","true","Quinta da Boa Vista - São Cristóvão","São Cristóvão","Rio de Janeiro","RJ","http://www.lacumbuca.com/"
"lacumbuca-risca-faca-a-trama-peyote-cao-noturno-old-is-cool-modezzo-tacy-brenda-dib-louhma","Risca Faca / A Trama / Peyote / Cão Noturno / Old is Cool / Modezzo / Tacy / Brenda Dib / Louhma","2026-06-21","16:00","2026-06-21T16:00:00-03:00","35 2º lote","false","Rock Experience Club - Rua do Riachuelo, 20 - Lapa","Lapa","Rio de Janeiro","RJ","http://www.lacumbuca.com/"
"lacumbuca-bayside-kings-austera-fardo-a-dor-da-verdade-2026-06-21-17-00-heavy-beer-bar-rua","Bayside Kings / Austera / Färdo / A Dor da Verdade","2026-06-21","17:00","2026-06-21T17:00:00-03:00","40 antecipado","false","Heavy Beer Bar - Rua Ceará, 104 - Praça da Bandeira","Praça da Bandeira","Rio de Janeiro","RJ","http://www.lacumbuca.com/"
"lacumbuca-guto-pinaud-2026-06-21-19-00-blue-note-rio-avenida-atlantica-1910-copacabana","Guto Pinaud","2026-06-21","19:00","2026-06-21T19:00:00-03:00","a partir de 60 meia","false","Blue Note Rio - Avenida Atlântica, 1910 - Copacabana","Copacabana","Rio de Janeiro","RJ","http://www.lacumbuca.com/"
"lacumbuca-kleiton-kledir-2026-06-23-20-00-teatro-ipanema-rua-prudente-de-morais-824-ipanem","Kleiton & Kledir","2026-06-23","20:00","2026-06-23T20:00:00-03:00","50 meia","false","Teatro Ipanema - Rua Prudente de Morais, 824 - Ipanema","Ipanema","Rio de Janeiro","RJ","http://www.lacumbuca.com/"
"lacumbuca-eucanaa-ferraz-domenico-lancellotti-2026-06-23-20-00-manouche-jockey-club-rua-ja","Eucanaã Ferraz & Domenico Lancellotti","2026-06-23","20:00","2026-06-23T20:00:00-03:00","70 meia","false","Manouche - Jockey Club - Rua Jardim Botânico, 983 - Jardim Botânico","Jardim Botânico","Rio de Janeiro","RJ","http://www.lacumbuca.com/"
"lacumbuca-golearte-brasil-x-escocia-bloco-afro-obirin-dayo-dj-bieta-2026-06-24-18-00-circo","Golearte - Brasil x Escócia: Bloco Afro Obìrin Dayo / DJ Bieta","2026-06-24","18:00","2026-06-24T18:00:00-03:00","grátis","true","Circo Voador - Lapa","Lapa","Rio de Janeiro","RJ","http://www.lacumbuca.com/"
"lacumbuca-sonja-2026-06-25-19-00-dolores-club-rua-do-lavradio-10-centro","Sonja","2026-06-25","19:00","2026-06-25T19:00:00-03:00","30 meia","false","Dolores Club - Rua do Lavradio, 10 - Centro","Centro","Rio de Janeiro","RJ","http://www.lacumbuca.com/"
"lacumbuca-jovino-santos-neto-trio-2026-06-25-20-00-blue-note-rio-avenida-atlantica-1910-co","Jovino Santos Neto Trio","2026-06-25","20:00","2026-06-25T20:00:00-03:00","a partir de 60 meia","false","Blue Note Rio - Avenida Atlântica, 1910 - Copacabana","Copacabana","Rio de Janeiro","RJ","http://www.lacumbuca.com/"
"lacumbuca-maira-simone-mazzer-veronica-bonfim-guilherme-borges-2026-06-25-21-00-manouche-j","Maíra & Simone Mazzer & Verônica Bonfim & Guilherme Borges","2026-06-25","21:00","2026-06-25T21:00:00-03:00","70 meia","false","Manouche - Jockey Club - Rua Jardim Botânico, 983 - Jardim Botânico","Jardim Botânico","Rio de Janeiro","RJ","http://www.lacumbuca.com/"
"lacumbuca-assucena-joao-camarero-quintas-no-bndes-2026-06-26-19-00-bndes-av-republica-do-c","Assucena & João Camarero (Quintas no BNDES)","2026-06-26","19:00","2026-06-26T19:00:00-03:00","grátis","true","BNDES - Av. República do Chile, 100 - Centro","Centro","Rio de Janeiro","RJ","http://www.lacumbuca.com/"
"lacumbuca-duo-siqueira-lima-sextas-instrumentais-2026-06-26-19-00-bndes-av-republica-do-ch","Duo Siqueira Lima (Sextas Instrumentais)","2026-06-26","19:00","2026-06-26T19:00:00-03:00","grátis","true","BNDES - Av. República do Chile, 100 - Centro","Centro","Rio de Janeiro","RJ","http://www.lacumbuca.com/"
"lacumbuca-douglas-bastos-2026-06-26-19-00-teatro-ruth-de-souza-parque-das-ruinas-rua-murti","Douglas Bastos","2026-06-26","19:00","2026-06-26T19:00:00-03:00","15 meia","false","Teatro Ruth de Souza - Parque das Ruínas - Rua Murtinho Nobre, 169 - Santa Teresa","Santa Teresa","Rio de Janeiro","RJ","http://www.lacumbuca.com/"
"lacumbuca-fitti-2026-06-26-19-30-teatro-rival-rua-alvaro-alvim-33-cinelandia","Fitti","2026-06-26","19:30","2026-06-26T19:30:00-03:00","60 meia setor A, 50 meia setor B","false","Teatro Rival - Rua Álvaro Alvim, 33 - Cinelândia","Cinelândia","Rio de Janeiro","RJ","http://www.lacumbuca.com/"
"lacumbuca-dalto-2026-06-26-20-00-sesi-jacarepagua-avenida-geremario-dantas-940-freguesia-j","Dalto","2026-06-26","20:00","2026-06-26T20:00:00-03:00","20 meia","false","SESI Jacarepaguá - Avenida Geremário Dantas, 940 - Freguesia - Jacarepaguá","Jacarepaguá","Rio de Janeiro","RJ","http://www.lacumbuca.com/"
"lacumbuca-teto-wiu-fp-do-trem-bala-village-copa-do-mundo-2026-06-26-20-00-jockey-club-rua-","Teto / Wiu / FP do Trem Bala (Village - Copa do Mundo)","2026-06-26","20:00","2026-06-26T20:00:00-03:00","a partir de 100 meia","false","Jockey Club - Rua Jardim Botânico, 1003 - Jardim Botânico","Jardim Botânico","Rio de Janeiro","RJ","http://www.lacumbuca.com/"
"lacumbuca-baia-dread-lion-dj-marcelinho-da-lua-2026-06-26-20-00-circo-voador-lapa","Baia / Dread Lion / DJ Marcelinho da Lua","2026-06-26","20:00","2026-06-26T20:00:00-03:00","80 meia 1º lote","false","Circo Voador - Lapa","Lapa","Rio de Janeiro","RJ","http://www.lacumbuca.com/"
"lacumbuca-jimmy-rats-2026-06-26-20-00-heavy-beer-bar-rua-ceara-104-praca-da-bandeira","Jimmy & Rats","2026-06-26","20:00","2026-06-26T20:00:00-03:00","50 3º lote","false","Heavy Beer Bar - Rua Ceará, 104 - Praça da Bandeira","Praça da Bandeira","Rio de Janeiro","RJ","http://www.lacumbuca.com/"
"lacumbuca-sergio-krakowski-bernardo-ramos-participacao-bruno-aguilar-2026-06-26-20-00-reci","Sergio Krakowski & Bernardo Ramos - Participação: Bruno Aguilar","2026-06-26","20:00","2026-06-26T20:00:00-03:00","35","false","Recipiente Porongo - Rua Pinheiro Guimarães, 34 - Botafogo","Botafogo","Rio de Janeiro","RJ","http://www.lacumbuca.com/"
"lacumbuca-texuga-kidsgrace-2026-06-26-20-00-audio-rebel-rua-visconde-silva-55-botafogo","Texuga / Kidsgrace","2026-06-26","20:00","2026-06-26T20:00:00-03:00","25 antecipado, 35 na hora","false","Audio Rebel - Rua Visconde Silva, 55 - Botafogo","Botafogo","Rio de Janeiro","RJ","http://www.lacumbuca.com/"
"lacumbuca-marisa-monte-village-copa-do-mundo-2026-06-27-12-00-jockey-club-rua-jardim-botan","Marisa Monte (Village - Copa do Mundo)","2026-06-27","12:00","2026-06-27T12:00:00-03:00","a partir de 350 meia","false","Jockey Club - Rua Jardim Botânico, 1003 - Jardim Botânico","Jardim Botânico","Rio de Janeiro","RJ","http://www.lacumbuca.com/"
"lacumbuca-arraial-da-portela-2026-06-27-14-00-quadra-da-portela-rua-clara-nunes-81-oswaldo","Arraial da Portela","2026-06-27","14:00","2026-06-27T14:00:00-03:00","","false","Quadra da Portela - Rua Clara Nunes, 81 - Oswaldo Cruz","Oswaldo Cruz","Rio de Janeiro","RJ","http://www.lacumbuca.com/"
"lacumbuca-ogan-contracorrente-recuse-resista-klitoria-festival-peixoto-pro-rock-2026-06-27","Ogan / Contracorrente / Recuse Resista / Klitória (Festival Peixoto Pro Rock)","2026-06-27","16:00","2026-06-27T16:00:00-03:00","grátis","true","Centro Cultural Cauby Peixoto - Alameda São Boaventura, 263 - Fonseca - Niterói","Niterói","Rio de Janeiro","RJ","http://www.lacumbuca.com/"
"lacumbuca-grupo-mulher-forrozeira-2026-06-27-16-00-sesc-sao-joao-de-meriti-av-automovel-cl","Grupo Mulher Forrozeira","2026-06-27","16:00","2026-06-27T16:00:00-03:00","5 meia","false","SESC São João de Meriti - Av. Automóvel Clube, 66 - Centro - São João de Meriti","São João de Meriti","Rio de Janeiro","RJ","http://www.lacumbuca.com/"
"lacumbuca-sementes-de-maraca-2026-06-27-16-00-sesc-tijuca-r-barao-de-mesquita-539-tijuca","Sementes de Maracá","2026-06-27","16:00","2026-06-27T16:00:00-03:00","7,50 meia","false","SESC Tijuca - R. Barão de Mesquita, 539 - Tijuca","Tijuca","Rio de Janeiro","RJ","http://www.lacumbuca.com/"
"lacumbuca-marcos-sacramento-convidados-2026-06-27-17-00-pira-olimpica-candelaria-centro","Marcos Sacramento & Convidados","2026-06-27","17:00","2026-06-27T17:00:00-03:00","grátis","true","Pira Olímpica - Candelária - Centro","Centro","Rio de Janeiro","RJ","http://www.lacumbuca.com/"
"lacumbuca-bumba-meu-boi-brilho-de-lucas-tambores-de-iguassu-boidaqui-cavalo-marinho-cia-ma","Bumba Meu Boi Brilho de Lucas: Tambores de Iguassú / Boidaqui Cavalo Marinho / Cia Mariocas / Baque Mulher / Coletivo Matuba","2026-06-27","19:00","2026-06-27T19:00:00-03:00","grátis","true","Espaço Cultural Brilho de Lucas - Rua Joaquim Rodrigues, 169 - Parada de Lucas","Parada de Lucas","Rio de Janeiro","RJ","http://www.lacumbuca.com/"
"lacumbuca-black-tears-of-the-fallen-angelique-scarlet-horizon-pagan-throne-dark-hills-meta","Black Tears of The Fallen / Angelique / Scarlet Horizon / Pagan Throne (Dark Hills Metal Fest)","2026-06-27","19:00","2026-06-27T19:00:00-03:00","18 antecipado","false","Garage Grindhouse - Rua Ceará, 154 - Praça da Bandeira","Praça da Bandeira","Rio de Janeiro","RJ","http://www.lacumbuca.com/"
"lacumbuca-luna-di-2026-06-27-19-00-teatro-cesgranrio-rua-santa-alexandrina-1011-rio-compri","Luna Di","2026-06-27","19:00","2026-06-27T19:00:00-03:00","40 meia","false","Teatro Cesgranrio - Rua Santa Alexandrina, 1011 - Rio Comprido","Rio Comprido","Rio de Janeiro","RJ","http://www.lacumbuca.com/"
"lacumbuca-arthur-ramos-2026-06-27-19-30-audio-rebel-rua-visconde-silva-55-botafogo","Arthur Ramos","2026-06-27","19:30","2026-06-27T19:30:00-03:00","25 antecipado","false","Audio Rebel - Rua Visconde Silva, 55 - Botafogo","Botafogo","Rio de Janeiro","RJ","http://www.lacumbuca.com/"
"lacumbuca-phil-zaq-2026-06-27-19-30-teatro-rival-rua-alvaro-alvim-33-cinelandia","Phil Zaq","2026-06-27","19:30","2026-06-27T19:30:00-03:00","70 meia setor A, 60 meia setor B","false","Teatro Rival - Rua Álvaro Alvim, 33 - Cinelândia","Cinelândia","Rio de Janeiro","RJ","http://www.lacumbuca.com/"
"lacumbuca-rachel-reis-edson-gomes-att-xxa-cica-djs-festival-afropunk-2026-06-27-20-00-terr","Rachel Reis / Edson Gomes / ÀTTØØXXÁ / Ciça / DJs (Festival AfroPunk)","2026-06-27","20:00","2026-06-27T20:00:00-03:00","","false","Terreirão do Samba - Rua Benedito Hipólito, 66 - Praça Onze","Praça Onze","Rio de Janeiro","RJ","http://www.lacumbuca.com/"
"lacumbuca-otto-condom-black-25-anos-mundo-livre-s-a-2026-06-27-20-00-circo-voador-lapa","Otto: ""Condom Black"" - 25 Anos / Mundo Livre S/A","2026-06-27","20:00","2026-06-27T20:00:00-03:00","70 meia 1º lote","false","Circo Voador - Lapa","Lapa","Rio de Janeiro","RJ","http://www.lacumbuca.com/"
"lacumbuca-roberto-menescal-gilson-peranzzetta-2026-06-27-20-00-blue-note-rio-avenida-atlan","Roberto Menescal & Gilson Peranzzetta","2026-06-27","20:00","2026-06-27T20:00:00-03:00","a partir de 60 meia","false","Blue Note Rio - Avenida Atlântica, 1910 - Copacabana","Copacabana","Rio de Janeiro","RJ","http://www.lacumbuca.com/"
"lacumbuca-mari-mello-baile-mariroots-so-pedrada-2026-06-27-20-00-fundicao-progresso-lapa","Mari Mello: Baile MariRoots, só PEDRADA!","2026-06-27","20:00","2026-06-27T20:00:00-03:00","30 meia 1º lote","false","Fundição Progresso - Lapa","Lapa","Rio de Janeiro","RJ","http://www.lacumbuca.com/"
"lacumbuca-marina-sena-village-copa-do-mundo-2026-06-27-21-00-jockey-club-rua-jardim-botani","Marina Sena (Village - Copa do Mundo)","2026-06-27","21:00","2026-06-27T21:00:00-03:00","a partir de 110 meia","false","Jockey Club - Rua Jardim Botânico, 1003 - Jardim Botânico","Jardim Botânico","Rio de Janeiro","RJ","http://www.lacumbuca.com/"
"lacumbuca-rodrigo-maranhao-2026-06-27-21-00-manouche-jockey-club-rua-jardim-botanico-983-j","Rodrigo Maranhão","2026-06-27","21:00","2026-06-27T21:00:00-03:00","80 meia","false","Manouche - Jockey Club - Rua Jardim Botânico, 983 - Jardim Botânico","Jardim Botânico","Rio de Janeiro","RJ","http://www.lacumbuca.com/"
"lacumbuca-jefferson-goncalves-bittencourt-duo-2026-06-27-22-30-blue-note-rio-avenida-atlan","Jefferson Gonçalves & Bittencourt Duo","2026-06-27","22:30","2026-06-27T22:30:00-03:00","a partir de 60 meia","false","Blue Note Rio - Avenida Atlântica, 1910 - Copacabana","Copacabana","Rio de Janeiro","RJ","http://www.lacumbuca.com/"
"lacumbuca-caminhada-raulseixista-cortejo-em-direcao-a-praca-xv-2026-06-28-13-00-beco-belas","Caminhada Raulseixista (cortejo em direção à Praça XV)","2026-06-28","13:00","2026-06-28T13:00:00-03:00","grátis","true","Beco Belas Artes - Rua Imperatriz Leopoldina - Praça Tiradentes","Praça Tiradentes","Rio de Janeiro","RJ","http://www.lacumbuca.com/"
"lacumbuca-los-mendes-diva-undergoth-hard-point-morzis-festival-peixoto-pro-rock-2026-06-28","Los Mendes / Diva Undergoth / Hard Point / Morzis (Festival Peixoto Pro Rock)","2026-06-28","16:00","2026-06-28T16:00:00-03:00","grátis","true","Centro Cultural Cauby Peixoto - Alameda São Boaventura, 263 - Fonseca - Niterói","Niterói","Rio de Janeiro","RJ","http://www.lacumbuca.com/"
"lacumbuca-loneshore-siriun-austera-the-lotus-throne-2026-06-28-17-00-audio-rebel-rua-visco","Loneshore / Siriun / Austera / The Lotus Throne","2026-06-28","17:00","2026-06-28T17:00:00-03:00","25 1º lote, 35 2º lote, 40 3º lote","false","Audio Rebel - Rua Visconde Silva, 55 - Botafogo","Botafogo","Rio de Janeiro","RJ","http://www.lacumbuca.com/"
"lacumbuca-punkeando-raul-tributados-cachorro-urbano-cowboys-fora-da-lei-velho-oliveira-mar","Punkeando Raul / Tributados / Cachorro Urbano / Cowboys Fora da Lei / Velho Oliveira / Mário Mamed","2026-06-28","18:00","2026-06-28T18:00:00-03:00","grátis","true","Hops Rio - Travessa do Comércio, 20 - Praça XV - Centro","Centro","Rio de Janeiro","RJ","http://www.lacumbuca.com/"
"lacumbuca-belliza-luar-2026-06-30-19-00-sesc-tijuca-r-barao-de-mesquita-539-tijuca","Belliza Luar","2026-06-30","19:00","2026-06-30T19:00:00-03:00","7,50 meia","false","SESC Tijuca - R. Barão de Mesquita, 539 - Tijuca","Tijuca","Rio de Janeiro","RJ","http://www.lacumbuca.com/"
"lacumbuca-bernardo-lobo-participacao-edu-lobo-ze-renato-2026-06-30-20-00-teatro-ipanema-ru","Bernardo Lobo - Participação: Edu Lobo & Zé Renato","2026-06-30","20:00","2026-06-30T20:00:00-03:00","50 meia","false","Teatro Ipanema - Rua Prudente de Morais, 824 - Ipanema","Ipanema","Rio de Janeiro","RJ","http://www.lacumbuca.com/"
"lacumbuca-tom-ribeira-2026-06-30-20-00-manouche-jockey-club-rua-jardim-botanico-983-jardim","Tom Ribeira","2026-06-30","20:00","2026-06-30T20:00:00-03:00","60 meia","false","Manouche - Jockey Club - Rua Jardim Botânico, 983 - Jardim Botânico","Jardim Botânico","Rio de Janeiro","RJ","http://www.lacumbuca.com/"
